state,effective_date,company_name,line_of_business,sub_type_of_insurance,overall_indicated_change,overall_rate_impact,written_premium_change,policyholders_affected,written_premium_for_program,maximum_percent_change,minimum_percent_change,rate_activity,serff_tracking_number,disposition_status,filing_date,source_pdf,validation_tier,source,external_validation,match_strength
ID,01/22/2024,Allstate Vehicle and Property Insurance Company,04.0 Homeowners,04.0003 Owner Occupied Homeowners,24.300%,15.000%,6157866,33018,41052441,36.900%,5.600%,rate_change,ALSE-133920243,FILED,2023-12-12,output/pdfs/ID/133920243/filing_summary.pdf,pipeline_only,extension,pipeline_extracted,
ID,01/22/2024,Allstate Insurance Company,04.0 Homeowners,04.0003 Owner Occupied Homeowners,21.200%,15.000%,582175,3174,3881165,19.500%,9.200%,rate_change,ALSE-133922065,FILED,2023-12-13,output/pdfs/ID/133922065/filing_summary.pdf,pipeline_only,extension,pipeline_extracted,
ID,01/22/2024,Allstate Indemnity Company,04.0 Homeowners,04.0003 Owner Occupied Homeowners,15.700%,15.000%,503530,2259,3356864,18.700%,11.200%,rate_change,ALSE-133923427,FILED,2023-12-14,output/pdfs/ID/133923427/filing_summary.pdf,pipeline_only,extension,pipeline_extracted,
ID,01/22/2024,Allstate Property and Casualty Insurance Company,04.0 Homeowners,04.0003 Owner Occupied Homeowners,17.400%,15.000%,849881,3651,5665875,15.700%,9.400%,rate_change,ALSE-133924608,FILED,2023-12-15,output/pdfs/ID/133924608/filing_summary.pdf,pipeline_only,extension,pipeline_extracted,
ID,07/15/2024,Allstate Fire and Casualty Insurance Company,19.0 Personal Auto,19.0001 Private Passenger Auto (PPA),0.000%,0.000%,0,0,89372468,0.000%,0.000%,rate_change,ALSE-134145361,FILED,2024-06-21,output/pdfs/ID/134145361/filing_summary.pdf,pipeline_only,extension,pipeline_extracted,
ID,08/05/2024,Allstate Indemnity Company,19.0 Personal Auto,19.0001 Private Passenger Auto (PPA),24.500%,15.000%,628001,2835,4186673,38.900%,0.000%,rate_change,ALSE-134163422,FILED,2024-06-28,output/pdfs/ID/134163422/filing_summary.pdf,pipeline_only,extension,pipeline_extracted,
ID,08/05/2024,Allstate Fire and Casualty Insurance Company,19.0 Personal Auto,19.0001 Private Passenger Auto (PPA),1.900%,1.900%,2061561,55632,108503188,6.200%,0.000%,rate_change,ALSE-134168088,FILED,2024-07-02,output/pdfs/ID/134168088/filing_summary.pdf,pipeline_only,extension,pipeline_extracted,
ID,10/07/2024,Allstate Insurance Company,19.0 Personal Auto,19.0001 Private Passenger Auto (PPA),0.000%,0.000%,0,0,3399134,0.000%,0.000%,rate_change,ALSE-134230449,FILED,2024-08-28,output/pdfs/ID/134230449/filing_summary.pdf,pipeline_only,extension,pipeline_extracted,
ID,10/07/2024,Allstate Property and Casualty Insurance Company,19.0 Personal Auto,19.0001 Private Passenger Auto (PPA),0.000%,0.000%,0,0,1913742,0.000%,0.000%,rate_change,ALSE-134230449,FILED,2024-08-28,output/pdfs/ID/134230449/filing_summary.pdf,pipeline_only,extension,pipeline_extracted,
ID,10/07/2024,Allstate Indemnity Company,19.0 Personal Auto,19.0001 Private Passenger Auto (PPA),0.000%,0.000%,0,0,4249882,0.000%,0.000%,rate_change,ALSE-134230449,FILED,2024-08-28,output/pdfs/ID/134230449/filing_summary.pdf,pipeline_only,extension,pipeline_extracted,
ID,11/25/2024,Allstate Indemnity Company,04.0 Homeowners,04.0002 Mobile Homeowners,6.400%,6.400%,111365,2043,1742286,7.400%,1.800%,rate_change,ALSE-134296907,FILED,2024-10-25,output/pdfs/ID/134296907/filing_summary.pdf,pipeline_only,extension,pipeline_extracted,
ID,11/25/2024,Allstate Insurance Company,04.0 Homeowners,04.0000 Homeowners Sub-TOI Combinations,49.000%,15.000%,69253,859,462312,31.200%,0.000%,rate_change,ALSE-134297132,FILED,2024-10-25,output/pdfs/ID/134297132/filing_summary.pdf,pipeline_only,extension,pipeline_extracted,
ID,12/09/2024,Allstate North American Insurance Company,19.0 Personal Auto,19.0001 Private Passenger Auto (PPA),,-9.100%,-13487,156,148204,-5.200%,-10.600%,rate_change,ALSE-134311611,FILED,2024-11-07,output/pdfs/ID/134311611/filing_summary.pdf,pipeline_only,extension,pipeline_extracted,
ID,01/20/2025,Allstate Insurance Company,04.0 Homeowners,04.0003 Owner Occupied Homeowners,15.800%,15.000%,608726,2878,4058170,18.600%,9.900%,rate_change,ALSE-134353685,FILED,2024-12-16,output/pdfs/ID/134353685/filing_summary.pdf,pipeline_only,original,pipeline_extracted,
ID,01/20/2025,Allstate Property and Casualty Insurance Company,04.0 Homeowners,04.0003 Owner Occupied Homeowners,3.800%,3.800%,223598,3250,5884151,4.800%,2.600%,rate_change,ALSE-134355084,FILED,2024-12-17,output/pdfs/ID/134355084/filing_summary.pdf,pipeline_only,original,pipeline_extracted,
ID,01/20/2025,Allstate Vehicle and Property Insurance Company,04.0 Homeowners,04.0003 Owner Occupied Homeowners,16.200%,15.000%,7487529,36065,49916861,39.100%,2.200%,rate_change,ALSE-134355105,FILED,2024-12-17,output/pdfs/ID/134355105/filing_summary.pdf,pipeline_only,original,pipeline_extracted,
ID,01/20/2025,Allstate Indemnity Company,04.0 Homeowners,04.0003 Owner Occupied Homeowners,6.100%,6.100%,210679,2038,3453760,6.300%,4.000%,rate_change,ALSE-134358345,FILED,2024-12-19,output/pdfs/ID/134358345/filing_summary.pdf,pipeline_only,original,pipeline_extracted,
ID,03/03/2025,Allstate Fire and Casualty Insurance Company,19.0 Personal Auto,19.0001 Private Passenger Auto (PPA),0.700%,0.700%,791260,58213,113037198,2.300%,0.000%,rate_change,ALSE-134400261,FILED,2025-01-31,output/pdfs/ID/134400261/filing_summary.pdf,pipeline_only,original,pipeline_extracted,
ID,07/08/2025,Allstate North American Insurance Company,19.0 Personal Auto,19.0001 Private Passenger Auto (PPA),,1.000%,1380,158,138001,13.500%,-1.300%,rate_change,ALSE-134447963,FILED,2025-03-05,output/pdfs/ID/134447963/filing_summary.pdf,pipeline_only,original,pipeline_extracted,
ID,05/19/2025,Allstate Fire and Casualty Insurance Company,19.0 Personal Auto,19.0001 Private Passenger Auto (PPA),0.000%,0.000%,0,0,103975400,0.000%,0.000%,rate_change,ALSE-134490732,FILED,2025-04-29,output/pdfs/ID/134490732/filing_summary.pdf,pipeline_only,original,pipeline_extracted,
ID,06/23/2025,Allstate Fire and Casualty Insurance Company,19.0 Personal Auto,19.0004 Other,6.000%,6.000%,141982,8410,2375260,7.400%,0.000%,rate_change,ALSE-134545039,FILED,2025-05-23,output/pdfs/ID/134545039/filing_summary.pdf,pipeline_only,original,pipeline_extracted,
ID,09/23/2025,Allstate North American Insurance Company,19.0 Personal Auto,19.0001 Private Passenger Auto (PPA),,-3.900%,-255942,6146,6562626,5.000%,-27.800%,rate_change,ALSE-134644319,FILED,2025-08-19,output/pdfs/ID/134644319/filing_summary.pdf,pipeline_only,original,pipeline_extracted,
ID,09/29/2025,Allstate Insurance Company,19.0 Personal Auto,19.0001 Private Passenger Auto (PPA),0.000%,0.000%,0,0,3212622,0.000%,0.000%,rate_change,ALSE-134645740,FILED,2025-08-20,output/pdfs/ID/134645740/filing_summary.pdf,pipeline_only,original,pipeline_extracted,
ID,09/29/2025,Allstate Property and Casualty Insurance Company,19.0 Personal Auto,19.0001 Private Passenger Auto (PPA),0.000%,0.000%,0,0,1835614,0.000%,0.000%,rate_change,ALSE-134645740,FILED,2025-08-20,output/pdfs/ID/134645740/filing_summary.pdf,pipeline_only,original,pipeline_extracted,
ID,09/29/2025,Allstate Indemnity Company,19.0 Personal Auto,19.0001 Private Passenger Auto (PPA),0.000%,0.000%,0,0,4376605,0.000%,0.000%,rate_change,ALSE-134645740,FILED,2025-08-20,output/pdfs/ID/134645740/filing_summary.pdf,pipeline_only,original,pipeline_extracted,
ID,01/12/2026,Allstate Insurance Company,04.0 Homeowners,04.0001 Condominium Homeowners,56.200%,25.000%,130466,833,521588,40.200%,4.300%,rate_change,ALSE-134724096,FILED,2025-10-31,output/pdfs/ID/134724096/filing_summary.pdf,pipeline_only,original,pipeline_extracted,
ID,01/12/2026,Allstate Indemnity Company,04.0 Homeowners,04.0002 Mobile Homeowners,9.100%,9.100%,205072,2371,2253383,10.700%,2.700%,rate_change,ALSE-134737223,FILED,2025-11-12,output/pdfs/ID/134737223/filing_summary.pdf,pipeline_only,original,pipeline_extracted,
ID,03/02/2026,Allstate Vehicle and Property Insurance Company,04.0 Homeowners,04.0003 Owner Occupied Homeowners,15.000%,7.000%,4607862,38731,65826601,350.000%,-59.000%,rate_change_withdrawn,ALSE-134780087,WITHDRAWN,2025-12-19,output/pdfs/ID/134780087/filing_summary.pdf,pipeline_only,original,pipeline_extracted,
ID,03/02/2026,Allstate Property and Casualty Insurance Company,04.0 Homeowners,04.0003 Owner Occupied Homeowners,12.500%,7.000%,396804,3121,5668628,312.400%,-12.800%,rate_change_withdrawn,ALSE-134810468,WITHDRAWN,2026-01-22,output/pdfs/ID/134810468/filing_summary.pdf,pipeline_only,original,pipeline_extracted,
ID,03/02/2026,Allstate Insurance Company,04.0 Homeowners,04.0003 Owner Occupied Homeowners,14.600%,7.000%,284293,2758,4061334,10.900%,3.600%,rate_change_withdrawn,ALSE-134813879,WITHDRAWN,2026-01-27,output/pdfs/ID/134813879/filing_summary.pdf,pipeline_only,original,pipeline_extracted,
ID,03/02/2026,Allstate Indemnity Company,04.0 Homeowners,04.0003 Owner Occupied Homeowners,13.800%,7.000%,223100,1959,3187140,117.200%,-3.800%,rate_change_withdrawn,ALSE-134817781,WITHDRAWN,2026-01-29,output/pdfs/ID/134817781/filing_summary.pdf,pipeline_only,original,pipeline_extracted,
ID,04/14/2026,Allstate North American Insurance Company,04.0 Homeowners,04.0003 Owner Occupied Homeowners,0.000%,-12.100%,,,,,,rate_change,ALSE-134865728,FILED,2026-03-04,output/pdfs/ID/134865728/filing_summary.pdf,pipeline_only,original,pipeline_extracted,
ID,01/28/2024,Encompass Indemnity Company,19.0 Personal Auto,19.0001 Private Passenger Auto (PPA),12.000%,12.000%,394269,1963,3285574,13.900%,6.200%,rate_change,ALSE-133933153,FILED,2023-12-22,output/pdfs/ID/133933153/filing_summary.pdf,pipeline_only,extension,pipeline_extracted,
ID,04/14/2024,Encompass Indemnity Company,04.0 Homeowners,04.0003 Owner Occupied Homeowners,31.100%,31.100%,686363,2385,2206954,35.400%,16.900%,rate_change,ALSE-134023631,FILED,2024-03-07,output/pdfs/ID/134023631/filing_summary.pdf,pipeline_only,extension,pipeline_extracted,
ID,08/19/2024,Encompass Indemnity Company,19.0 Personal Auto,19.0001 Private Passenger Auto (PPA),0.000%,0.000%,0,0,3764291,0.000%,0.000%,rate_change,ALSE-134145696,FILED,2024-06-21,output/pdfs/ID/134145696/filing_summary.pdf,pipeline_only,extension,pipeline_extracted,
ID,08/25/2024,Encompass Indemnity Company,19.0 Personal Auto,19.0001 Private Passenger Auto (PPA),30.700%,30.700%,1314773,1778,4282647,88.700%,10.000%,rate_change,ALSE-134198284,FILED,2024-07-31,output/pdfs/ID/134198284/filing_summary.pdf,pipeline_only,extension,pipeline_extracted,
ID,10/13/2024,Encompass Indemnity Company,04.0 Homeowners,04.0003 Owner Occupied Homeowners,16.900%,16.900%,592164,2312,3503931,18.600%,10.300%,rate_change_disapproved,ALSE-134228318,DISAPPROVED,2024-08-27,output/pdfs/ID/134228318/filing_summary.pdf,pipeline_only,extension,pipeline_extracted,
ID,03/16/2026,Encompass Indemnity Company,04.0 Homeowners,04.0003 Owner Occupied Homeowners,20.600%,20.600%,626568,1825,3041592,22.500%,13.500%,rate_change,ALSE-134545996,FILED,2025-05-23,output/pdfs/ID/134545996/filing_summary.pdf,pipeline_only,original,pipeline_extracted,
ID,09/01/2025,Encompass Indemnity Company,19.0 Personal Auto,19.0001 Private Passenger Auto (PPA),10.400%,10.400%,405242,785,3896556,23.700%,0.300%,rate_change,ALSE-134592232,FILED,2025-07-02,output/pdfs/ID/134592232/filing_summary.pdf,pipeline_only,original,pipeline_extracted,
ID,06/23/2025,Encompass Indemnity Company,19.0 Personal Auto,19.0001 Private Passenger Auto (PPA),0.000%,0.000%,0,0,3030299,0.000%,0.000%,rate_change,GMMX-134491469,FILED,2025-04-11,output/pdfs/ID/134491469/filing_summary.pdf,pipeline_only,original,pipeline_extracted,
ID,05/23/2024,GEICO Secure Insurance Company,19.0 Personal Auto,19.0001 Private Passenger Auto (PPA),0.000%,0.000%,0,22932,34816544,139.785%,-43.181%,rate_change,GECC-133829918,FILED,2023-10-06,output/pdfs/ID/133829918/filing_summary.pdf,pipeline_only,extension,pipeline_extracted,
ID,08/02/2024,GEICO Secure Insurance Company,19.0 Personal Auto,19.0001 Private Passenger Auto (PPA),0.000%,0.000%,0,21983,34816544,153.100%,-44.300%,rate_change,GECC-133849972,FILED,2023-10-26,output/pdfs/ID/133849972/filing_summary.pdf,pipeline_only,extension,pipeline_extracted,
ID,08/03/2024,GEICO Secure Insurance Company,19.0 Personal Auto,19.0001 Private Passenger Auto (PPA),0.000%,-3.100%,-1248566,10440,40276329,0.000%,-49.300%,rate_change,GECC-134085231,FILED,2024-05-02,output/pdfs/ID/134085231/filing_summary.pdf,pipeline_only,extension,pipeline_extracted,
ID,09/26/2024,GEICO Indemnity Company,19.0 Personal Auto,19.0001 Private Passenger Auto (PPA),0.000%,0.000%,0,2018,4435498,47.900%,-13.700%,rate_change,GECC-134128210,FILED,2024-06-04,output/pdfs/ID/134128210/filing_summary.pdf,pipeline_only,extension,pipeline_extracted,
ID,09/26/2024,GEICO General Insurance Company,19.0 Personal Auto,19.0001 Private Passenger Auto (PPA),0.000%,0.000%,0,7001,12050233,42.700%,-30.500%,rate_change,GECC-134128210,FILED,2024-06-04,output/pdfs/ID/134128210/filing_summary.pdf,pipeline_only,extension,pipeline_extracted,
ID,09/26/2024,Government Employees Insurance Company,19.0 Personal Auto,19.0001 Private Passenger Auto (PPA),0.000%,0.000%,0,2455,4288629,42.700%,-24.700%,rate_change,GECC-134128210,FILED,2024-06-04,output/pdfs/ID/134128210/filing_summary.pdf,pipeline_only,extension,pipeline_extracted,
ID,09/26/2024,GEICO Advantage Insurance Company,19.0 Personal Auto,19.0001 Private Passenger Auto (PPA),0.000%,0.000%,0,28094,58817877,46.400%,-27.400%,rate_change,GECC-134128210,FILED,2024-06-04,output/pdfs/ID/134128210/filing_summary.pdf,pipeline_only,extension,pipeline_extracted,
ID,09/26/2024,GEICO Choice Insurance Company,19.0 Personal Auto,19.0001 Private Passenger Auto (PPA),0.000%,0.000%,0,10947,26950745,49.000%,-18.300%,rate_change,GECC-134128210,FILED,2024-06-04,output/pdfs/ID/134128210/filing_summary.pdf,pipeline_only,extension,pipeline_extracted,
ID,05/08/2025,GEICO Casualty Company,19.0 Personal Auto,19.0001 Private Passenger Auto (PPA),0.000%,0.000%,0,0,0,0.000%,0.000%,rate_change_withdrawn,GECC-134601148,WITHDRAWN,2025-07-14,output/pdfs/ID/134601148/filing_summary.pdf,pipeline_only,original,pipeline_extracted,
ID,05/08/2025,GEICO Marine Insurance Company,19.0 Personal Auto,19.0001 Private Passenger Auto (PPA),0.000%,0.000%,0,0,0,0.000%,0.000%,rate_change_withdrawn,GECC-134601148,WITHDRAWN,2025-07-14,output/pdfs/ID/134601148/filing_summary.pdf,pipeline_only,original,pipeline_extracted,
ID,05/08/2025,GEICO Casualty Company,19.0 Personal Auto,19.0001 Private Passenger Auto (PPA),0.000%,0.000%,0,0,0,0.000%,0.000%,rate_change,GECC-134653021,FILED,2025-09-09,output/pdfs/ID/134653021/filing_summary.pdf,pipeline_only,original,pipeline_extracted,
ID,05/08/2025,GEICO Marine Insurance Company,19.0 Personal Auto,19.0001 Private Passenger Auto (PPA),0.000%,0.000%,0,0,0,0.000%,0.000%,rate_change,GECC-134653021,FILED,2025-09-09,output/pdfs/ID/134653021/filing_summary.pdf,pipeline_only,original,pipeline_extracted,
ID,04/03/2026,GEICO Marine Insurance Company,19.0 Personal Auto,19.0001 Private Passenger Auto (PPA),-11.900%,-7.500%,-130787,1447,1741509,-0.700%,-11.500%,rate_change,GECC-134894381,FILED,2026-04-02,output/pdfs/ID/134894381/filing_summary.pdf,pipeline_only,original,pipeline_extracted,
ID,04/03/2026,GEICO Casualty Company,19.0 Personal Auto,19.0001 Private Passenger Auto (PPA),-12.400%,-7.500%,-617584,9434,8256468,-1.100%,-11.700%,rate_change,GECC-134894381,FILED,2026-04-02,output/pdfs/ID/134894381/filing_summary.pdf,pipeline_only,original,pipeline_extracted,
ID,02/05/2024,Liberty Mutual Fire Insurance Company,04.0 Homeowners,04.0000 Homeowners Sub-TOI Combinations,30.800%,22.900%,440339,637,1919511,37.000%,5.300%,rate_change,LBPM-133922253,FILED,2023-12-18,output/pdfs/ID/133922253/filing_summary.pdf,pipeline_only,extension,pipeline_extracted,
ID,01/01/2024,Liberty Insurance Corporation,04.0 Homeowners,04.0000 Homeowners Sub-TOI Combinations,30.800%,22.900%,5126761,12875,22395182,32.400%,4.600%,rate_change,LBPM-133922784,FILED,2023-12-18,output/pdfs/ID/133922784/filing_summary.pdf,pipeline_only,extension,pipeline_extracted,
ID,01/01/2024,Liberty Mutual Insurance Company,04.0 Homeowners,04.0000 Homeowners Sub-TOI Combinations,30.800%,23.000%,96071,2567,417123,25.400%,0.000%,rate_change,LBPM-133922784,FILED,2023-12-18,output/pdfs/ID/133922784/filing_summary.pdf,pipeline_only,extension,pipeline_extracted,
ID,01/01/2024,Liberty Mutual Insurance Company,04.0 Homeowners,04.0000 Homeowners Sub-TOI Combinations,30.800%,23.100%,8080,21,35023,24.100%,20.900%,rate_change,LBPM-133923162,FILED,2023-12-18,output/pdfs/ID/133923162/filing_summary.pdf,pipeline_only,extension,pipeline_extracted,
ID,01/01/2024,Liberty Mutual Personal Insurance Company,04.0 Homeowners,04.0000 Homeowners Sub-TOI Combinations,30.800%,23.000%,189071,619,821042,24.600%,17.800%,rate_change,LBPM-133923162,FILED,2023-12-18,output/pdfs/ID/133923162/filing_summary.pdf,pipeline_only,extension,pipeline_extracted,
ID,07/30/2024,Liberty Mutual Insurance Company,19.0 Personal Auto,19.0000 Personal Auto Combinations,0.000%,0.000%,0,0,0,0.000%,0.000%,rate_change,LBPM-134157751,FILED,2024-06-27,output/pdfs/ID/134157751/filing_summary.pdf,pipeline_only,extension,pipeline_extracted,
ID,07/30/2024,Liberty Mutual Personal Insurance Company,19.0 Personal Auto,19.0000 Personal Auto Combinations,0.000%,0.000%,0,0,0,0.000%,0.000%,rate_change,LBPM-134157751,FILED,2024-06-27,output/pdfs/ID/134157751/filing_summary.pdf,pipeline_only,extension,pipeline_extracted,
ID,02/05/2025,Liberty Mutual Fire Insurance Company,04.0 Homeowners,04.0000 Homeowners Sub-TOI Combinations,4.400%,-7.000%,-137094,478,1960106,-6.300%,-11.000%,rate_change,LBPM-134347248,FILED,2024-12-12,output/pdfs/ID/134347248/filing_summary.pdf,pipeline_only,original,pipeline_extracted,
ID,01/01/2025,Liberty Mutual Insurance Company,04.0 Homeowners,04.0000 Homeowners Sub-TOI Combinations,4.400%,-7.000%,-4203,29,59666,-5.800%,-7.300%,rate_change,LBPM-134347722,FILED,2024-12-12,output/pdfs/ID/134347722/filing_summary.pdf,pipeline_only,original,pipeline_extracted,
ID,01/01/2025,Liberty Mutual Personal Insurance Company,04.0 Homeowners,04.0000 Homeowners Sub-TOI Combinations,4.400%,-7.000%,-104843,1003,1492141,-5.400%,-7.600%,rate_change,LBPM-134347722,FILED,2024-12-12,output/pdfs/ID/134347722/filing_summary.pdf,pipeline_only,original,pipeline_extracted,
ID,01/21/2025,Liberty Insurance Corporation,19.0 Personal Auto,19.0000 Personal Auto Combinations,-5.000%,-5.000%,-1118,4,21563,0.400%,-7.000%,rate_change,LBPM-134347807,FILED,2024-12-13,output/pdfs/ID/134347807/filing_summary.pdf,pipeline_only,original,pipeline_extracted,
ID,01/21/2025,Liberty Mutual Fire Insurance Company,19.0 Personal Auto,19.0000 Personal Auto Combinations,-5.000%,-5.000%,-56053,301,1112402,1.300%,-12.400%,rate_change,LBPM-134347807,FILED,2024-12-13,output/pdfs/ID/134347807/filing_summary.pdf,pipeline_only,original,pipeline_extracted,
ID,01/21/2025,The First Liberty Insurance Corporation,19.0 Personal Auto,19.0000 Personal Auto Combinations,-5.000%,-5.000%,-1386,9,27910,0.000%,-9.400%,rate_change,LBPM-134347807,FILED,2024-12-13,output/pdfs/ID/134347807/filing_summary.pdf,pipeline_only,original,pipeline_extracted,
ID,12/19/2024,Liberty Mutual Insurance Company,19.0 Personal Auto,19.0000 Personal Auto Combinations,-5.000%,-1.200%,-14,1,1121,-1.200%,-1.200%,rate_change,LBPM-134348285,FILED,2024-12-13,output/pdfs/ID/134348285/filing_summary.pdf,pipeline_only,extension,pipeline_extracted,
ID,12/19/2024,Liberty Mutual Personal Insurance Company,19.0 Personal Auto,19.0000 Personal Auto Combinations,-5.000%,-5.000%,-254392,2920,5064518,0.000%,-10.500%,rate_change,LBPM-134348285,FILED,2024-12-13,output/pdfs/ID/134348285/filing_summary.pdf,pipeline_only,extension,pipeline_extracted,
ID,07/21/2025,Liberty Mutual Insurance Company,19.0 Personal Auto,19.0000 Personal Auto Combinations,0.000%,0.000%,0,0,0,0.000%,0.000%,rate_change,LBPM-134399434,FILED,2025-02-03,output/pdfs/ID/134399434/filing_summary.pdf,pipeline_only,original,pipeline_extracted,
ID,07/21/2025,Liberty Mutual Personal Insurance Company,19.0 Personal Auto,19.0000 Personal Auto Combinations,1.300%,0.000%,208,2904,4824412,12.500%,-10.000%,rate_change,LBPM-134399434,FILED,2025-02-03,output/pdfs/ID/134399434/filing_summary.pdf,pipeline_only,original,pipeline_extracted,
ID,05/17/2025,Liberty Mutual Insurance Company,04.0 Homeowners,04.0000 Homeowners Sub-TOI Combinations,0.000%,0.000%,0,0,0,0.000%,0.000%,rate_change,LBPM-134488487,FILED,2025-04-10,output/pdfs/ID/134488487/filing_summary.pdf,pipeline_only,original,pipeline_extracted,
ID,05/17/2025,Liberty Mutual Personal Insurance Company,04.0 Homeowners,04.0000 Homeowners Sub-TOI Combinations,0.000%,0.000%,0,0,0,0.000%,0.000%,rate_change,LBPM-134488487,FILED,2025-04-10,output/pdfs/ID/134488487/filing_summary.pdf,pipeline_only,original,pipeline_extracted,
ID,01/23/2026,"MGA Insurance Company, Inc.",19.0 Personal Auto,19.0001 Private Passenger Auto (PPA),3.700%,-0.100%,-51280,2534,2226049,15.000%,15.000%,rate_change,GNSC-134806133,FILED,2026-01-23,output/pdfs/ID/134806133/filing_summary.pdf,pipeline_only,original,pipeline_extracted,
ID,01/12/2024,Progressive Direct Insurance Company,19.0 Personal Auto,19.0003 Recreational Vehicle (RV),6.700%,5.600%,87320,2191,1559282,21.700%,-1.800%,rate_change,PRGS-133878904,FILED,2023-12-01,output/pdfs/ID/133878904/filing_summary.pdf,pipeline_only,extension,pipeline_extracted,
ID,01/12/2024,Progressive Northwestern Insurance Company,19.0 Personal Auto,19.0003 Recreational Vehicle (RV),6.700%,5.500%,130845,2857,2379006,21.900%,-1.800%,rate_change,PRGS-133878904,FILED,2023-12-01,output/pdfs/ID/133878904/filing_summary.pdf,pipeline_only,extension,pipeline_extracted,
ID,12/06/2024,Progressive Direct Insurance Company,19.0 Personal Auto,19.0003 Recreational Vehicle (RV),-3.500%,-1.300%,-60213,9011,4631734,90.500%,-45.700%,rate_change,PRGS-134144916,FILED,,output/pdfs/ID/134144916/filing_summary.pdf,pipeline_only,extension,pipeline_extracted,
ID,12/06/2024,Progressive Northwestern Insurance Company,19.0 Personal Auto,19.0003 Recreational Vehicle (RV),-3.500%,-2.500%,-143631,9969,5745230,97.400%,-40.400%,rate_change,PRGS-134144916,FILED,,output/pdfs/ID/134144916/filing_summary.pdf,pipeline_only,extension,pipeline_extracted,
ID,12/06/2024,Progressive Direct Insurance Company,19.0 Personal Auto,19.0002 Motorcycle,-1.700%,-2.200%,-94715,13488,4305212,178.500%,-64.300%,rate_change,PRGS-134147799,FILED,2024-11-04,output/pdfs/ID/134147799/filing_summary.pdf,pipeline_only,extension,pipeline_extracted,
ID,12/06/2024,Progressive Northwestern Insurance Company,19.0 Personal Auto,19.0002 Motorcycle,-1.700%,-2.500%,-124562,13760,4982482,180.270%,-63.570%,rate_change,PRGS-134147799,FILED,2024-11-04,output/pdfs/ID/134147799/filing_summary.pdf,pipeline_only,extension,pipeline_extracted,
ID,09/27/2024,Progressive Direct Insurance Company,19.0 Personal Auto,19.0001 Private Passenger Auto (PPA),2.063%,1.437%,866501,75366,60303970,9.300%,-27.500%,rate_change,PRGS-134218749,FILED,2024-09-30,output/pdfs/ID/134218749/filing_summary.pdf,pipeline_only,extension,pipeline_extracted,
ID,09/27/2024,Progressive Northern Insurance Company,19.0 Personal Auto,19.0001 Private Passenger Auto (PPA),0.207%,0.097%,185,217,191106,3.500%,-14.100%,rate_change,PRGS-134218749,FILED,2024-09-30,output/pdfs/ID/134218749/filing_summary.pdf,pipeline_only,extension,pipeline_extracted,
ID,09/27/2024,Progressive Northwestern Insurance Company,19.0 Personal Auto,19.0001 Private Passenger Auto (PPA),0.207%,0.097%,68520,74343,70818463,9.300%,-36.600%,rate_change,PRGS-134218749,FILED,2024-09-30,output/pdfs/ID/134218749/filing_summary.pdf,pipeline_only,extension,pipeline_extracted,
ID,01/10/2025,Progressive Direct Insurance Company,19.0 Personal Auto,19.0001 Private Passenger Auto (PPA),2.900%,1.400%,919714,82393,65998147,13.500%,-3.500%,rate_change,PRGS-134368750,FILED,2025-01-10,output/pdfs/ID/134368750/filing_summary.pdf,pipeline_only,original,pipeline_extracted,
ID,01/10/2025,Progressive Northern Insurance Company,19.0 Personal Auto,19.0001 Private Passenger Auto (PPA),1.100%,-0.600%,-1083,211,187367,3.300%,-2.600%,rate_change,PRGS-134368750,FILED,2025-01-10,output/pdfs/ID/134368750/filing_summary.pdf,pipeline_only,original,pipeline_extracted,
ID,01/10/2025,Progressive Northwestern Insurance Company,19.0 Personal Auto,19.0001 Private Passenger Auto (PPA),1.100%,-0.600%,460749,82064,79723926,10.600%,-4.400%,rate_change,PRGS-134368750,FILED,2025-01-10,output/pdfs/ID/134368750/filing_summary.pdf,pipeline_only,original,pipeline_extracted,
ID,03/16/2024,Safeco Insurance Company of Illinois,19.0 Personal Auto,19.0002 Motorcycle,11.300%,11.300%,659888,15631,5835707,274.000%,-82.000%,rate_change,LBPM-133801944,FILED,2023-09-01,output/pdfs/ID/133801944/filing_summary.pdf,pipeline_only,extension,pipeline_extracted,
ID,02/19/2024,Safeco Insurance Company of Illinois,04.0 Homeowners,04.0000 Homeowners Sub-TOI Combinations,44.600%,19.300%,9761919,36218,50556461,46.200%,0.000%,rate_change,LBPM-133968105,FILED,2024-01-30,output/pdfs/ID/133968105/filing_summary.pdf,pipeline_only,extension,pipeline_extracted,
ID,12/13/2024,Safeco Insurance Company of Illinois,19.0 Personal Auto,19.0000 Personal Auto Combinations,-14.400%,-4.000%,-5219358,57970,130041966,0.000%,-7.600%,rate_change,LBPM-134272035,FILED,2024-10-07,output/pdfs/ID/134272035/filing_summary.pdf,pipeline_only,extension,pipeline_extracted,
ID,11/11/2024,Safeco Insurance Company of Illinois,04.0 Homeowners,04.0000 Homeowners Sub-TOI Combinations,29.000%,15.800%,8602272,32220,54340225,23.200%,0.000%,rate_change,LBPM-134277608,FILED,2024-11-04,output/pdfs/ID/134277608/filing_summary.pdf,pipeline_only,extension,pipeline_extracted,
ID,03/16/2025,Safeco Insurance Company of Illinois,19.0 Personal Auto,19.0002 Motorcycle,9.400%,8.800%,465032,14290,5306519,19.900%,0.000%,rate_change,LBPM-134326132,FILED,2024-11-22,output/pdfs/ID/134326132/filing_summary.pdf,pipeline_only,original,pipeline_extracted,
ID,05/12/2025,Safeco Insurance Company of Illinois,19.0 Personal Auto,19.0000 Personal Auto Combinations,-12.700%,-3.000%,-3246916,48818,106745,0.500%,-7.300%,rate_change,LBPM-134403897,FILED,2025-02-07,output/pdfs/ID/134403897/filing_summary.pdf,pipeline_only,original,pipeline_extracted,
ID,01/01/2026,Safeco Insurance Company of Illinois,04.0 Homeowners,04.0000 Homeowners Sub-TOI Combinations,4.500%,2.000%,947532,19679,48022559,5.800%,0.600%,rate_change,LBPM-134760659,FILED,2025-12-04,output/pdfs/ID/134760659/filing_summary.pdf,pipeline_only,original,pipeline_extracted,
ID,01/01/2024,State Farm Fire and Casualty Company,19.0 Personal Auto,19.0001 Private Passenger Auto (PPA),0.000%,0.100%,15351,19131,18529005,23.100%,-19.100%,rate_change,SFMA-133807390,FILED,2023-11-03,output/pdfs/ID/133807390/filing_summary.pdf,pipeline_only,extension,pipeline_extracted,
ID,01/01/2024,State Farm Mutual Automobile Insurance Company,19.0 Personal Auto,19.0001 Private Passenger Auto (PPA),0.000%,-0.400%,-370799,273008,161575645,30.800%,-26.100%,rate_change,SFMA-133807390,FILED,2023-11-03,output/pdfs/ID/133807390/filing_summary.pdf,pipeline_only,extension,pipeline_extracted,
ID,01/15/2024,State Farm Fire and Casualty Company,04.0 Homeowners,04.0000 Homeowners Sub-TOI Combinations,16.100%,11.600%,10307513,113136,89170406,49.700%,-23.900%,rate_change,SFMA-133920834,FILED,2023-12-13,output/pdfs/ID/133920834/filing_summary.pdf,pipeline_only,extension,pipeline_extracted,
ID,03/04/2024,State Farm Fire and Casualty Company,19.0 Personal Auto,19.0000 Personal Auto Combinations,23.700%,9.900%,2412338,20803,24350697,34.000%,-0.100%,rate_change,SFMA-133934434,FILED,2024-01-05,output/pdfs/ID/133934434/filing_summary.pdf,pipeline_only,extension,pipeline_extracted,
ID,03/04/2024,State Farm Mutual Automobile Insurance Company,19.0 Personal Auto,19.0000 Personal Auto Combinations,12.700%,10.700%,23282535,338036,216795779,54.500%,-0.500%,rate_change,SFMA-133934434,FILED,2024-01-05,output/pdfs/ID/133934434/filing_summary.pdf,pipeline_only,extension,pipeline_extracted,
ID,04/01/2024,State Farm Fire and Casualty Company,04.0 Homeowners,04.0002 Mobile Homeowners,0.000%,-0.200%,-3532,3500,2216021,8.000%,-11.400%,rate_change,SFMA-133987158,FILED,2024-02-19,output/pdfs/ID/133987158/filing_summary.pdf,pipeline_only,extension,pipeline_extracted,
ID,08/01/2024,State Farm Fire and Casualty Company,19.0 Personal Auto,19.0002 Motorcycle,0.000%,0.000%,0,895,348319,10.000%,-9.500%,rate_change,SFMA-134083852,FILED,2024-05-21,output/pdfs/ID/134083852/filing_summary.pdf,pipeline_only,extension,pipeline_extracted,
ID,08/01/2024,State Farm Mutual Automobile Insurance Company,19.0 Personal Auto,19.0002 Motorcycle,0.000%,0.000%,0,11338,2415130,9.500%,-9.000%,rate_change,SFMA-134083852,FILED,2024-05-21,output/pdfs/ID/134083852/filing_summary.pdf,pipeline_only,extension,pipeline_extracted,
ID,10/15/2024,State Farm Fire and Casualty Company,04.0 Homeowners,04.0000 Homeowners Sub-TOI Combinations,15.100%,11.400%,12161053,119007,106561382,18.800%,0.000%,rate_change,SFMA-134197056,FILED,2024-08-29,output/pdfs/ID/134197056/filing_summary.pdf,pipeline_only,extension,pipeline_extracted,
ID,04/15/2025,State Farm Fire and Casualty Company,19.0 Personal Auto,19.0001 Private Passenger Auto (PPA),0.000%,0.000%,0,20778,27823328,41.700%,-26.900%,rate_change,SFMA-134294867,FILED,2025-01-28,output/pdfs/ID/134294867/filing_summary.pdf,pipeline_only,original,pipeline_extracted,
ID,04/15/2025,State Farm Mutual Automobile Insurance Company,19.0 Personal Auto,19.0001 Private Passenger Auto (PPA),0.000%,0.000%,0,290956,238742051,24.500%,-26.900%,rate_change,SFMA-134294867,FILED,2025-01-28,output/pdfs/ID/134294867/filing_summary.pdf,pipeline_only,original,pipeline_extracted,
ID,02/03/2025,State Farm Fire and Casualty Company,19.0 Personal Auto,19.0000 Personal Auto Combinations,13.300%,0.000%,2937,22213,28615291,19.400%,-13.500%,rate_change,SFMA-134329519,FILED,2024-12-06,output/pdfs/ID/134329519/filing_summary.pdf,pipeline_only,original,pipeline_extracted,
ID,02/03/2025,State Farm Mutual Automobile Insurance Company,19.0 Personal Auto,19.0000 Personal Auto Combinations,-0.200%,-2.200%,-5758545,356711,261203324,13.300%,-17.100%,rate_change,SFMA-134329519,FILED,2024-12-06,output/pdfs/ID/134329519/filing_summary.pdf,pipeline_only,original,pipeline_extracted,
ID,01/02/2026,State Farm Fire and Casualty Company,19.0 Personal Auto,19.0000 Personal Auto Combinations,15.900%,-2.100%,-554469,20679,26357498,388.400%,-41.500%,rate_change,SFMA-134676753,FILED,2025-10-09,output/pdfs/ID/134676753/filing_summary.pdf,ambest_validated,original,field_validated,field
ID,01/02/2026,State Farm Mutual Automobile Insurance Company,19.0 Personal Auto,19.0000 Personal Auto Combinations,-2.600%,-9.700%,-25716996,360274,263832752,847.900%,-52.200%,rate_change,SFMA-134676753,FILED,2025-10-09,output/pdfs/ID/134676753/filing_summary.pdf,ambest_validated,original,field_validated,field
ID,01/27/2024,The Travelers Home and Marine Insurance Company,04.0 Homeowners,04.0000 Homeowners Sub-TOI Combinations,16.100%,13.400%,1104984,6659,8246148,24.100%,0.000%,rate_change,TRVD-133877224,FILED,2023-11-16,output/pdfs/ID/133877224/filing_summary.pdf,pipeline_only,extension,pipeline_extracted,
ID,01/27/2024,Travelers Commercial Insurance Company,04.0 Homeowners,04.0000 Homeowners Sub-TOI Combinations,16.100%,14.000%,53022,319,378729,22.100%,0.000%,rate_change,TRVD-133877224,FILED,2023-11-16,output/pdfs/ID/133877224/filing_summary.pdf,pipeline_only,extension,pipeline_extracted,
ID,01/25/2025,The Travelers Home and Marine Insurance Company,04.0 Homeowners,04.0000 Homeowners Sub-TOI Combinations,19.100%,8.300%,737882,5911,8890145,17.700%,0.000%,rate_change,TRVD-G134249162,FILED,2024-09-19,output/pdfs/ID/134254872/filing_summary.pdf,pipeline_only,original,pipeline_extracted,
ID,01/25/2025,Travelers Commercial Insurance Company,04.0 Homeowners,04.0000 Homeowners Sub-TOI Combinations,19.100%,8.800%,34845,280,395965,17.200%,0.000%,rate_change,TRVD-G134249162,FILED,2024-09-19,output/pdfs/ID/134254872/filing_summary.pdf,pipeline_only,original,pipeline_extracted,
WA,01/15/2024,Allstate Fire and Casualty Insurance Company,19.0 Personal Auto,19.0001 Private Passenger Auto (PPA),20.700%,20.400%,99983292,194444,490114177,31.300%,5.700%,rate_change,ALSE-133789684,Approved,2023-08-22,output/pdfs/WA/133789684/filing_summary.pdf,pipeline_only,extension,pipeline_extracted,
WA,02/26/2024,Allstate Indemnity Company,04.0 Homeowners,04.0003 Owner Occupied Homeowners,8.700%,3.200%,814476,14343,25452380,5.400%,1.700%,rate_change,ALSE-133897373,Approved,2023-11-20,output/pdfs/WA/133897373/filing_summary.pdf,pipeline_only,extension,pipeline_extracted,
WA,02/26/2024,Allstate Property and Casualty Insurance Company,04.0 Homeowners,04.0003 Owner Occupied Homeowners,12.500%,6.600%,5108310,48054,77398640,7.000%,2.400%,rate_change,ALSE-133897486,Approved,2023-11-20,output/pdfs/WA/133897486/filing_summary.pdf,pipeline_only,extension,pipeline_extracted,
WA,02/26/2024,Allstate Insurance Company,04.0 Homeowners,04.0003 Owner Occupied Homeowners,10.200%,4.800%,1408003,18389,29333392,8.800%,2.600%,rate_change,ALSE-133902389,Approved,2023-11-28,output/pdfs/WA/133902389/filing_summary.pdf,pipeline_only,extension,pipeline_extracted,
WA,03/11/2024,Allstate Vehicle and Property Insurance Company,04.0 Homeowners,04.0003 Owner Occupied Homeowners,65.500%,39.900%,56647288,106686,141973154,109.800%,16.700%,rate_change,ALSE-133920075,Approved,2023-12-12,output/pdfs/WA/133920075/filing_summary.pdf,pipeline_only,extension,pipeline_extracted,
WA,04/15/2024,Allstate Fire and Casualty Insurance Company,19.0 Personal Auto,19.0001 Private Passenger Auto (PPA),,0.000%,0,194444,602924930,84.600%,-3.400%,rate_change,ALSE-133975008,Approved,2024-02-01,output/pdfs/WA/133975008/filing_summary.pdf,pipeline_only,extension,pipeline_extracted,
WA,08/12/2024,Allstate Fire and Casualty Insurance Company,19.0 Personal Auto,19.0001 Private Passenger Auto (PPA),0.000%,0.000%,0,0,413455792,0.000%,0.000%,rate_change,ALSE-134098985,Approved,2024-05-08,output/pdfs/WA/134098985/filing_summary.pdf,pipeline_only,extension,pipeline_extracted,
WA,08/12/2024,Allstate Property and Casualty Insurance Company,19.0 Personal Auto,19.0000 Personal Auto Combinations,0.000%,0.000%,0,0,6928058,0.000%,0.000%,rate_change,ALSE-134099016,Approved,2024-05-08,output/pdfs/WA/134099016/filing_summary.pdf,pipeline_only,extension,pipeline_extracted,
WA,03/24/2025,Allstate Indemnity Company,04.0 Homeowners,04.0002 Mobile Homeowners,7.900%,7.900%,926592,9705,11699459,10.400%,2.500%,rate_change,ALSE-134119095,Approved,2024-05-22,output/pdfs/WA/134119095/filing_summary.pdf,pipeline_only,extension,pipeline_extracted_in_validated_window,
WA,02/17/2025,Allstate Indemnity Company,19.0 Personal Auto,19.0001 Private Passenger Auto (PPA),16.500%,13.400%,2392710,5557,17856043,24.800%,0.000%,rate_change,ALSE-134135043,Approved,2024-06-05,output/pdfs/WA/134135043/filing_summary.pdf,pipeline_only,extension,pipeline_extracted_in_validated_window,
WA,09/23/2024,Allstate Insurance Company,19.0 Personal Auto,19.0001 Private Passenger Auto (PPA),16.400%,3.000%,1880630,26873,62687682,8.200%,0.000%,rate_change,ALSE-134138722,Approved,2024-06-07,output/pdfs/WA/134138722/filing_summary.pdf,pipeline_only,extension,pipeline_extracted,
WA,09/23/2024,Allstate Property and Casualty Insurance Company,19.0 Personal Auto,19.0001 Private Passenger Auto (PPA),20.900%,10.800%,2874136,10248,26612374,17.800%,0.800%,rate_change,ALSE-134142123,Approved,2024-06-11,output/pdfs/WA/134142123/filing_summary.pdf,pipeline_only,extension,pipeline_extracted,
WA,02/03/2025,Allstate Fire and Casualty Insurance Company,19.0 Personal Auto,19.0001 Private Passenger Auto (PPA),9.600%,9.100%,55166401,200145,606224182,48.000%,-1.000%,rate_change,ALSE-134206307,Approved,2024-08-08,output/pdfs/WA/134206307/filing_summary.pdf,pipeline_only,original,pipeline_extracted_in_validated_window,
WA,11/25/2024,Allstate Insurance Company,19.0 Personal Auto,19.0001 Private Passenger Auto (PPA),0.000%,0.000%,0,0,61240239,0.000%,0.000%,rate_change,ALSE-134214513,Approved,2024-08-15,output/pdfs/WA/134214513/filing_summary.pdf,pipeline_only,extension,pipeline_extracted,
WA,11/25/2024,Allstate Property and Casualty Insurance Company,19.0 Personal Auto,19.0001 Private Passenger Auto (PPA),0.000%,0.000%,0,0,24887220,0.000%,0.000%,rate_change,ALSE-134214513,Approved,2024-08-15,output/pdfs/WA/134214513/filing_summary.pdf,pipeline_only,extension,pipeline_extracted,
WA,11/25/2024,Allstate Indemnity Company,19.0 Personal Auto,19.0001 Private Passenger Auto (PPA),0.000%,0.000%,0,0,15804620,0.000%,0.000%,rate_change,ALSE-134214513,Approved,2024-08-15,output/pdfs/WA/134214513/filing_summary.pdf,pipeline_only,extension,pipeline_extracted,
WA,08/25/2025,Allstate Indemnity Company,04.0 Homeowners,04.0003 Owner Occupied Homeowners,17.900%,11.500%,2752700,13118,23936525,13.200%,7.400%,rate_change,ALSE-134326701,Approved,2024-11-20,output/pdfs/WA/134326701/filing_summary.pdf,pipeline_only,original,pipeline_extracted_in_validated_window,
WA,08/25/2025,Allstate Insurance Company,04.0 Homeowners,04.0003 Owner Occupied Homeowners,15.000%,8.900%,2542799,17045,28570771,10.500%,5.500%,rate_change,ALSE-134327525,Approved,2024-11-21,output/pdfs/WA/134327525/filing_summary.pdf,pipeline_only,original,pipeline_extracted_in_validated_window,
WA,08/25/2025,Allstate Property and Casualty Insurance Company,04.0 Homeowners,04.0003 Owner Occupied Homeowners,11.400%,4.900%,3779468,43927,77131999,8.900%,1.900%,rate_change,ALSE-134328097,Approved,2024-11-21,output/pdfs/WA/134328097/filing_summary.pdf,pipeline_only,original,pipeline_extracted_in_validated_window,
WA,04/07/2025,Allstate Vehicle and Property Insurance Company,04.0 Homeowners,04.0003 Owner Occupied Homeowners,27.100%,20.900%,46373640,118778,221883447,21.700%,17.900%,rate_change,ALSE-134345731,Approved,2024-12-09,output/pdfs/WA/134345731/filing_summary.pdf,pipeline_only,original,pipeline_extracted_in_validated_window,
WA,03/18/2025,Allstate North American Insurance Company,19.0 Personal Auto,19.0001 Private Passenger Auto (PPA),0.000%,-13.700%,-109613,472,800092,13.700%,-32.200%,rate_change,ALSE-134416811,Approved,2025-02-12,output/pdfs/WA/134416811/filing_summary.pdf,pipeline_only,original,pipeline_extracted_in_validated_window,
WA,07/21/2025,Allstate Fire and Casualty Insurance Company,19.0 Personal Auto,19.0001 Private Passenger Auto (PPA),0.000%,0.000%,0,0,541730713,0.000%,0.000%,rate_change,ALSE-134489276,Approved,2025-04-09,output/pdfs/WA/134489276/filing_summary.pdf,pipeline_only,original,pipeline_extracted_in_validated_window,
WA,07/21/2025,Allstate Property and Casualty Insurance Company,19.0 Personal Auto,19.0000 Personal Auto Combinations,0.000%,0.000%,0,0,6895556,0.000%,0.000%,rate_change,ALSE-134489925,Approved,2025-04-09,output/pdfs/WA/134489925/filing_summary.pdf,pipeline_only,original,pipeline_extracted_in_validated_window,
WA,07/24/2025,Allstate North American Insurance Company,19.0 Personal Auto,19.0001 Private Passenger Auto (PPA),0.000%,-2.900%,-20025,472,690507,1.800%,-5.700%,rate_change,ALSE-134500694,Approved,2025-04-17,output/pdfs/WA/134500694/filing_summary.pdf,pipeline_only,original,pipeline_extracted_in_validated_window,
WA,01/19/2026,Allstate Vehicle and Property Insurance Company,04.0 Homeowners,04.0001 Condominium Homeowners,11.900%,11.900%,675285,6107,5681808,15.400%,5.600%,rate_change,ALSE-134517504,Approved,2025-05-01,output/pdfs/WA/134517504/filing_summary.pdf,pipeline_only,original,pipeline_extracted_in_validated_window,
WA,11/10/2025,Allstate Indemnity Company,19.0 Personal Auto,19.0001 Private Passenger Auto (PPA),6.900%,6.900%,1129791,3980,16373783,12.600%,0.000%,rate_change,ALSE-134538132,Approved,2025-05-19,output/pdfs/WA/134538132/filing_summary.pdf,pipeline_only,original,pipeline_extracted_in_validated_window,
WA,08/04/2025,Allstate Vehicle and Property Insurance Company,04.0 Homeowners,04.0003 Owner Occupied Homeowners,0.000%,0.000%,0,123621,233084721,4.200%,-3.700%,rate_change,ALSE-134572006,Approved,2025-06-16,output/pdfs/WA/134572006/filing_summary.pdf,pipeline_only,original,pipeline_extracted_in_validated_window,
WA,10/14/2025,Allstate North American Insurance Company,19.0 Personal Auto,19.0001 Private Passenger Auto (PPA),0.000%,-2.400%,-313375,8451,13057296,0.000%,-5.000%,rate_change,ALSE-134597553,Approved,2025-07-09,output/pdfs/WA/134597553/filing_summary.pdf,pipeline_only,original,pipeline_extracted_in_validated_window,
WA,11/18/2025,Allstate North American Insurance Company,19.0 Personal Auto,19.0001 Private Passenger Auto (PPA),0.000%,-3.300%,-1425594,27336,43199831,0.000%,-9.200%,rate_change,ALSE-134684477,Approved,2025-09-25,output/pdfs/WA/134684477/filing_summary.pdf,pipeline_only,original,pipeline_extracted_in_validated_window,
WA,07/12/2025,Encompass Indemnity Company,19.0 Personal Auto,19.0001 Private Passenger Auto (PPA),22.500%,19.600%,4031402,6098,20568379,32.700%,8.500%,rate_change,ALSE-134095154,Approved,2024-05-07,output/pdfs/WA/134095154/filing_summary.pdf,pipeline_only,extension,pipeline_extracted_in_validated_window,
WA,07/12/2025,Encompass Indemnity Company,04.0 Homeowners,04.0000 Homeowners Sub-TOI Combinations,27.900%,27.900%,3634220,6809,13025878,28.800%,0.000%,rate_change,ALSE-134095177,Approved,2024-05-07,output/pdfs/WA/134095177/filing_summary.pdf,pipeline_only,extension,pipeline_extracted_in_validated_window,
WA,01/06/2025,Encompass Indemnity Company,19.0 Personal Auto,19.0001 Private Passenger Auto (PPA),0.000%,0.000%,0,0,18275978,0.000%,0.000%,rate_change,ALSE-134214686,Approved,2024-08-15,output/pdfs/WA/134214686/filing_summary.pdf,pipeline_only,original,pipeline_extracted_in_validated_window,
WA,,Encompass Indemnity Company,19.0 Personal Auto,19.0001 Private Passenger Auto (PPA),0.000%,0.000%,0,0,22469034,0.000%,0.000%,rate_change,GMMX-134645542,Approved,2025-09-03,output/pdfs/WA/134645542/filing_summary.pdf,pipeline_only,original,pipeline_extracted,
WA,12/13/2025,Encompass Indemnity Company,19.0 Personal Auto,19.0001 Private Passenger Auto (PPA),0.000%,0.000%,0,5324,22469034,0.000%,0.000%,rate_change,GMMX-134659152,Approved,2025-09-03,output/pdfs/WA/134659152/filing_summary.pdf,pipeline_only,original,pipeline_extracted_in_validated_window,
WA,07/18/2024,GEICO Indemnity Company,19.0 Personal Auto,19.0002 Motorcycle,0.000%,0.000%,0,18641,10082975,65.900%,-53.960%,rate_change,GECC-134044540,Approved,2024-04-01,output/pdfs/WA/134044540/filing_summary.pdf,pipeline_only,extension,pipeline_extracted,
WA,10/10/2024,GEICO General Insurance Company,19.0 Personal Auto,19.0001 Private Passenger Auto (PPA),0.000%,0.000%,0,42889,83538733,126.400%,-39.700%,rate_change,GECC-134126215,Approved,2024-05-31,output/pdfs/WA/134126215/filing_summary.pdf,pipeline_only,extension,pipeline_extracted,
WA,10/10/2024,Government Employees Insurance Company,19.0 Personal Auto,19.0001 Private Passenger Auto (PPA),0.000%,0.000%,0,12607,25367953,126.500%,-20.400%,rate_change,GECC-134126215,Approved,2024-05-31,output/pdfs/WA/134126215/filing_summary.pdf,pipeline_only,extension,pipeline_extracted,
WA,10/10/2024,GEICO Indemnity Company,19.0 Personal Auto,19.0001 Private Passenger Auto (PPA),0.000%,0.000%,0,10898,29466421,41.300%,-23.900%,rate_change,GECC-134126294,Approved,2024-05-31,output/pdfs/WA/134126294/filing_summary.pdf,pipeline_only,extension,pipeline_extracted,
WA,10/10/2024,GEICO Advantage Insurance Company,19.0 Personal Auto,19.0001 Private Passenger Auto (PPA),0.000%,0.000%,0,182963,340981796,126.600%,-43.700%,rate_change,GECC-134126318,Approved,2024-05-31,output/pdfs/WA/134126318/filing_summary.pdf,pipeline_only,extension,pipeline_extracted,
WA,10/10/2024,GEICO Choice Insurance Company,19.0 Personal Auto,19.0001 Private Passenger Auto (PPA),0.000%,0.000%,0,70409,162085401,122.200%,-40.600%,rate_change,GECC-134126318,Approved,2024-05-31,output/pdfs/WA/134126318/filing_summary.pdf,pipeline_only,extension,pipeline_extracted,
WA,10/10/2024,GEICO Secure Insurance Company,19.0 Personal Auto,19.0001 Private Passenger Auto (PPA),0.000%,0.000%,0,24488,73529867,146.400%,-45.400%,rate_change,GECC-134126318,Approved,2024-05-31,output/pdfs/WA/134126318/filing_summary.pdf,pipeline_only,extension,pipeline_extracted,
WA,09/18/2025,GEICO General Insurance Company,19.0 Personal Auto,19.0003 Recreational Vehicle (RV),0.000%,0.000%,0,2090,1077172,24.800%,-17.900%,rate_change,GECC-134628136,Approved,2025-08-07,output/pdfs/WA/134628136/filing_summary.pdf,pipeline_only,original,pipeline_extracted_in_validated_window,
WA,09/18/2025,Government Employees Insurance Company,19.0 Personal Auto,19.0003 Recreational Vehicle (RV),0.000%,0.000%,0,946,493777,24.400%,-17.500%,rate_change,GECC-134628136,Approved,2025-08-07,output/pdfs/WA/134628136/filing_summary.pdf,pipeline_only,original,pipeline_extracted_in_validated_window,
WA,09/18/2025,GEICO Indemnity Company,19.0 Personal Auto,19.0003 Recreational Vehicle (RV),0.000%,0.000%,0,468,313322,22.000%,-15.200%,rate_change,GECC-134629877,Approved,2025-08-07,output/pdfs/WA/134629877/filing_summary.pdf,pipeline_only,original,pipeline_extracted_in_validated_window,
WA,09/18/2025,GEICO Advantage Insurance Company,19.0 Personal Auto,19.0003 Recreational Vehicle (RV),0.000%,0.000%,0,6838,3570611,22.700%,-18.900%,rate_change,GECC-134629950,Approved,2025-08-07,output/pdfs/WA/134629950/filing_summary.pdf,pipeline_only,original,pipeline_extracted_in_validated_window,
WA,09/18/2025,GEICO Choice Insurance Company,19.0 Personal Auto,19.0003 Recreational Vehicle (RV),0.000%,0.000%,0,1090,851643,22.200%,-19.000%,rate_change,GECC-134629950,Approved,2025-08-07,output/pdfs/WA/134629950/filing_summary.pdf,pipeline_only,original,pipeline_extracted_in_validated_window,
WA,09/18/2025,GEICO Secure Insurance Company,19.0 Personal Auto,19.0003 Recreational Vehicle (RV),0.000%,0.000%,0,220,268980,19.400%,-15.800%,rate_change,GECC-134629950,Approved,2025-08-07,output/pdfs/WA/134629950/filing_summary.pdf,pipeline_only,original,pipeline_extracted_in_validated_window,
WA,03/01/2024,Liberty Mutual Fire Insurance Company,04.0 Homeowners,04.0000 Homeowners Sub-TOI Combinations,27.500%,23.900%,3820239,9954,15970300,46.200%,2.200%,rate_change,LBPM-133883711,Approved,2023-11-10,output/pdfs/WA/133883711/filing_summary.pdf,pipeline_only,extension,pipeline_extracted,
WA,05/26/2024,Liberty Mutual Fire Insurance Company,04.0 Homeowners,04.0000 Homeowners Sub-TOI Combinations,16.300%,6.400%,1119411,10384,17592601,29.769%,2.200%,rate_change,LBPM-133977065,Approved,2024-02-01,output/pdfs/WA/133977065/filing_summary.pdf,pipeline_only,extension,pipeline_extracted,
WA,04/26/2024,Progressive Casualty Insurance Company,19.0 Personal Auto,19.0001 Private Passenger Auto (PPA),12.800%,12.000%,22813593,133404,190113279,21.000%,3.500%,rate_change,PRGS-133899969,Approved,2023-11-28,output/pdfs/WA/133899969/filing_summary.pdf,pipeline_only,extension,pipeline_extracted,
WA,04/26/2024,Progressive Direct Insurance Company,19.0 Personal Auto,19.0001 Private Passenger Auto (PPA),12.500%,10.600%,29992321,300545,282946429,21.700%,3.300%,rate_change,PRGS-133899969,Approved,2023-11-28,output/pdfs/WA/133899969/filing_summary.pdf,pipeline_only,extension,pipeline_extracted,
WA,02/07/2025,Progressive Casualty Insurance Company,19.0 Personal Auto,19.0001 Private Passenger Auto (PPA),0.000%,0.000%,0,136399,202923596,8.800%,-8.200%,rate_change,PRGS-134191751,Approved,2024-07-29,output/pdfs/WA/134191751/filing_summary.pdf,pipeline_only,original,pipeline_extracted_in_validated_window,
WA,02/07/2025,Progressive Direct Insurance Company,19.0 Personal Auto,19.0001 Private Passenger Auto (PPA),0.000%,0.000%,0,314349,306405692,11.300%,-8.500%,rate_change,PRGS-134191751,Approved,2024-07-29,output/pdfs/WA/134191751/filing_summary.pdf,pipeline_only,original,pipeline_extracted_in_validated_window,
WA,03/12/2024,General Insurance Company of America,19.0 Personal Auto,19.0000 Personal Auto Combinations,8.700%,7.000%,812,8,11561,14.000%,4.000%,rate_change,LBPM-133779020,Approved,2023-08-14,output/pdfs/WA/133779020/filing_summary.pdf,pipeline_only,extension,pipeline_extracted,
WA,03/12/2024,Safeco Insurance Company of America,19.0 Personal Auto,19.0000 Personal Auto Combinations,8.700%,8.300%,76044,505,913384,34.000%,2.000%,rate_change,LBPM-133779020,Approved,2023-08-14,output/pdfs/WA/133779020/filing_summary.pdf,pipeline_only,extension,pipeline_extracted,
WA,03/12/2024,Safeco Insurance Company of Illinois,19.0 Personal Auto,19.0000 Personal Auto Combinations,8.700%,8.000%,7848312,45298,98199451,34.000%,0.000%,rate_change,LBPM-133779020,Approved,2023-08-14,output/pdfs/WA/133779020/filing_summary.pdf,pipeline_only,extension,pipeline_extracted,
WA,06/19/2024,Safeco Insurance Company of Illinois,19.0 Personal Auto,19.0002 Motorcycle,12.600%,12.600%,1219491,22355,9701188,25.700%,0.000%,rate_change,LBPM-133864197,Approved,2023-10-25,output/pdfs/WA/133864197/filing_summary.pdf,pipeline_only,extension,pipeline_extracted,
WA,01/09/2024,Safeco Insurance Company of America,04.0 Homeowners,04.0000 Homeowners Sub-TOI Combinations,25.800%,15.200%,54501941,215944,357929733,58.700%,0.000%,rate_change,LBPM-133864423,Approved,2023-10-26,output/pdfs/WA/133864423/filing_summary.pdf,pipeline_only,extension,pipeline_extracted,
WA,04/27/2024,Safeco Insurance Company of America,04.0 Homeowners,04.0000 Homeowners Sub-TOI Combinations,17.000%,14.600%,63341742,260540,434561908,39.600%,-9.100%,rate_change,LBPM-133979163,Approved,2024-02-05,output/pdfs/WA/133979163/filing_summary.pdf,pipeline_only,extension,pipeline_extracted,
WA,09/22/2024,General Insurance Company of America,19.0 Personal Auto,19.0000 Personal Auto Combinations,16.200%,18.400%,2260,7,12289,24.400%,15.500%,rate_change,LBPM-134049356,Approved,2024-03-29,output/pdfs/WA/134049356/filing_summary.pdf,pipeline_only,extension,pipeline_extracted,
WA,09/22/2024,Safeco Insurance Company of America,19.0 Personal Auto,19.0000 Personal Auto Combinations,16.200%,17.100%,160434,486,939400,31.700%,9.900%,rate_change,LBPM-134049356,Approved,2024-03-29,output/pdfs/WA/134049356/filing_summary.pdf,pipeline_only,extension,pipeline_extracted,
WA,09/22/2024,Safeco Insurance Company of Illinois,19.0 Personal Auto,19.0000 Personal Auto Combinations,16.200%,16.000%,16499437,43948,103370288,33.100%,0.000%,rate_change,LBPM-134049356,Approved,2024-03-29,output/pdfs/WA/134049356/filing_summary.pdf,pipeline_only,extension,pipeline_extracted,
WA,09/22/2024,Safeco Insurance Company of Oregon,19.0 Personal Auto,19.0000 Personal Auto Combinations,22.300%,22.100%,2162665,4597,9794277,37.000%,0.000%,rate_change,LBPM-134066961,Approved,2024-04-16,output/pdfs/WA/134066961/filing_summary.pdf,pipeline_only,extension,pipeline_extracted,
WA,03/16/2025,Safeco Insurance Company of Illinois,19.0 Personal Auto,19.0002 Motorcycle,10.200%,9.900%,986227,21127,9923754,13.700%,0.000%,rate_change,LBPM-134220016,Approved,2024-08-22,output/pdfs/WA/134220016/filing_summary.pdf,pipeline_only,original,pipeline_extracted_in_validated_window,
WA,12/31/2025,Safeco Insurance Company of America,04.0 Homeowners,04.0001 Condominium Homeowners,18.800%,4.900%,563934,11751,11487151,6.800%,0.500%,rate_change,LBPM-134619371,Approved,2025-07-30,output/pdfs/WA/134619371/filing_summary.pdf,pipeline_only,original,pipeline_extracted_in_validated_window,
WA,02/21/2026,Safeco Insurance Company of America,04.0 Homeowners,04.0000 Homeowners Sub-TOI Combinations,-3.100%,-3.300%,-273240,36921,8303864,0.000%,-37.500%,rate_change,LBPM-134745236,Approved,2025-12-26,output/pdfs/WA/134745236/filing_summary.pdf,pipeline_only,original,pipeline_extracted_in_validated_window,
WA,02/01/2024,State Farm Fire and Casualty Company,04.0 Homeowners,04.0002 Mobile Homeowners,,0.500%,62226,17675,13517575,,,rate_change,SFMA-133686505,Approved,2023-07-05,output/pdfs/WA/133686505/filing_summary.pdf,pipeline_only,extension,pipeline_extracted,
WA,01/08/2024,State Farm Fire and Casualty Company,19.0 Personal Auto,19.0000 Personal Auto Combinations,34.400%,17.100%,23629247,75857,137915446,63.200%,-3.800%,rate_change,SFMA-133737144,Approved,2023-07-21,output/pdfs/WA/133737144/filing_summary.pdf,pipeline_only,extension,pipeline_extracted,
WA,01/08/2024,State Farm Mutual Automobile Insurance Company,19.0 Personal Auto,19.0000 Personal Auto Combinations,18.000%,15.600%,171989837,1193339,1103919578,40.000%,-5.400%,rate_change,SFMA-133737144,Approved,2023-07-21,output/pdfs/WA/133737144/filing_summary.pdf,pipeline_only,extension,pipeline_extracted,
WA,06/10/2024,State Farm Fire and Casualty Company,19.0 Personal Auto,19.0000 Personal Auto Combinations,32.800%,14.500%,25053420,81718,172527324,,,rate_change,SFMA-133957681,Approved,2024-02-02,output/pdfs/WA/133957681/filing_summary.pdf,pipeline_only,extension,pipeline_extracted,
WA,06/10/2024,State Farm Mutual Automobile Insurance Company,19.0 Personal Auto,19.0000 Personal Auto Combinations,16.600%,13.800%,175723240,1197563,1275343795,,,rate_change,SFMA-133957681,Approved,2024-02-02,output/pdfs/WA/133957681/filing_summary.pdf,pipeline_only,extension,pipeline_extracted,
WA,07/15/2024,State Farm Fire and Casualty Company,04.0 Homeowners,04.0000 Homeowners Sub-TOI Combinations,,17.900%,69353041,525150,387128333,31.200%,0.000%,rate_change,SFMA-134044384,Approved,2024-03-28,output/pdfs/WA/134044384/filing_summary.pdf,pipeline_only,extension,pipeline_extracted,
WA,08/01/2024,State Farm Fire and Casualty Company,19.0 Personal Auto,19.0002 Motorcycle,0.000%,0.000%,0,2020,1139756,10.000%,-9.500%,rate_change,SFMA-134076828,Approved,2024-05-10,output/pdfs/WA/134076828/filing_summary.pdf,pipeline_only,extension,pipeline_extracted,
WA,08/01/2024,State Farm Mutual Automobile Insurance Company,19.0 Personal Auto,19.0002 Motorcycle,0.000%,0.000%,0,33343,9698904,9.500%,-9.000%,rate_change,SFMA-134076828,Approved,2024-05-10,output/pdfs/WA/134076828/filing_summary.pdf,pipeline_only,extension,pipeline_extracted,
WA,12/15/2025,State Farm Fire and Casualty Company,04.0 Homeowners,04.0005 Other Homeowners,,21.500%,10650679,59070,49543045,22.800%,0.000%,rate_change,SFMA-134315085,Approved,2024-11-27,output/pdfs/WA/134315085/filing_summary.pdf,pipeline_only,original,pipeline_extracted_in_validated_window,
WA,04/15/2026,State Farm Fire and Casualty Company,04.0 Homeowners,04.0005 Other Homeowners,,93.700%,2706726,8405,2888541,108.400%,31.400%,rate_change,SFMA-134315091,Approved,2024-11-27,output/pdfs/WA/134315091/filing_summary.pdf,pipeline_only,original,pipeline_extracted_in_validated_window,
WA,08/01/2025,State Farm Fire and Casualty Company,04.0 Homeowners,04.0002 Mobile Homeowners,,23.900%,3367834,17873,14091908,27.700%,5.100%,rate_change,SFMA-134422784,Approved,2025-02-26,output/pdfs/WA/134422784/filing_summary.pdf,pipeline_only,original,pipeline_extracted_in_validated_window,
WA,02/25/2024,The Travelers Home and Marine Insurance Company,19.0 Personal Auto,19.0001 Private Passenger Auto (PPA),,0.000%,0,3955,7784317,0.000%,0.000%,rate_change,TRVD-133853983,Approved,2023-11-02,output/pdfs/WA/133853983/filing_summary.pdf,pipeline_only,extension,pipeline_extracted,
WA,02/25/2024,Travelers Commercial Insurance Company,19.0 Personal Auto,19.0001 Private Passenger Auto (PPA),,0.000%,0,783,1381984,0.000%,0.000%,rate_change,TRVD-133853983,Approved,2023-11-02,output/pdfs/WA/133853983/filing_summary.pdf,pipeline_only,extension,pipeline_extracted,
WA,05/03/2025,Travelers Personal Insurance Company,04.0 Homeowners,04.0000 Homeowners Sub-TOI Combinations,41.800%,33.500%,14108,163,42058,59.400%,13.300%,rate_change,TRVD-134151094,Approved,,output/pdfs/WA/134151094/filing_summary.pdf,pipeline_only,extension,pipeline_extracted_in_validated_window,
WA,12/13/2024,Travelers Personal Insurance Company,04.0 Homeowners,04.0000 Homeowners Sub-TOI Combinations,36.100%,21.600%,20285484,74773,93914279,64.300%,0.000%,rate_change,TRVD-G134214259,Approved,2024-08-20,output/pdfs/WA/134220061/filing_summary.pdf,pipeline_only,extension,pipeline_extracted,
WA,02/08/2025,The Travelers Home and Marine Insurance Company,04.0 Homeowners,04.0000 Homeowners Sub-TOI Combinations,31.500%,21.100%,10657508,39456,50509518,33.400%,0.000%,rate_change,TRVD-G134262689,Approved,2024-10-02,output/pdfs/WA/134270699/filing_summary.pdf,pipeline_only,original,pipeline_extracted_in_validated_window,
WA,02/08/2025,Travelers Commercial Insurance Company,04.0 Homeowners,04.0000 Homeowners Sub-TOI Combinations,31.500%,21.400%,636936,2461,2976338,32.600%,0.000%,rate_change,TRVD-G134262689,Approved,2024-10-02,output/pdfs/WA/134270699/filing_summary.pdf,pipeline_only,original,pipeline_extracted_in_validated_window,
WA,03/30/2025,The Travelers Home and Marine Insurance Company,19.0 Personal Auto,19.0001 Private Passenger Auto (PPA),0.000%,0.000%,0,2483,4953073,0.000%,0.000%,rate_change,TRVD-G134336116,Approved,2024-12-19,output/pdfs/WA/134358134/filing_summary.pdf,pipeline_only,original,pipeline_extracted_in_validated_window,
WA,03/30/2025,Travelers Commercial Insurance Company,19.0 Personal Auto,19.0001 Private Passenger Auto (PPA),0.000%,0.000%,0,495,910721,0.000%,,rate_change,TRVD-G134336116,Approved,2024-12-19,output/pdfs/WA/134358134/filing_summary.pdf,pipeline_only,original,pipeline_extracted_in_validated_window,
CO,02/01/2024,Allstate Indemnity Company,04.0 Homeowners,04.0001 Condominium Homeowners,42.300%,42.300%,874443,3771,2067151,56.600%,13.200%,rate_change,ALSE-133918784,Filed,2023-12-11,output/pdfs/CO/133918784/filing_summary.pdf,pipeline_only,extension,pipeline_extracted,
CO,02/01/2024,Allstate Vehicle and Property Insurance Company,04.0 Homeowners,04.0001 Condominium Homeowners,25.600%,25.600%,3074958,18349,12011558,33.300%,10.100%,rate_change,ALSE-133918863,Filed,2023-12-11,output/pdfs/CO/133918863/filing_summary.pdf,pipeline_only,extension,pipeline_extracted,
CO,04/18/2024,Allstate Insurance Company,04.0 Homeowners,04.0003 Owner Occupied Homeowners,1.500%,1.500%,367810,8562,24520639,2.600%,0.800%,rate_change,ALSE-133987835,Filed,2024-02-09,output/pdfs/CO/133987835/filing_summary.pdf,pipeline_only,extension,pipeline_extracted,
CO,04/18/2024,Allstate Property and Casualty Insurance Company,04.0 Homeowners,04.0003 Owner Occupied Homeowners,11.200%,11.200%,1492376,4288,13324785,11.500%,7.900%,rate_change,ALSE-133995489,Filed,2024-02-15,output/pdfs/CO/133995489/filing_summary.pdf,pipeline_only,extension,pipeline_extracted,
CO,04/18/2024,Allstate Vehicle and Property Insurance Company,04.0 Homeowners,04.0003 Owner Occupied Homeowners,7.900%,7.900%,18109650,95065,229236070,15.100%,5.000%,rate_change,ALSE-133995858,Filed,2024-02-15,output/pdfs/CO/133995858/filing_summary.pdf,pipeline_only,extension,pipeline_extracted,
CO,04/18/2024,Allstate Indemnity Company,04.0 Homeowners,04.0003 Owner Occupied Homeowners,1.200%,1.200%,77605,1923,6467097,2.100%,0.800%,rate_change,ALSE-133996152,Filed,2024-02-15,output/pdfs/CO/133996152/filing_summary.pdf,pipeline_only,extension,pipeline_extracted,
CO,04/18/2024,Allstate Fire and Casualty Insurance Company,04.0 Homeowners,04.0003 Owner Occupied Homeowners,1.200%,1.200%,374434,9625,31202824,1.300%,1.000%,rate_change,ALSE-134000194,Filed,2024-02-20,output/pdfs/CO/134000194/filing_summary.pdf,pipeline_only,extension,pipeline_extracted,
CO,06/15/2024,Allstate Insurance Company,19.0 Personal Auto,19.0001 Private Passenger Auto (PPA),2.100%,2.100%,694530,10441,33072848,7.700%,0.000%,rate_change,ALSE-134055742,Filed,2024-04-03,output/pdfs/CO/134055742/filing_summary.pdf,pipeline_only,extension,pipeline_extracted,
CO,06/15/2024,Allstate Indemnity Company,19.0 Personal Auto,19.0001 Private Passenger Auto (PPA),0.600%,0.600%,101294,4220,16882262,2.100%,0.000%,rate_change,ALSE-134055841,Filed,2024-04-03,output/pdfs/CO/134055841/filing_summary.pdf,pipeline_only,extension,pipeline_extracted,
CO,07/08/2024,Allstate Fire and Casualty Insurance Company,19.0 Personal Auto,19.0001 Private Passenger Auto (PPA),0.000%,0.000%,0,0,381771318,0.000%,0.000%,rate_change,ALSE-134068278,Filed,2024-04-15,output/pdfs/CO/134068278/filing_summary.pdf,pipeline_only,extension,pipeline_extracted,
CO,06/15/2024,Allstate Property and Casualty Insurance Company,19.0 Personal Auto,19.0001 Private Passenger Auto (PPA),4.000%,4.000%,787195,5881,19679877,8.500%,0.000%,rate_change,ALSE-134077198,Filed,2024-04-22,output/pdfs/CO/134077198/filing_summary.pdf,pipeline_only,extension,pipeline_extracted,
CO,06/15/2024,Allstate Fire and Casualty Insurance Company,19.0 Personal Auto,19.0001 Private Passenger Auto (PPA),10.600%,10.600%,49749721,131368,469336987,21.300%,2.200%,rate_change,ALSE-134077698,Filed,2024-04-22,output/pdfs/CO/134077698/filing_summary.pdf,pipeline_only,extension,pipeline_extracted,
CO,07/04/2024,Allstate Vehicle and Property Insurance Company,04.0 Homeowners,04.0003 Owner Occupied Homeowners,0.000%,0.000%,0,102180,320724807,30.200%,-12.100%,rate_change,ALSE-134089013,Filed,2024-05-01,output/pdfs/CO/134089013/filing_summary.pdf,pipeline_only,extension,pipeline_extracted,
CO,10/31/2024,Allstate Vehicle and Property Insurance Company,04.0 Homeowners,04.0003 Owner Occupied Homeowners,0.000%,0.000%,0,103763,326256801,0.000%,0.000%,rate_change,ALSE-134133225,Filed,2024-06-04,output/pdfs/CO/134133225/filing_summary.pdf,pipeline_only,extension,pipeline_extracted,
CO,10/28/2024,Allstate Insurance Company,19.0 Personal Auto,19.0001 Private Passenger Auto (PPA),0.000%,0.000%,0,0,31946379,0.000%,0.000%,rate_change,ALSE-134217022,Filed,2024-08-18,output/pdfs/CO/134217022/filing_summary.pdf,pipeline_only,extension,pipeline_extracted,
CO,10/28/2024,Allstate Property and Casualty Insurance Company,19.0 Personal Auto,19.0001 Private Passenger Auto (PPA),0.000%,0.000%,0,0,19051174,0.000%,0.000%,rate_change,ALSE-134217022,Filed,2024-08-18,output/pdfs/CO/134217022/filing_summary.pdf,pipeline_only,extension,pipeline_extracted,
CO,10/28/2024,Allstate Indemnity Company,19.0 Personal Auto,19.0001 Private Passenger Auto (PPA),0.000%,0.000%,0,0,14959062,0.000%,0.000%,rate_change,ALSE-134217022,Filed,2024-08-18,output/pdfs/CO/134217022/filing_summary.pdf,pipeline_only,extension,pipeline_extracted,
CO,12/21/2024,Allstate Property and Casualty Insurance Company,19.0 Personal Auto,19.0001 Private Passenger Auto (PPA),-4.400%,-1.100%,-220018,5620,20001601,-0.200%,-1.900%,rate_change,ALSE-134256802,Filed,2024-09-23,output/pdfs/CO/134256802/filing_summary.pdf,pipeline_only,extension,pipeline_extracted,
CO,01/23/2025,Allstate Indemnity Company,04.0 Homeowners,04.0001 Condominium Homeowners,10.900%,10.900%,249525,2870,2289687,26.200%,5.500%,rate_change,ALSE-134277277,Filed,2024-10-08,output/pdfs/CO/134277277/filing_summary.pdf,pipeline_only,original,pipeline_extracted,
CO,01/23/2025,Allstate Indemnity Company,04.0 Homeowners,04.0002 Mobile Homeowners,17.000%,17.000%,325573,1106,1915852,19.100%,12.000%,rate_change,ALSE-134280614,Filed,2024-10-11,output/pdfs/CO/134280614/filing_summary.pdf,pipeline_only,original,pipeline_extracted,
CO,12/05/2024,Allstate Insurance Company,04.0 Homeowners,04.0003 Owner Occupied Homeowners,10.700%,10.700%,2523991,8076,23588703,12.200%,6.900%,rate_change,ALSE-134280615,Filed,2024-10-11,output/pdfs/CO/134280615/filing_summary.pdf,pipeline_only,extension,pipeline_extracted,
CO,12/05/2024,Allstate Indemnity Company,04.0 Homeowners,04.0003 Owner Occupied Homeowners,14.300%,14.300%,870453,1800,6087082,14.800%,9.700%,rate_change,ALSE-134280616,Filed,2024-10-11,output/pdfs/CO/134280616/filing_summary.pdf,pipeline_only,extension,pipeline_extracted,
CO,01/23/2025,Allstate Indemnity Company,04.0 Homeowners,04.0004 Tenant Homeowners,7.400%,7.400%,371282,30239,4996326,9.100%,3.400%,rate_change,ALSE-134280632,Filed,2024-10-11,output/pdfs/CO/134280632/filing_summary.pdf,pipeline_only,original,pipeline_extracted,
CO,12/05/2024,Allstate Vehicle and Property Insurance Company,04.0 Homeowners,04.0003 Owner Occupied Homeowners,12.900%,12.900%,40135010,118754,311124111,19.000%,3.000%,rate_change,ALSE-134281334,Filed,2024-10-11,output/pdfs/CO/134281334/filing_summary.pdf,pipeline_only,extension,pipeline_extracted,
CO,12/05/2024,Allstate Property and Casualty Insurance Company,04.0 Homeowners,04.0003 Owner Occupied Homeowners,12.900%,12.900%,1791641,3987,13888689,14.800%,9.400%,rate_change,ALSE-134281430,Filed,2024-10-11,output/pdfs/CO/134281430/filing_summary.pdf,pipeline_only,extension,pipeline_extracted,
CO,12/05/2024,Allstate Fire and Casualty Insurance Company,04.0 Homeowners,04.0003 Owner Occupied Homeowners,8.400%,8.400%,2505161,8870,29823351,8.900%,6.600%,rate_change,ALSE-134281580,Filed,2024-10-11,output/pdfs/CO/134281580/filing_summary.pdf,pipeline_only,extension,pipeline_extracted,
CO,12/21/2024,Allstate Indemnity Company,19.0 Personal Auto,19.0001 Private Passenger Auto (PPA),-1.400%,0.000%,0,3587,16610121,0.000%,0.000%,rate_change,ALSE-134298521,Filed,2024-10-28,output/pdfs/CO/134298521/filing_summary.pdf,pipeline_only,extension,pipeline_extracted,
CO,12/21/2024,Allstate Fire and Casualty Insurance Company,19.0 Personal Auto,19.0001 Private Passenger Auto (PPA),1.100%,1.100%,5620874,136634,510988542,3.500%,0.000%,rate_change,ALSE-134306404,Filed,2024-11-02,output/pdfs/CO/134306404/filing_summary.pdf,pipeline_only,extension,pipeline_extracted,
CO,12/21/2024,Allstate Insurance Company,19.0 Personal Auto,19.0001 Private Passenger Auto (PPA),-2.500%,0.000%,0,9929,32822783,0.000%,0.000%,rate_change,ALSE-134306440,Filed,2024-11-02,output/pdfs/CO/134306440/filing_summary.pdf,pipeline_only,extension,pipeline_extracted,
CO,01/23/2025,Allstate Vehicle and Property Insurance Company,04.0 Homeowners,04.0001 Condominium Homeowners,18.300%,18.300%,2922065,18535,15966788,26.800%,6.700%,rate_change,ALSE-134335798,Filed,2024-11-27,output/pdfs/CO/134335798/filing_summary.pdf,pipeline_only,original,pipeline_extracted,
CO,06/07/2025,Allstate Fire and Casualty Insurance Company,19.0 Personal Auto,19.0004 Other,15.800%,15.700%,722526,8983,4596808,20.000%,0.000%,rate_change,ALSE-134493023,Filed,2025-04-10,output/pdfs/CO/134493023/filing_summary.pdf,pipeline_only,original,pipeline_extracted,
CO,06/16/2025,Allstate Fire and Casualty Insurance Company,19.0 Personal Auto,19.0001 Private Passenger Auto (PPA),0.000%,0.000%,0,0,454172309,0.000%,0.000%,rate_change,ALSE-134493741,Filed,2025-04-11,output/pdfs/CO/134493741/filing_summary.pdf,pipeline_only,original,pipeline_extracted,
CO,09/04/2025,Allstate Fire and Casualty Insurance Company,04.0 Homeowners,04.0003 Owner Occupied Homeowners,8.900%,8.900%,2774560,8132,31174837,9.200%,7.100%,rate_change,ALSE-134603438,Filed,2025-07-14,output/pdfs/CO/134603438/filing_summary.pdf,pipeline_only,original,pipeline_extracted,
CO,09/04/2025,Allstate Vehicle and Property Insurance Company,04.0 Homeowners,04.0003 Owner Occupied Homeowners,15.900%,15.900%,72695887,143688,457206835,30.000%,6.100%,rate_change,ALSE-134603603,Filed,2025-07-14,output/pdfs/CO/134603603/filing_summary.pdf,pipeline_only,original,pipeline_extracted,
CO,09/04/2025,Allstate Property and Casualty Insurance Company,04.0 Homeowners,04.0003 Owner Occupied Homeowners,2.800%,2.800%,407265,3705,14545188,2.900%,2.200%,rate_change,ALSE-134604410,Filed,2025-07-14,output/pdfs/CO/134604410/filing_summary.pdf,pipeline_only,original,pipeline_extracted,
CO,09/04/2025,Allstate Insurance Company,04.0 Homeowners,04.0003 Owner Occupied Homeowners,12.000%,12.000%,2970856,7645,24757133,12.400%,7.900%,rate_change,ALSE-134604433,Filed,2025-07-14,output/pdfs/CO/134604433/filing_summary.pdf,pipeline_only,original,pipeline_extracted,
CO,09/04/2025,Allstate Indemnity Company,04.0 Homeowners,04.0003 Owner Occupied Homeowners,6.500%,6.500%,427475,1706,6576532,6.700%,5.400%,rate_change,ALSE-134604451,Filed,2025-07-14,output/pdfs/CO/134604451/filing_summary.pdf,pipeline_only,original,pipeline_extracted,
CO,09/29/2025,Allstate Insurance Company,19.0 Personal Auto,19.0001 Private Passenger Auto (PPA),0.000%,0.000%,0,0,31819480,0.000%,0.000%,rate_change,ALSE-134629407,Filed,2025-08-05,output/pdfs/CO/134629407/filing_summary.pdf,pipeline_only,original,pipeline_extracted,
CO,09/29/2025,Allstate Property and Casualty Insurance Company,19.0 Personal Auto,19.0001 Private Passenger Auto (PPA),0.000%,0.000%,0,0,19152153,0.000%,0.000%,rate_change,ALSE-134629407,Filed,2025-08-05,output/pdfs/CO/134629407/filing_summary.pdf,pipeline_only,original,pipeline_extracted,
CO,09/29/2025,Allstate Indemnity Company,19.0 Personal Auto,19.0001 Private Passenger Auto (PPA),0.000%,0.000%,0,0,13832315,0.000%,0.000%,rate_change,ALSE-134629407,Filed,2025-08-05,output/pdfs/CO/134629407/filing_summary.pdf,pipeline_only,original,pipeline_extracted,
CO,10/31/2025,Allstate North American Insurance Company,19.0 Personal Auto,19.0001 Private Passenger Auto (PPA),,-3.700%,-845422,14339,22849234,3.400%,-25.800%,rate_change,ALSE-134660932,Filed,2025-09-04,output/pdfs/CO/134660932/filing_summary.pdf,pipeline_only,original,pipeline_extracted,
CO,12/20/2025,Allstate Property and Casualty Insurance Company,19.0 Personal Auto,19.0001 Private Passenger Auto (PPA),-7.700%,-5.700%,-1101681,5292,19327737,0.000%,-12.700%,rate_change,ALSE-134679055,Filed,2025-09-23,output/pdfs/CO/134679055/filing_summary.pdf,pipeline_only,original,pipeline_extracted,
CO,12/20/2025,Allstate Insurance Company,19.0 Personal Auto,19.0001 Private Passenger Auto (PPA),-6.200%,-4.300%,-1382427,9583,32149469,0.000%,-14.300%,rate_change,ALSE-134679258,Filed,2025-09-23,output/pdfs/CO/134679258/filing_summary.pdf,pipeline_only,original,pipeline_extracted,
CO,12/20/2025,Allstate Indemnity Company,19.0 Personal Auto,19.0001 Private Passenger Auto (PPA),-3.800%,-0.700%,-105052,3244,15007464,0.000%,-1.500%,rate_change,ALSE-134681921,Filed,2025-09-23,output/pdfs/CO/134681921/filing_summary.pdf,pipeline_only,original,pipeline_extracted,
CO,12/20/2025,Allstate Fire and Casualty Insurance Company,19.0 Personal Auto,19.0001 Private Passenger Auto (PPA),1.500%,0.000%,0,143346,523575197,0.000%,0.000%,rate_change,ALSE-134681972,Filed,2025-09-23,output/pdfs/CO/134681972/filing_summary.pdf,pipeline_only,original,pipeline_extracted,
CO,01/22/2026,Allstate Vehicle and Property Insurance Company,04.0 Homeowners,04.0001 Condominium Homeowners,3.500%,3.500%,681134,18880,19459174,7.000%,0.500%,rate_change,ALSE-134749670,Filed,2025-11-21,output/pdfs/CO/134749670/filing_summary.pdf,pipeline_only,original,pipeline_extracted,
CO,01/22/2026,Allstate Indemnity Company,04.0 Homeowners,04.0001 Condominium Homeowners,7.300%,7.300%,152460,2321,2089620,10.000%,2.000%,rate_change,ALSE-134755310,Filed,2025-12-01,output/pdfs/CO/134755310/filing_summary.pdf,pipeline_only,original,pipeline_extracted,
CO,03/16/2024,Encompass Indemnity Company,19.0 Personal Auto,19.0001 Private Passenger Auto (PPA),6.700%,6.700%,389136,1071,5808004,14.000%,2.800%,rate_change,ALSE-133934597,Filed,2023-12-26,output/pdfs/CO/133934597/filing_summary.pdf,pipeline_only,extension,pipeline_extracted,
CO,03/16/2024,Encompass Indemnity Company,04.0 Homeowners,04.0000 Homeowners Sub-TOI Combinations,10.900%,10.900%,759287,1540,6963480,44.600%,-5.900%,rate_change,ALSE-133934833,Filed,2023-12-26,output/pdfs/CO/133934833/filing_summary.pdf,pipeline_only,extension,pipeline_extracted,
CO,07/15/2024,Encompass Indemnity Company,19.0 Personal Auto,19.0001 Private Passenger Auto (PPA),0.000%,0.000%,0,0,4843055,0.000%,0.000%,rate_change,ALSE-134071887,Filed,2024-05-08,output/pdfs/CO/134071887/filing_summary.pdf,pipeline_only,extension,pipeline_extracted,
CO,09/20/2024,Encompass Indemnity Company,04.0 Homeowners,04.0000 Homeowners Sub-TOI Combinations,7.600%,7.600%,555512,1540,7345334,44.800%,5.200%,rate_change,ALSE-134171106,Filed,2024-07-09,output/pdfs/CO/134171106/filing_summary.pdf,pipeline_only,extension,pipeline_extracted,
CO,09/20/2024,Encompass Indemnity Company,19.0 Personal Auto,19.0001 Private Passenger Auto (PPA),8.700%,8.700%,463012,1071,5321974,67.400%,-20.000%,rate_change,ALSE-134171119,Filed,2024-07-09,output/pdfs/CO/134171119/filing_summary.pdf,pipeline_only,extension,pipeline_extracted,
CO,03/29/2025,Encompass Indemnity Company,19.0 Personal Auto,19.0001 Private Passenger Auto (PPA),1.500%,1.500%,78752,709,5250114,8.100%,-5.100%,rate_change,GMMX-134404218,Filed,2025-02-10,output/pdfs/CO/134404218/filing_summary.pdf,pipeline_only,original,pipeline_extracted,
CO,06/23/2025,Encompass Indemnity Company,19.0 Personal Auto,19.0001 Private Passenger Auto (PPA),0.000%,0.000%,0,0,3761524,0.000%,0.000%,rate_change,GMMX-134490929,Filed,2025-04-11,output/pdfs/CO/134490929/filing_summary.pdf,pipeline_only,original,pipeline_extracted,
CO,11/08/2025,Encompass Indemnity Company,04.0 Homeowners,04.0000 Homeowners Sub-TOI Combinations,2.800%,2.800%,186601,1642,6547735,21.600%,1.800%,rate_change,GMMX-134663952,Filed,2025-09-09,output/pdfs/CO/134663952/filing_summary.pdf,pipeline_only,original,pipeline_extracted,
CO,10/13/2025,Encompass Insurance Company,19.0 Personal Auto,19.0001 Private Passenger Auto (PPA),0.000%,-14.791%,-2798,5,18919,11.100%,-23.800%,rate_change,GMMX-134694672,Filed,2025-10-03,output/pdfs/CO/134694672/filing_summary.pdf,pipeline_only,original,pipeline_extracted,
CO,02/08/2024,GEICO Indemnity Company,19.0 Personal Auto,19.0001 Private Passenger Auto (PPA),0.000%,0.000%,0,1829,6774720,44.470%,-12.400%,rate_change,GECC-133944755,Filed,2024-01-12,output/pdfs/CO/133944755/filing_summary.pdf,pipeline_only,extension,pipeline_extracted,
CO,02/08/2024,GEICO Casualty Company,19.0 Personal Auto,19.0001 Private Passenger Auto (PPA),0.000%,0.000%,0,112398,301694224,125.420%,-42.110%,rate_change,GECC-133944755,Filed,2024-01-12,output/pdfs/CO/133944755/filing_summary.pdf,pipeline_only,extension,pipeline_extracted,
CO,02/08/2024,GEICO General Insurance Company,19.0 Personal Auto,19.0001 Private Passenger Auto (PPA),0.000%,0.000%,0,10677,29572330,55.850%,-27.320%,rate_change,GECC-133944755,Filed,2024-01-12,output/pdfs/CO/133944755/filing_summary.pdf,pipeline_only,extension,pipeline_extracted,
CO,02/08/2024,Government Employees Insurance Company,19.0 Personal Auto,19.0001 Private Passenger Auto (PPA),0.000%,0.000%,0,4000,11851385,125.980%,-19.960%,rate_change,GECC-133944755,Filed,2024-01-12,output/pdfs/CO/133944755/filing_summary.pdf,pipeline_only,extension,pipeline_extracted,
CO,02/08/2024,GEICO Choice Insurance Company,19.0 Personal Auto,19.0001 Private Passenger Auto (PPA),0.000%,0.000%,0,5780,17143213,50.220%,-20.200%,rate_change,GECC-133944755,Filed,2024-01-12,output/pdfs/CO/133944755/filing_summary.pdf,pipeline_only,extension,pipeline_extracted,
CO,02/08/2024,GEICO Secure Insurance Company,19.0 Personal Auto,19.0001 Private Passenger Auto (PPA),0.000%,0.000%,0,54724,160959771,119.960%,-38.480%,rate_change,GECC-133944755,Filed,2024-01-12,output/pdfs/CO/133944755/filing_summary.pdf,pipeline_only,extension,pipeline_extracted,
CO,05/02/2024,GEICO Choice Insurance Company,19.0 Personal Auto,19.0001 Private Passenger Auto (PPA),-3.200%,-7.800%,-1551755,8672,19894290,9.600%,-37.500%,rate_change,GECC-134038858,Filed,2024-03-29,output/pdfs/CO/134038858/filing_summary.pdf,pipeline_only,extension,pipeline_extracted,
CO,05/02/2024,GEICO Secure Insurance Company,19.0 Personal Auto,19.0001 Private Passenger Auto (PPA),-3.200%,-5.900%,-10147572,71068,171992745,6.100%,-42.200%,rate_change,GECC-134038858,Filed,2024-03-29,output/pdfs/CO/134038858/filing_summary.pdf,pipeline_only,extension,pipeline_extracted,
CO,08/22/2024,GEICO Choice Insurance Company,19.0 Personal Auto,19.0001 Private Passenger Auto (PPA),0.000%,0.000%,0,9606,19023629,12.100%,-2.600%,rate_change,GECC-134094390,Filed,2024-05-13,output/pdfs/CO/134094390/filing_summary.pdf,pipeline_only,extension,pipeline_extracted,
CO,09/30/2024,GEICO Choice Insurance Company,19.0 Personal Auto,19.0001 Private Passenger Auto (PPA),9.500%,-6.800%,-1620985,10865,23838013,1.400%,-10.800%,rate_change,GECC-134208863,Filed,2024-08-15,output/pdfs/CO/134208863/filing_summary.pdf,pipeline_only,extension,pipeline_extracted,
CO,09/30/2024,GEICO Secure Insurance Company,19.0 Personal Auto,19.0001 Private Passenger Auto (PPA),-6.600%,-6.800%,-12853239,79762,189018222,-0.700%,-12.200%,rate_change,GECC-134208863,Filed,2024-08-15,output/pdfs/CO/134208863/filing_summary.pdf,pipeline_only,extension,pipeline_extracted,
CO,11/14/2024,GEICO Indemnity Company,19.0 Personal Auto,19.0002 Motorcycle,0.000%,0.000%,0,19913,8065006,351.100%,-76.800%,rate_change,GECC-134221017,Filed,2024-08-22,output/pdfs/CO/134221017/filing_summary.pdf,pipeline_only,extension,pipeline_extracted,
CO,11/28/2024,GEICO Indemnity Company,19.0 Personal Auto,19.0001 Private Passenger Auto (PPA),0.000%,0.000%,0,72,66746,94.000%,-54.900%,rate_change,GECC-134293642,Filed,,output/pdfs/CO/134293642/filing_summary.pdf,pipeline_only,extension,pipeline_extracted,
CO,11/28/2024,GEICO Casualty Company,19.0 Personal Auto,19.0001 Private Passenger Auto (PPA),0.000%,0.000%,0,4096,3451655,202.200%,-67.900%,rate_change,GECC-134293642,Filed,,output/pdfs/CO/134293642/filing_summary.pdf,pipeline_only,extension,pipeline_extracted,
CO,11/28/2024,GEICO General Insurance Company,19.0 Personal Auto,19.0001 Private Passenger Auto (PPA),-2.400%,-0.200%,-734,444,367137,106.000%,-56.700%,rate_change,GECC-134293642,Filed,,output/pdfs/CO/134293642/filing_summary.pdf,pipeline_only,extension,pipeline_extracted,
CO,11/28/2024,Government Employees Insurance Company,19.0 Personal Auto,19.0001 Private Passenger Auto (PPA),-2.400%,-0.200%,-368,224,183804,91.400%,-62.000%,rate_change,GECC-134293642,Filed,,output/pdfs/CO/134293642/filing_summary.pdf,pipeline_only,extension,pipeline_extracted,
CO,11/28/2024,GEICO Secure Insurance Company,19.0 Personal Auto,19.0001 Private Passenger Auto (PPA),-4.600%,-0.800%,-10575,1570,1377379,60.300%,-32.400%,rate_change,GECC-134293642,Filed,,output/pdfs/CO/134293642/filing_summary.pdf,pipeline_only,extension,pipeline_extracted,
CO,07/03/2025,GEICO Indemnity Company,19.0 Personal Auto,19.0001 Private Passenger Auto (PPA),0.000%,0.000%,0,2112,6572372,7.420%,-10.170%,rate_change,GECC-134532692,Filed,2025-05-23,output/pdfs/CO/134532692/filing_summary.pdf,pipeline_only,original,pipeline_extracted,
CO,07/03/2025,GEICO Casualty Company,19.0 Personal Auto,19.0001 Private Passenger Auto (PPA),0.000%,0.000%,0,95787,254065149,30.380%,-23.560%,rate_change,GECC-134532692,Filed,2025-05-23,output/pdfs/CO/134532692/filing_summary.pdf,pipeline_only,original,pipeline_extracted,
CO,07/03/2025,GEICO General Insurance Company,19.0 Personal Auto,19.0001 Private Passenger Auto (PPA),0.000%,0.000%,0,10839,26803814,8.510%,-11.790%,rate_change,GECC-134532692,Filed,2025-05-23,output/pdfs/CO/134532692/filing_summary.pdf,pipeline_only,original,pipeline_extracted,
CO,07/03/2025,Government Employees Insurance Company,19.0 Personal Auto,19.0001 Private Passenger Auto (PPA),0.000%,0.000%,0,3979,10943770,7.040%,-11.790%,rate_change,GECC-134532692,Filed,2025-05-23,output/pdfs/CO/134532692/filing_summary.pdf,pipeline_only,original,pipeline_extracted,
CO,07/03/2025,GEICO Choice Insurance Company,19.0 Personal Auto,19.0001 Private Passenger Auto (PPA),0.000%,0.000%,0,13867,30098648,18.970%,-14.320%,rate_change,GECC-134532692,Filed,2025-05-23,output/pdfs/CO/134532692/filing_summary.pdf,pipeline_only,original,pipeline_extracted,
CO,07/03/2025,GEICO Secure Insurance Company,19.0 Personal Auto,19.0001 Private Passenger Auto (PPA),0.000%,0.000%,0,93994,211526381,18.970%,-14.320%,rate_change,GECC-134532692,Filed,2025-05-23,output/pdfs/CO/134532692/filing_summary.pdf,pipeline_only,original,pipeline_extracted,
CO,01/09/2026,GEICO Indemnity Company,19.0 Personal Auto,19.0001 Private Passenger Auto (PPA),0.000%,0.000%,0,2036,6572372,7.530%,-8.420%,rate_change,GECC-134788014,Filed,2026-01-05,output/pdfs/CO/134788014/filing_summary.pdf,pipeline_only,original,pipeline_extracted,
CO,01/09/2026,GEICO Casualty Company,19.0 Personal Auto,19.0001 Private Passenger Auto (PPA),0.000%,0.000%,0,91970,254065149,28.970%,-25.040%,rate_change,GECC-134788014,Filed,2026-01-05,output/pdfs/CO/134788014/filing_summary.pdf,pipeline_only,original,pipeline_extracted,
CO,01/09/2026,GEICO General Insurance Company,19.0 Personal Auto,19.0001 Private Passenger Auto (PPA),0.000%,0.000%,0,10392,26803814,8.500%,-11.740%,rate_change,GECC-134788014,Filed,2026-01-05,output/pdfs/CO/134788014/filing_summary.pdf,pipeline_only,original,pipeline_extracted,
CO,01/09/2026,Government Employees Insurance Company,19.0 Personal Auto,19.0001 Private Passenger Auto (PPA),0.000%,0.000%,0,3767,10943770,6.190%,-11.740%,rate_change,GECC-134788014,Filed,2026-01-05,output/pdfs/CO/134788014/filing_summary.pdf,pipeline_only,original,pipeline_extracted,
CO,01/09/2026,GEICO Choice Insurance Company,19.0 Personal Auto,19.0001 Private Passenger Auto (PPA),0.000%,0.000%,0,13868,30098648,17.990%,-13.460%,rate_change,GECC-134788014,Filed,2026-01-05,output/pdfs/CO/134788014/filing_summary.pdf,pipeline_only,original,pipeline_extracted,
CO,01/09/2026,GEICO Secure Insurance Company,19.0 Personal Auto,19.0001 Private Passenger Auto (PPA),0.000%,0.000%,0,92440,211526381,21.180%,-14.300%,rate_change,GECC-134788014,Filed,2026-01-05,output/pdfs/CO/134788014/filing_summary.pdf,pipeline_only,original,pipeline_extracted,
CO,04/02/2026,GEICO Indemnity Company,19.0 Personal Auto,19.0001 Private Passenger Auto (PPA),0.000%,0.000%,0,2036,5840869,20.400%,-24.800%,rate_change,GECC-134855405,Filed,2026-02-26,output/pdfs/CO/134855405/filing_summary.pdf,pipeline_only,original,pipeline_extracted,
CO,04/02/2026,GEICO Casualty Company,19.0 Personal Auto,19.0001 Private Passenger Auto (PPA),0.000%,0.000%,0,91970,202911983,40.200%,-24.400%,rate_change,GECC-134855405,Filed,2026-02-26,output/pdfs/CO/134855405/filing_summary.pdf,pipeline_only,original,pipeline_extracted,
CO,04/02/2026,GEICO General Insurance Company,19.0 Personal Auto,19.0001 Private Passenger Auto (PPA),0.000%,0.000%,0,10392,23811967,32.400%,-33.500%,rate_change,GECC-134855405,Filed,2026-02-26,output/pdfs/CO/134855405/filing_summary.pdf,pipeline_only,original,pipeline_extracted,
CO,04/02/2026,Government Employees Insurance Company,19.0 Personal Auto,19.0001 Private Passenger Auto (PPA),0.000%,0.000%,0,3767,9904386,17.800%,-26.000%,rate_change,GECC-134855405,Filed,2026-02-26,output/pdfs/CO/134855405/filing_summary.pdf,pipeline_only,original,pipeline_extracted,
CO,04/02/2026,GEICO Choice Insurance Company,19.0 Personal Auto,19.0001 Private Passenger Auto (PPA),0.000%,0.000%,0,13868,33792307,42.900%,-23.500%,rate_change,GECC-134855405,Filed,2026-02-26,output/pdfs/CO/134855405/filing_summary.pdf,pipeline_only,original,pipeline_extracted,
CO,04/02/2026,GEICO Secure Insurance Company,19.0 Personal Auto,19.0001 Private Passenger Auto (PPA),0.000%,0.000%,0,92440,231003997,50.200%,-30.300%,rate_change,GECC-134855405,Filed,2026-02-26,output/pdfs/CO/134855405/filing_summary.pdf,pipeline_only,original,pipeline_extracted,
CO,02/19/2024,Liberty Mutual Insurance Company,19.0 Personal Auto,19.0000 Personal Auto Combinations,22.600%,23.820%,91081,154,382315,39.510%,7.390%,rate_change,LBPM-133956914,Filed,2024-01-22,output/pdfs/CO/133956914/filing_summary.pdf,pipeline_only,extension,pipeline_extracted,
CO,02/19/2024,Liberty Mutual Personal Insurance Company,19.0 Personal Auto,19.0000 Personal Auto Combinations,22.600%,18.060%,36430703,60121,201665187,71.570%,-1.610%,rate_change,LBPM-133956914,Filed,2024-01-22,output/pdfs/CO/133956914/filing_summary.pdf,pipeline_only,extension,pipeline_extracted,
CO,03/18/2024,Liberty Mutual Insurance Company,04.0 Homeowners,04.0000 Homeowners Sub-TOI Combinations,33.900%,32.100%,83201,86,258934,32.400%,30.900%,rate_change,LBPM-133982771,Filed,2024-02-07,output/pdfs/CO/133982771/filing_summary.pdf,pipeline_only,extension,pipeline_extracted,
CO,04/22/2024,Liberty Mutual Fire Insurance Company,04.0 Homeowners,04.0000 Homeowners Sub-TOI Combinations,33.900%,30.800%,1761050,1041,5723227,49.480%,6.550%,rate_change,LBPM-133982981,Filed,2024-02-08,output/pdfs/CO/133982981/filing_summary.pdf,pipeline_only,extension,pipeline_extracted,
CO,03/18/2024,Liberty Insurance Corporation,04.0 Homeowners,04.0000 Homeowners Sub-TOI Combinations,33.900%,10.600%,462341,6311,4346875,19.700%,0.200%,rate_change,LBPM-133983256,Filed,2024-02-12,output/pdfs/CO/133983256/filing_summary.pdf,pipeline_only,extension,pipeline_extracted,
CO,03/18/2024,Liberty Mutual Insurance Company,04.0 Homeowners,04.0000 Homeowners Sub-TOI Combinations,33.900%,19.000%,944131,27606,4973452,20.600%,0.000%,rate_change,LBPM-133983256,Filed,2024-02-12,output/pdfs/CO/133983256/filing_summary.pdf,pipeline_only,extension,pipeline_extracted,
CO,03/18/2024,Liberty Mutual Personal Insurance Company,04.0 Homeowners,04.0000 Homeowners Sub-TOI Combinations,33.900%,32.000%,44809675,36447,139856088,32.600%,12.400%,rate_change,LBPM-133983256,Filed,2024-02-12,output/pdfs/CO/133983256/filing_summary.pdf,pipeline_only,extension,pipeline_extracted,
CO,06/30/2024,Liberty Mutual Insurance Company,19.0 Personal Auto,19.0000 Personal Auto Combinations,0.000%,0.000%,0,0,0,0.000%,0.000%,rate_change,LBPM-134146801,Filed,2024-06-17,output/pdfs/CO/134146801/filing_summary.pdf,pipeline_only,extension,pipeline_extracted,
CO,06/30/2024,Liberty Mutual Personal Insurance Company,19.0 Personal Auto,19.0000 Personal Auto Combinations,0.000%,0.000%,0,0,0,0.000%,0.000%,rate_change,LBPM-134146801,Filed,2024-06-17,output/pdfs/CO/134146801/filing_summary.pdf,pipeline_only,extension,pipeline_extracted,
CO,09/26/2024,Liberty Mutual Insurance Company,19.0 Personal Auto,19.0000 Personal Auto Combinations,-7.000%,-7.700%,-16958,74,219201,-3.900%,-10.200%,rate_change,LBPM-134255177,Filed,2024-09-20,output/pdfs/CO/134255177/filing_summary.pdf,pipeline_only,extension,pipeline_extracted,
CO,09/26/2024,Liberty Mutual Personal Insurance Company,19.0 Personal Auto,19.0000 Personal Auto Combinations,-7.000%,-6.500%,-10282039,42196,157253908,-2.600%,-11.600%,rate_change,LBPM-134255177,Filed,2024-09-20,output/pdfs/CO/134255177/filing_summary.pdf,pipeline_only,extension,pipeline_extracted,
CO,02/17/2025,Liberty Mutual Insurance Company,19.0 Personal Auto,19.0000 Personal Auto Combinations,0.000%,0.000%,0,74,202243,0.000%,0.000%,rate_change,LBPM-134358341,Filed,2024-12-20,output/pdfs/CO/134358341/filing_summary.pdf,pipeline_only,original,pipeline_extracted,
CO,02/17/2025,Liberty Mutual Personal Insurance Company,19.0 Personal Auto,19.0000 Personal Auto Combinations,0.000%,0.000%,0,42196,146971869,0.000%,0.000%,rate_change,LBPM-134358341,Filed,2024-12-20,output/pdfs/CO/134358341/filing_summary.pdf,pipeline_only,original,pipeline_extracted,
CO,01/23/2025,Liberty Mutual Insurance Company,04.0 Homeowners,04.0000 Homeowners Sub-TOI Combinations,0.000%,0.000%,0,109,441054,0.000%,0.000%,rate_change,LBPM-134362517,Filed,2025-01-09,output/pdfs/CO/134362517/filing_summary.pdf,pipeline_only,original,pipeline_extracted,
CO,05/17/2025,Liberty Mutual Insurance Company,04.0 Homeowners,04.0000 Homeowners Sub-TOI Combinations,0.000%,0.000%,0,98,186641,0.000%,0.000%,rate_change,LBPM-134488149,Filed,2025-04-08,output/pdfs/CO/134488149/filing_summary.pdf,pipeline_only,original,pipeline_extracted,
CO,05/30/2025,Liberty Mutual Insurance Company,19.0 Personal Auto,19.0000 Personal Auto Combinations,-2.200%,0.000%,37,43,89547,4.800%,-2.300%,rate_change,LBPM-134551958,Filed,2025-05-29,output/pdfs/CO/134551958/filing_summary.pdf,pipeline_only,original,pipeline_extracted,
CO,05/30/2025,Liberty Mutual Personal Insurance Company,19.0 Personal Auto,19.0000 Personal Auto Combinations,-2.200%,-2.000%,-2070653,30706,103250423,7.200%,-8.500%,rate_change,LBPM-134551958,Filed,2025-05-29,output/pdfs/CO/134551958/filing_summary.pdf,pipeline_only,original,pipeline_extracted,
CO,02/13/2026,Liberty Mutual Insurance Company,04.0 Homeowners,04.0000 Homeowners Sub-TOI Combinations,15.400%,3.030%,15791,121,520683,3.200%,2.800%,rate_change,LBPM-134814553,Filed,2026-01-27,output/pdfs/CO/134814553/filing_summary.pdf,pipeline_only,original,pipeline_extracted,
CO,03/20/2026,Liberty Mutual Fire Insurance Company,04.0 Homeowners,04.0000 Homeowners Sub-TOI Combinations,15.400%,3.390%,131586,515,3885888,8.130%,2.760%,rate_change,LBPM-134814588,Filed,2026-01-27,output/pdfs/CO/134814588/filing_summary.pdf,pipeline_only,original,pipeline_extracted,
CO,02/13/2026,Liberty Insurance Corporation,04.0 Homeowners,04.0000 Homeowners Sub-TOI Combinations,15.400%,8.000%,318742,4146,3983816,8.100%,4.400%,rate_change,LBPM-134814602,Filed,2026-01-27,output/pdfs/CO/134814602/filing_summary.pdf,pipeline_only,original,pipeline_extracted,
CO,02/13/2026,Liberty Mutual Personal Insurance Company,04.0 Homeowners,04.0000 Homeowners Sub-TOI Combinations,15.400%,3.010%,2486348,16429,82681536,3.340%,2.100%,rate_change,LBPM-134814602,Filed,2026-01-27,output/pdfs/CO/134814602/filing_summary.pdf,pipeline_only,original,pipeline_extracted,
CO,05/10/2024,Progressive Casualty Insurance Company,19.0 Personal Auto,19.0002 Motorcycle,1.300%,2.400%,22080,3035,919991,17.100%,-13.800%,rate_change,PRGS-133992978,Filed,2024-03-29,output/pdfs/CO/133992978/filing_summary.pdf,pipeline_only,extension,pipeline_extracted,
CO,05/10/2024,Progressive Direct Insurance Company,19.0 Personal Auto,19.0002 Motorcycle,1.300%,-0.800%,-121505,40534,15188138,17.400%,-19.900%,rate_change,PRGS-133992978,Filed,2024-03-29,output/pdfs/CO/133992978/filing_summary.pdf,pipeline_only,extension,pipeline_extracted,
CO,05/10/2024,Progressive Preferred Insurance Company,19.0 Personal Auto,19.0002 Motorcycle,1.300%,3.800%,292698,16916,7702583,17.900%,-11.200%,rate_change,PRGS-133992978,Filed,2024-03-29,output/pdfs/CO/133992978/filing_summary.pdf,pipeline_only,extension,pipeline_extracted,
CO,05/10/2024,Progressive Casualty Insurance Company,19.0 Personal Auto,19.0003 Recreational Vehicle (RV),5.600%,3.600%,12298,366,341619,31.900%,-5.400%,rate_change,PRGS-134048683,Filed,2024-04-03,output/pdfs/CO/134048683/filing_summary.pdf,pipeline_only,extension,pipeline_extracted,
CO,05/10/2024,Progressive Direct Insurance Company,19.0 Personal Auto,19.0003 Recreational Vehicle (RV),5.600%,0.700%,115486,19395,16498040,37.100%,-12.600%,rate_change,PRGS-134048683,Filed,2024-04-03,output/pdfs/CO/134048683/filing_summary.pdf,pipeline_only,extension,pipeline_extracted,
CO,05/10/2024,Progressive Preferred Insurance Company,19.0 Personal Auto,19.0003 Recreational Vehicle (RV),5.600%,4.500%,524907,11197,11664600,55.600%,-11.400%,rate_change,PRGS-134048683,Filed,2024-04-03,output/pdfs/CO/134048683/filing_summary.pdf,pipeline_only,extension,pipeline_extracted,
CO,09/13/2024,Progressive Casualty Insurance Company,19.0 Personal Auto,19.0001 Private Passenger Auto (PPA),-4.770%,-3.900%,-68765,660,1763207,3.600%,-14.300%,rate_change,PRGS-134231187,Filed,2024-09-12,output/pdfs/CO/134231187/filing_summary.pdf,pipeline_only,extension,pipeline_extracted,
CO,09/13/2024,Progressive Direct Insurance Company,19.0 Personal Auto,19.0001 Private Passenger Auto (PPA),-4.300%,-2.800%,-18657358,335061,666334199,30.500%,-32.400%,rate_change,PRGS-134231187,Filed,2024-09-12,output/pdfs/CO/134231187/filing_summary.pdf,pipeline_only,extension,pipeline_extracted,
CO,09/13/2024,Progressive Preferred Insurance Company,19.0 Personal Auto,19.0001 Private Passenger Auto (PPA),-4.770%,-3.200%,-9289570,101985,290299049,25.700%,-24.800%,rate_change,PRGS-134231187,Filed,2024-09-12,output/pdfs/CO/134231187/filing_summary.pdf,pipeline_only,extension,pipeline_extracted,
CO,09/13/2024,Progressive Specialty Insurance Company,19.0 Personal Auto,19.0001 Private Passenger Auto (PPA),-4.770%,-2.800%,-19789,246,706756,3.800%,-7.600%,rate_change,PRGS-134231187,Filed,2024-09-12,output/pdfs/CO/134231187/filing_summary.pdf,pipeline_only,extension,pipeline_extracted,
CO,09/13/2024,Progressive Mountain Insurance Company,19.0 Personal Auto,19.0001 Private Passenger Auto (PPA),-4.770%,-3.200%,-15751,220,492206,3.600%,-9.000%,rate_change,PRGS-134231187,Filed,2024-09-12,output/pdfs/CO/134231187/filing_summary.pdf,pipeline_only,extension,pipeline_extracted,
CO,05/30/2025,Progressive Casualty Insurance Company,19.0 Personal Auto,19.0001 Private Passenger Auto (PPA),-14.860%,-4.200%,-66805,596,1590594,10.300%,-14.930%,rate_change,PRGS-134483202,Filed,2025-05-30,output/pdfs/CO/134483202/filing_summary.pdf,pipeline_only,original,pipeline_extracted,
CO,05/30/2025,Progressive Direct Insurance Company,19.0 Personal Auto,19.0001 Private Passenger Auto (PPA),-7.390%,-3.000%,-22357214,345517,745240469,25.060%,-15.970%,rate_change,PRGS-134483202,Filed,2025-05-30,output/pdfs/CO/134483202/filing_summary.pdf,pipeline_only,original,pipeline_extracted,
CO,05/30/2025,Progressive Preferred Insurance Company,19.0 Personal Auto,19.0001 Private Passenger Auto (PPA),-14.860%,-6.100%,-18329542,117383,300484287,22.510%,-25.160%,rate_change,PRGS-134483202,Filed,2025-05-30,output/pdfs/CO/134483202/filing_summary.pdf,pipeline_only,original,pipeline_extracted,
CO,05/30/2025,Progressive Specialty Insurance Company,19.0 Personal Auto,19.0001 Private Passenger Auto (PPA),-14.860%,-4.400%,-28973,226,658471,8.180%,-12.990%,rate_change,PRGS-134483202,Filed,2025-05-30,output/pdfs/CO/134483202/filing_summary.pdf,pipeline_only,original,pipeline_extracted,
CO,05/30/2025,Progressive Mountain Insurance Company,19.0 Personal Auto,19.0001 Private Passenger Auto (PPA),-14.860%,-4.000%,-13851,218,346283,8.720%,-9.440%,rate_change,PRGS-134483202,Filed,2025-05-30,output/pdfs/CO/134483202/filing_summary.pdf,pipeline_only,original,pipeline_extracted,
CO,10/31/2025,Progressive Casualty Insurance Company,19.0 Personal Auto,19.0001 Private Passenger Auto (PPA),-11.640%,-7.300%,-116057,583,1589822,-2.210%,-9.680%,rate_change,PRGS-134710552,Filed,2025-10-30,output/pdfs/CO/134710552/filing_summary.pdf,pipeline_only,original,pipeline_extracted,
CO,10/31/2025,Progressive Preferred Insurance Company,19.0 Personal Auto,19.0001 Private Passenger Auto (PPA),-11.640%,-6.800%,-22756464,120629,334653880,-1.290%,-10.750%,rate_change,PRGS-134710552,Filed,2025-10-30,output/pdfs/CO/134710552/filing_summary.pdf,pipeline_only,original,pipeline_extracted,
CO,10/31/2025,Progressive Specialty Insurance Company,19.0 Personal Auto,19.0001 Private Passenger Auto (PPA),-11.640%,-7.200%,-48359,225,671657,-2.120%,-8.890%,rate_change,PRGS-134710552,Filed,2025-10-30,output/pdfs/CO/134710552/filing_summary.pdf,pipeline_only,original,pipeline_extracted,
CO,10/31/2025,Progressive Mountain Insurance Company,19.0 Personal Auto,19.0001 Private Passenger Auto (PPA),-11.640%,-7.300%,-35656,214,488445,-2.760%,-9.790%,rate_change,PRGS-134710552,Filed,2025-10-30,output/pdfs/CO/134710552/filing_summary.pdf,pipeline_only,original,pipeline_extracted,
CO,10/31/2025,Progressive Direct Insurance Company,19.0 Personal Auto,19.0001 Private Passenger Auto (PPA),-7.050%,-4.800%,-35046584,354385,730137175,4.800%,-8.560%,rate_change,PRGS-134710552,Filed,2025-10-30,output/pdfs/CO/134710552/filing_summary.pdf,pipeline_only,original,pipeline_extracted,
CO,05/16/2024,Safeco Insurance Company of America,19.0 Personal Auto,19.0000 Personal Auto Combinations,20.800%,20.000%,84325505,146808,421627524,42.200%,6.600%,rate_change,LBPM-133980983,Filed,2024-02-06,output/pdfs/CO/133980983/filing_summary.pdf,pipeline_only,extension,pipeline_extracted,
CO,04/14/2024,Safeco Insurance Company of America,04.0 Homeowners,04.0000 Homeowners Sub-TOI Combinations,19.500%,17.000%,37484820,80544,220355512,24.400%,0.000%,rate_change,LBPM-134021186,Filed,2024-03-08,output/pdfs/CO/134021186/filing_summary.pdf,pipeline_only,extension,pipeline_extracted,
CO,04/14/2025,Safeco Insurance Company of America,04.0 Homeowners,04.0000 Homeowners Sub-TOI Combinations,17.100%,13.500%,28040694,54702,207965553,72.400%,-33.200%,rate_change,LBPM-134412448,Filed,2025-02-14,output/pdfs/CO/134412448/filing_summary.pdf,pipeline_only,original,pipeline_extracted,
CO,04/14/2025,Safeco Insurance Company of America,04.0 Homeowners,04.0001 Condominium Homeowners,0.000%,0.000%,0,0,0,0.000%,0.000%,rate_change,LBPM-134450061,Filed,2025-03-11,output/pdfs/CO/134450061/filing_summary.pdf,pipeline_only,original,pipeline_extracted,
CO,02/15/2026,Safeco Insurance Company of America,19.0 Personal Auto,19.0000 Personal Auto Combinations,3.000%,0.000%,0,91072,310820277,21.000%,-15.000%,rate_change,LBPM-134762479,Filed,2025-12-09,output/pdfs/CO/134762479/filing_summary.pdf,pipeline_only,original,pipeline_extracted,
CO,01/01/2024,State Farm Fire and Casualty Company,19.0 Personal Auto,19.0001 Private Passenger Auto (PPA),0.000%,0.000%,0,37211,84558310,22.400%,-32.700%,rate_change,SFMA-133813868,Filed,2023-10-19,output/pdfs/CO/133813868/filing_summary.pdf,pipeline_only,extension,pipeline_extracted,
CO,01/01/2024,State Farm Mutual Automobile Insurance Company,19.0 Personal Auto,19.0001 Private Passenger Auto (PPA),0.000%,0.000%,0,1064476,1473318320,33.000%,-34.400%,rate_change,SFMA-133813868,Filed,2023-10-19,output/pdfs/CO/133813868/filing_summary.pdf,pipeline_only,extension,pipeline_extracted,
CO,01/01/2024,State Farm Fire and Casualty Company,04.0 Homeowners,04.0000 Homeowners Sub-TOI Combinations,,0.000%,0,321044,779047416,0.000%,0.000%,rate_change,SFMA-133854726,Filed,2023-10-26,output/pdfs/CO/133854726/filing_summary.pdf,pipeline_only,extension,pipeline_extracted,
CO,05/15/2024,State Farm Fire and Casualty Company,04.0 Homeowners,04.0002 Mobile Homeowners,-4.000%,0.000%,0,5621,4495656,0.000%,0.000%,rate_change,SFMA-134031583,Filed,2024-03-22,output/pdfs/CO/134031583/filing_summary.pdf,pipeline_only,extension,pipeline_extracted,
CO,06/24/2024,State Farm Fire and Casualty Company,19.0 Personal Auto,19.0002 Motorcycle,3.900%,-0.013%,-169,3758,1285311,5.900%,-8.600%,rate_change,SFMA-134063170,Filed,2024-04-19,output/pdfs/CO/134063170/filing_summary.pdf,pipeline_only,extension,pipeline_extracted,
CO,06/24/2024,State Farm Mutual Automobile Insurance Company,19.0 Personal Auto,19.0002 Motorcycle,3.900%,0.004%,289,47302,7694646,5.000%,-9.700%,rate_change,SFMA-134063170,Filed,2024-04-19,output/pdfs/CO/134063170/filing_summary.pdf,pipeline_only,extension,pipeline_extracted,
CO,06/24/2024,State Farm Fire and Casualty Company,19.0 Personal Auto,19.0003 Recreational Vehicle (RV),16.400%,4.930%,14497,528,294082,36.400%,-1.700%,rate_change,SFMA-134063195,Filed,2024-04-19,output/pdfs/CO/134063195/filing_summary.pdf,pipeline_only,extension,pipeline_extracted,
CO,06/24/2024,State Farm Mutual Automobile Insurance Company,19.0 Personal Auto,19.0003 Recreational Vehicle (RV),16.400%,4.191%,1186056,80760,28302212,37.900%,-2.100%,rate_change,SFMA-134063195,Filed,2024-04-19,output/pdfs/CO/134063195/filing_summary.pdf,pipeline_only,extension,pipeline_extracted,
CO,06/24/2024,State Farm Fire and Casualty Company,19.0 Personal Auto,19.0001 Private Passenger Auto (PPA),16.200%,3.934%,3572986,39522,90815766,19.500%,-1.500%,rate_change,SFMA-134063219,Filed,2024-04-19,output/pdfs/CO/134063219/filing_summary.pdf,pipeline_only,extension,pipeline_extracted,
CO,06/24/2024,State Farm Mutual Automobile Insurance Company,19.0 Personal Auto,19.0001 Private Passenger Auto (PPA),9.200%,5.952%,92630891,1107208,1556407336,21.400%,-3.900%,rate_change,SFMA-134063219,Filed,2024-04-19,output/pdfs/CO/134063219/filing_summary.pdf,pipeline_only,extension,pipeline_extracted,
CO,08/01/2024,State Farm Fire and Casualty Company,19.0 Personal Auto,19.0002 Motorcycle,0.000%,0.000%,0,3762,1330172,10.000%,-9.500%,rate_change,SFMA-134075540,Filed,2024-05-20,output/pdfs/CO/134075540/filing_summary.pdf,pipeline_only,extension,pipeline_extracted,
CO,08/01/2024,State Farm Mutual Automobile Insurance Company,19.0 Personal Auto,19.0002 Motorcycle,0.000%,0.000%,0,47353,7777759,9.500%,-9.000%,rate_change,SFMA-134075540,Filed,2024-05-20,output/pdfs/CO/134075540/filing_summary.pdf,pipeline_only,extension,pipeline_extracted,
CO,07/01/2024,State Farm Fire and Casualty Company,04.0 Homeowners,04.0002 Mobile Homeowners,0.000%,-0.045%,-2000,5631,4459286,0.000%,-5.100%,rate_change,SFMA-134105990,Filed,2024-05-17,output/pdfs/CO/134105990/filing_summary.pdf,pipeline_only,extension,pipeline_extracted,
CO,08/01/2024,State Farm Fire and Casualty Company,04.0 Homeowners,04.0000 Homeowners Sub-TOI Combinations,13.900%,12.300%,106401709,524125,862070300,298.900%,-15.200%,rate_change,SFMA-134107198,Filed,2024-06-03,output/pdfs/CO/134107198/filing_summary.pdf,pipeline_only,extension,pipeline_extracted,
CO,10/15/2024,State Farm Fire and Casualty Company,04.0 Homeowners,04.0005 Other Homeowners,29.700%,26.300%,3465556,24282,13177019,95.000%,0.000%,rate_change,SFMA-134195289,Filed,2024-07-31,output/pdfs/CO/134195289/filing_summary.pdf,pipeline_only,extension,pipeline_extracted,
CO,10/15/2024,State Farm Fire and Casualty Company,04.0 Homeowners,04.0005 Other Homeowners,19.300%,18.700%,17074879,56537,91309513,69.400%,-19.700%,rate_change,SFMA-134195306,Filed,2024-07-31,output/pdfs/CO/134195306/filing_summary.pdf,pipeline_only,extension,pipeline_extracted,
CO,04/15/2025,State Farm Fire and Casualty Company,19.0 Personal Auto,19.0001 Private Passenger Auto (PPA),0.000%,0.000%,0,40568,96780298,23.900%,-24.800%,rate_change,SFMA-134294866,Filed,2025-01-28,output/pdfs/CO/134294866/filing_summary.pdf,pipeline_only,original,pipeline_extracted,
CO,04/15/2025,State Farm Mutual Automobile Insurance Company,19.0 Personal Auto,19.0001 Private Passenger Auto (PPA),0.000%,0.000%,0,1135697,1696535022,35.800%,-30.200%,rate_change,SFMA-134294866,Filed,2025-01-28,output/pdfs/CO/134294866/filing_summary.pdf,pipeline_only,original,pipeline_extracted,
CO,01/27/2025,State Farm Fire and Casualty Company,19.0 Personal Auto,19.0002 Motorcycle,3.700%,0.000%,-2,4164,1513879,5.600%,-8.900%,rate_change,SFMA-134320521,Filed,2024-11-22,output/pdfs/CO/134320521/filing_summary.pdf,pipeline_only,original,pipeline_extracted,
CO,01/27/2025,State Farm Mutual Automobile Insurance Company,19.0 Personal Auto,19.0002 Motorcycle,3.700%,-0.004%,-285,48376,8064746,4.600%,-10.500%,rate_change,SFMA-134320521,Filed,2024-11-22,output/pdfs/CO/134320521/filing_summary.pdf,pipeline_only,original,pipeline_extracted,
CO,01/27/2025,State Farm Fire and Casualty Company,19.0 Personal Auto,19.0001 Private Passenger Auto (PPA),-3.300%,-0.035%,-33639,40568,96780298,12.100%,-26.600%,rate_change,SFMA-134320536,Filed,2024-11-22,output/pdfs/CO/134320536/filing_summary.pdf,pipeline_only,original,pipeline_extracted,
CO,01/27/2025,State Farm Mutual Automobile Insurance Company,19.0 Personal Auto,19.0001 Private Passenger Auto (PPA),0.200%,-0.013%,-213146,1135697,1696535022,11.000%,-21.700%,rate_change,SFMA-134320536,Filed,2024-11-22,output/pdfs/CO/134320536/filing_summary.pdf,pipeline_only,original,pipeline_extracted,
CO,01/27/2025,State Farm Fire and Casualty Company,19.0 Personal Auto,19.0003 Recreational Vehicle (RV),3.700%,0.001%,3,601,373240,1.800%,-2.600%,rate_change,SFMA-134320543,Filed,2024-11-22,output/pdfs/CO/134320543/filing_summary.pdf,pipeline_only,original,pipeline_extracted,
CO,01/27/2025,State Farm Mutual Automobile Insurance Company,19.0 Personal Auto,19.0003 Recreational Vehicle (RV),3.700%,0.000%,-122,82673,30432911,3.200%,-4.200%,rate_change,SFMA-134320543,Filed,2024-11-22,output/pdfs/CO/134320543/filing_summary.pdf,pipeline_only,original,pipeline_extracted,
CO,03/15/2025,State Farm Fire and Casualty Company,04.0 Homeowners,04.0000 Homeowners Sub-TOI Combinations,,0.000%,0,545361,1079084772,0.000%,0.000%,rate_change,SFMA-134393639,Filed,2025-02-07,output/pdfs/CO/134393639/filing_summary.pdf,pipeline_only,original,pipeline_extracted,
CO,05/15/2025,State Farm Fire and Casualty Company,04.0 Homeowners,04.0002 Mobile Homeowners,10.300%,10.000%,453710,5717,4557304,11.200%,0.000%,rate_change,SFMA-134452674,Filed,2025-03-18,output/pdfs/CO/134452674/filing_summary.pdf,pipeline_only,original,pipeline_extracted,
CO,07/01/2025,State Farm Fire and Casualty Company,04.0 Homeowners,04.0000 Homeowners Sub-TOI Combinations,23.200%,16.400%,177509947,545361,1079084772,50.400%,-10.800%,rate_change,SFMA-134522369,Filed,2025-05-09,output/pdfs/CO/134522369/filing_summary.pdf,pipeline_only,original,pipeline_extracted,
CO,07/29/2025,State Farm Fire and Casualty Company,19.0 Personal Auto,19.0003 Recreational Vehicle (RV),15.700%,18.600%,77260,622,415386,75.000%,0.000%,rate_change,SFMA-134532940,Filed,2025-05-20,output/pdfs/CO/134532940/filing_summary.pdf,pipeline_only,original,pipeline_extracted,
CO,07/29/2025,State Farm Mutual Automobile Insurance Company,19.0 Personal Auto,19.0003 Recreational Vehicle (RV),15.700%,13.304%,4059986,82769,30516879,70.800%,-19.400%,rate_change,SFMA-134532940,Filed,2025-05-20,output/pdfs/CO/134532940/filing_summary.pdf,pipeline_only,original,pipeline_extracted,
CO,07/29/2025,State Farm Fire and Casualty Company,19.0 Personal Auto,19.0002 Motorcycle,2.500%,1.002%,14474,4148,1444547,35.300%,-9.900%,rate_change,SFMA-134532992,Filed,2025-05-20,output/pdfs/CO/134532992/filing_summary.pdf,pipeline_only,original,pipeline_extracted,
CO,07/29/2025,State Farm Mutual Automobile Insurance Company,19.0 Personal Auto,19.0002 Motorcycle,2.500%,-0.005%,-420,47994,7960381,35.300%,-13.000%,rate_change,SFMA-134532992,Filed,2025-05-20,output/pdfs/CO/134532992/filing_summary.pdf,pipeline_only,original,pipeline_extracted,
CO,07/29/2025,State Farm Fire and Casualty Company,19.0 Personal Auto,19.0000 Personal Auto Combinations,13.600%,-3.050%,-2489382,35300,81620214,36.200%,-28.600%,rate_change,SFMA-134532998,Filed,2025-05-20,output/pdfs/CO/134532998/filing_summary.pdf,pipeline_only,original,pipeline_extracted,
CO,07/29/2025,State Farm Mutual Automobile Insurance Company,19.0 Personal Auto,19.0000 Personal Auto Combinations,0.000%,-4.045%,-69278198,1152647,1712624141,24.700%,-43.600%,rate_change,SFMA-134532998,Filed,2025-05-20,output/pdfs/CO/134532998/filing_summary.pdf,pipeline_only,original,pipeline_extracted,
CO,09/15/2025,State Farm Fire and Casualty Company,04.0 Homeowners,04.0000 Homeowners Sub-TOI Combinations,,0.000%,0,545361,1256594719,0.000%,0.000%,rate_change,SFMA-134604280,Filed,2025-08-12,output/pdfs/CO/134604280/filing_summary.pdf,pipeline_only,original,pipeline_extracted,
CO,10/15/2025,State Farm Fire and Casualty Company,04.0 Homeowners,04.0005 Other Homeowners,11.000%,9.800%,11393108,60097,116259930,38.000%,-8.300%,rate_change,SFMA-134620253,Filed,2025-07-31,output/pdfs/CO/134620253/filing_summary.pdf,pipeline_only,original,pipeline_extracted,
CO,10/15/2025,State Farm Fire and Casualty Company,04.0 Homeowners,04.0005 Other Homeowners,25.800%,12.600%,2433030,25748,19304787,14.900%,2.800%,rate_change,SFMA-134620275,Filed,2025-07-31,output/pdfs/CO/134620275/filing_summary.pdf,pipeline_only,original,pipeline_extracted,
CO,12/15/2025,State Farm Fire and Casualty Company,19.0 Personal Auto,19.0001 Private Passenger Auto (PPA),9.200%,-8.959%,-5629719,29073,62836805,1.900%,-15.900%,rate_change,SFMA-134702926,Filed,2025-10-24,output/pdfs/CO/134702926/filing_summary.pdf,pipeline_only,original,pipeline_extracted,
CO,12/15/2025,State Farm Mutual Automobile Insurance Company,19.0 Personal Auto,19.0001 Private Passenger Auto (PPA),0.300%,-7.822%,-130056850,1174505,1662621165,1.100%,-12.200%,rate_change,SFMA-134702926,Filed,2025-10-24,output/pdfs/CO/134702926/filing_summary.pdf,pipeline_only,original,pipeline_extracted,
CO,12/15/2025,State Farm Fire and Casualty Company,19.0 Personal Auto,19.0003 Recreational Vehicle (RV),15.700%,0.001%,4,714,547530,1.900%,-1.400%,rate_change,SFMA-134702973,Filed,2025-10-24,output/pdfs/CO/134702973/filing_summary.pdf,pipeline_only,original,pipeline_extracted,
CO,12/15/2025,State Farm Mutual Automobile Insurance Company,19.0 Personal Auto,19.0003 Recreational Vehicle (RV),15.700%,0.000%,0,84036,35371108,0.100%,-1.400%,rate_change,SFMA-134702973,Filed,2025-10-24,output/pdfs/CO/134702973/filing_summary.pdf,pipeline_only,original,pipeline_extracted,
CO,12/15/2025,State Farm Fire and Casualty Company,19.0 Personal Auto,19.0002 Motorcycle,2.500%,0.005%,84,4641,1731791,1.400%,0.000%,rate_change,SFMA-134702979,Filed,2025-10-24,output/pdfs/CO/134702979/filing_summary.pdf,pipeline_only,original,pipeline_extracted,
CO,12/15/2025,State Farm Mutual Automobile Insurance Company,19.0 Personal Auto,19.0002 Motorcycle,2.500%,0.003%,210,48758,8319393,0.100%,0.000%,rate_change,SFMA-134702979,Filed,2025-10-24,output/pdfs/CO/134702979/filing_summary.pdf,pipeline_only,original,pipeline_extracted,
CO,01/08/2024,Travelers Personal Insurance Company,04.0 Homeowners,04.0000 Homeowners Sub-TOI Combinations,20.900%,0.000%,0,107553,208577338,0.000%,0.000%,rate_change,TRVD-133832294,Filed,2023-10-03,output/pdfs/CO/133832294/filing_summary.pdf,pipeline_only,extension,pipeline_extracted,
CO,05/11/2024,The Travelers Home and Marine Insurance Company,04.0 Homeowners,04.0000 Homeowners Sub-TOI Combinations,7.700%,6.900%,3373283,18168,48888163,14.300%,0.000%,rate_change,TRVD-133970791,Filed,2024-02-29,output/pdfs/CO/133970791/filing_summary.pdf,pipeline_only,extension,pipeline_extracted,
CO,05/11/2024,Travelers Commercial Insurance Company,04.0 Homeowners,04.0000 Homeowners Sub-TOI Combinations,7.700%,6.600%,124286,709,1883123,11.100%,0.000%,rate_change,TRVD-133970791,Filed,2024-02-29,output/pdfs/CO/133970791/filing_summary.pdf,pipeline_only,extension,pipeline_extracted,
CO,05/19/2024,Travelers Personal Insurance Company,04.0 Homeowners,04.0000 Homeowners Sub-TOI Combinations,,0.000%,0,111122,282012247,0.000%,0.000%,rate_change,TRVD-134023175,Filed,2024-04-04,output/pdfs/CO/134023175/filing_summary.pdf,pipeline_only,extension,pipeline_extracted,
CO,11/16/2024,The Travelers Home and Marine Insurance Company,04.0 Homeowners,04.0000 Homeowners Sub-TOI Combinations,,0.000%,0,16894,49091288,5.200%,0.000%,rate_change,TRVD-G134256940,Filed,2024-09-24,output/pdfs/CO/134259047/filing_summary.pdf,pipeline_only,extension,pipeline_extracted,
CO,11/16/2024,Travelers Commercial Insurance Company,04.0 Homeowners,04.0000 Homeowners Sub-TOI Combinations,,0.000%,0,654,1873592,0.000%,0.000%,rate_change,TRVD-G134256940,Filed,2024-09-24,output/pdfs/CO/134259047/filing_summary.pdf,pipeline_only,extension,pipeline_extracted,
CO,03/14/2025,Travelers Personal Insurance Company,04.0 Homeowners,04.0000 Homeowners Sub-TOI Combinations,20.700%,9.900%,29899633,105836,302016491,21.400%,-14.800%,rate_change,TRVD-G134420284,Filed,2025-02-27,output/pdfs/CO/134438849/filing_summary.pdf,pipeline_only,original,pipeline_extracted,
CO,05/17/2025,The Travelers Home and Marine Insurance Company,04.0 Homeowners,04.0000 Homeowners Sub-TOI Combinations,28.800%,13.200%,5955691,15472,45118871,24.300%,-2.900%,rate_change,TRVD-G134450451,Filed,2025-03-10,output/pdfs/CO/134451532/filing_summary.pdf,pipeline_only,original,pipeline_extracted,
CO,05/17/2025,Travelers Commercial Insurance Company,04.0 Homeowners,04.0000 Homeowners Sub-TOI Combinations,28.800%,14.500%,244055,584,1683140,23.700%,-2.500%,rate_change,TRVD-G134450451,Filed,2025-03-10,output/pdfs/CO/134451532/filing_summary.pdf,pipeline_only,original,pipeline_extracted,
CO,08/17/2025,Travelers Personal Insurance Company,04.0 Homeowners,04.0000 Homeowners Sub-TOI Combinations,,0.000%,0,106478,334013501,16.700%,-35.000%,rate_change,TRVD-G134585304,Filed,2025-07-11,output/pdfs/CO/134602353/filing_summary.pdf,pipeline_only,original,pipeline_extracted,
CO,11/16/2025,Travelers Personal Insurance Company,04.0 Homeowners,04.0000 Homeowners Sub-TOI Combinations,,0.000%,0,100997,334013501,0.000%,0.000%,rate_change,TRVD-G134688466,Filed,2025-10-08,output/pdfs/CO/134700105/filing_summary.pdf,pipeline_only,original,pipeline_extracted,
OR,01/08/2024,Allstate North American Insurance Company,19.0 Personal Auto,19.0001 Private Passenger Auto (PPA),,14.200%,83079,641,585623,106.100%,2.500%,rate_change,ALSE-133936057,Filed,2023-12-27,output/pdfs/OR/133936057/filing_summary.pdf,pipeline_only,extension,pipeline_extracted,
OR,02/26/2024,Allstate Vehicle and Property Insurance Company,04.0 Homeowners,04.0003 Owner Occupied Homeowners,22.700%,22.600%,16316876,53955,72198565,71.600%,1.400%,rate_change,ALSE-133989722,Filed,2024-02-12,output/pdfs/OR/133989722/filing_summary.pdf,pipeline_only,extension,pipeline_extracted,
OR,09/06/2024,Allstate North American Insurance Company,19.0 Personal Auto,19.0001 Private Passenger Auto (PPA),6.900%,22.000%,1100426,4685,5001936,125.200%,-14.700%,rate_change,ALSE-134119342,Filed,2024-05-23,output/pdfs/OR/134119342/filing_summary.pdf,pipeline_only,extension,pipeline_extracted,
OR,08/19/2024,Allstate Fire and Casualty Insurance Company,19.0 Personal Auto,19.0001 Private Passenger Auto (PPA),0.000%,0.000%,0,0,205270836,0.000%,0.000%,rate_change,ALSE-134145619,Filed,2024-06-14,output/pdfs/OR/134145619/filing_summary.pdf,pipeline_only,extension,pipeline_extracted,
OR,11/11/2024,Allstate Insurance Company,19.0 Personal Auto,19.0001 Private Passenger Auto (PPA),0.000%,0.000%,0,0,19186055,0.000%,0.000%,rate_change,ALSE-134230450,Filed,2024-08-28,output/pdfs/OR/134230450/filing_summary.pdf,pipeline_only,extension,pipeline_extracted,
OR,11/11/2024,Allstate Property and Casualty Insurance Company,19.0 Personal Auto,19.0001 Private Passenger Auto (PPA),0.000%,0.000%,0,0,4274290,0.000%,0.000%,rate_change,ALSE-134230450,Filed,2024-08-28,output/pdfs/OR/134230450/filing_summary.pdf,pipeline_only,extension,pipeline_extracted,
OR,11/11/2024,Allstate Indemnity Company,19.0 Personal Auto,19.0001 Private Passenger Auto (PPA),0.000%,0.000%,0,0,13326035,0.000%,0.000%,rate_change,ALSE-134230450,Filed,2024-08-28,output/pdfs/OR/134230450/filing_summary.pdf,pipeline_only,extension,pipeline_extracted,
OR,10/14/2024,Allstate Indemnity Company,04.0 Homeowners,04.0002 Mobile Homeowners,9.900%,9.900%,463688,3866,4685463,11.400%,3.500%,rate_change,ALSE-134232468,Filed,2024-08-30,output/pdfs/OR/134232468/filing_summary.pdf,pipeline_only,extension,pipeline_extracted,
OR,09/16/2024,Allstate Fire and Casualty Insurance Company,19.0 Personal Auto,19.0001 Private Passenger Auto (PPA),3.100%,3.100%,7669958,86649,247418016,5.800%,0.000%,rate_change,ALSE-134232948,Filed,2024-08-30,output/pdfs/OR/134232948/filing_summary.pdf,pipeline_only,extension,pipeline_extracted,
OR,10/14/2024,Allstate Insurance Company,04.0 Homeowners,04.0001 Condominium Homeowners,40.800%,40.800%,673863,3309,1651879,50.400%,24.300%,rate_change,ALSE-134232985,Filed,2024-08-30,output/pdfs/OR/134232985/filing_summary.pdf,pipeline_only,extension,pipeline_extracted,
OR,12/02/2024,Allstate Property and Casualty Insurance Company,04.0 Homeowners,04.0003 Owner Occupied Homeowners,6.700%,6.700%,729949,7493,10894754,8.600%,4.400%,rate_change,ALSE-134298911,Filed,2024-10-28,output/pdfs/OR/134298911/filing_summary.pdf,pipeline_only,extension,pipeline_extracted,
OR,12/02/2024,Allstate Insurance Company,04.0 Homeowners,04.0003 Owner Occupied Homeowners,11.500%,11.500%,1183531,7254,10291575,13.300%,7.500%,rate_change,ALSE-134298948,Filed,2024-10-28,output/pdfs/OR/134298948/filing_summary.pdf,pipeline_only,extension,pipeline_extracted,
OR,12/02/2024,Allstate Indemnity Company,04.0 Homeowners,04.0003 Owner Occupied Homeowners,14.700%,14.700%,846072,3735,5755591,15.600%,7.600%,rate_change,ALSE-134301863,Filed,2024-10-29,output/pdfs/OR/134301863/filing_summary.pdf,pipeline_only,extension,pipeline_extracted,
OR,03/03/2025,Allstate Vehicle and Property Insurance Company,04.0 Homeowners,04.0003 Owner Occupied Homeowners,16.600%,10.300%,9019288,55420,87565899,20.100%,4.300%,rate_change,ALSE-134399337,Filed,2025-01-31,output/pdfs/OR/134399337/filing_summary.pdf,pipeline_only,original,pipeline_extracted_in_validated_window,
OR,03/18/2025,Allstate North American Insurance Company,19.0 Personal Auto,19.0001 Private Passenger Auto (PPA),0.000%,0.000%,0,18009,46042163,18.400%,-2.300%,rate_change,ALSE-134450781,Filed,2025-03-07,output/pdfs/OR/134450781/filing_summary.pdf,pipeline_only,original,pipeline_extracted_in_validated_window,
OR,06/23/2025,Allstate Fire and Casualty Insurance Company,19.0 Personal Auto,19.0001 Private Passenger Auto (PPA),0.000%,0.000%,0,0,201110550,0.000%,0.000%,rate_change,ALSE-134490765,Filed,2025-04-09,output/pdfs/OR/134490765/filing_summary.pdf,ambest_validated,original,ambest_cross_checked,direct
OR,06/30/2025,Allstate North American Insurance Company,19.0 Personal Auto,19.0001 Private Passenger Auto (PPA),0.000%,-5.000%,-3148129,24444,62962576,-4.000%,-11.700%,rate_change,ALSE-134566002,Filed,2025-06-10,output/pdfs/OR/134566002/filing_summary.pdf,ambest_validated,original,ambest_cross_checked,direct
OR,07/21/2025,Allstate Insurance Company,19.0 Personal Auto,19.0004 Other,31.000%,31.000%,65123,889,210221,77.600%,0.000%,rate_change,ALSE-134570882,Filed,2025-06-13,output/pdfs/OR/134570882/filing_summary.pdf,ambest_validated,original,ambest_cross_checked,direct
OR,07/14/2025,Allstate North American Insurance Company,19.0 Personal Auto,19.0001 Private Passenger Auto (PPA),0.000%,-0.600%,-441209,28228,73534790,0.000%,-1.100%,rate_change,ALSE-134580010,Filed,2025-06-23,output/pdfs/OR/134580010/filing_summary.pdf,ambest_validated,original,ambest_cross_checked,direct
OR,11/03/2025,Allstate Insurance Company,19.0 Personal Auto,19.0001 Private Passenger Auto (PPA),0.000%,0.000%,0,0,18112177,0.000%,0.000%,rate_change,ALSE-134650509,Filed,2025-08-25,output/pdfs/OR/134650509/filing_summary.pdf,pipeline_only,original,pipeline_extracted_in_validated_window,
OR,11/03/2025,Allstate Property and Casualty Insurance Company,19.0 Personal Auto,19.0001 Private Passenger Auto (PPA),0.000%,0.000%,0,0,12495941,0.000%,0.000%,rate_change,ALSE-134650509,Filed,2025-08-25,output/pdfs/OR/134650509/filing_summary.pdf,pipeline_only,original,pipeline_extracted_in_validated_window,
OR,11/03/2025,Allstate Indemnity Company,19.0 Personal Auto,19.0001 Private Passenger Auto (PPA),0.000%,0.000%,0,0,3196373,0.000%,0.000%,rate_change,ALSE-134650509,Filed,2025-08-25,output/pdfs/OR/134650509/filing_summary.pdf,pipeline_only,original,pipeline_extracted_in_validated_window,
OR,10/20/2025,Allstate Insurance Company,04.0 Homeowners,04.0001 Condominium Homeowners,8.800%,8.800%,205665,3289,2336296,13.700%,1.700%,rate_change,ALSE-134653139,Filed,2025-08-27,output/pdfs/OR/134653139/filing_summary.pdf,pipeline_only,original,pipeline_extracted_in_validated_window,
OR,10/20/2025,Allstate Property and Casualty Insurance Company,19.0 Personal Auto,19.0000 Personal Auto Combinations,22.000%,11.400%,263092,5895,2307823,134.700%,0.000%,rate_change,ALSE-134662416,Filed,2025-09-05,output/pdfs/OR/134662416/filing_summary.pdf,ambest_validated,original,ambest_cross_checked,direct
OR,03/26/2026,Allstate North American Insurance Company,04.0 Homeowners,04.0004 Tenant Homeowners,0.000%,0.000%,0,19785,2482322,3.500%,-1.600%,rate_change,ALSE-134829446,Filed,2026-02-05,output/pdfs/OR/134829446/filing_summary.pdf,pipeline_only,original,pipeline_extracted_in_validated_window,
OR,04/14/2026,Allstate North American Insurance Company,19.0 Personal Auto,19.0001 Private Passenger Auto (PPA),,0.500%,414985,35084,82996959,5.000%,-1.000%,rate_change_pending,ALSE-134886800,Review pending,2026-03-30,output/pdfs/OR/134886800/filing_summary.pdf,pipeline_only,original,pipeline_extracted_in_validated_window,
OR,08/12/2024,Encompass Insurance Company,19.0 Personal Auto,19.0001 Private Passenger Auto (PPA),45.100%,25.000%,478820,769,1915281,77.800%,-5.300%,rate_change,GMMX-134183181,Filed,2024-07-18,output/pdfs/OR/134183181/filing_summary.pdf,pipeline_only,extension,pipeline_extracted,
OR,08/12/2024,Encompass Insurance Company,04.0 Homeowners,04.0000 Homeowners Sub-TOI Combinations,51.200%,15.000%,134206,616,894709,45.600%,-13.000%,rate_change,GMMX-134184861,Filed,2024-07-19,output/pdfs/OR/134184861/filing_summary.pdf,pipeline_only,extension,pipeline_extracted,
OR,04/14/2025,Encompass Insurance Company,19.0 Personal Auto,19.0001 Private Passenger Auto (PPA),0.000%,0.000%,-45471,1423,4616938,7.400%,-5.100%,rate_change,GMMX-134457186,Filed,2025-03-14,output/pdfs/OR/134457186/filing_summary.pdf,ambest_validated,original,ambest_cross_checked,direct
OR,03/14/2024,GEICO Choice Insurance Company,19.0 Personal Auto,19.0001 Private Passenger Auto (PPA),0.000%,0.000%,0,217,261620,12.400%,-6.900%,rate_change,GECC-133987585,Filed,2024-02-14,output/pdfs/OR/133987585/filing_summary.pdf,pipeline_only,extension,pipeline_extracted,
OR,03/14/2024,GEICO Secure Insurance Company,19.0 Personal Auto,19.0001 Private Passenger Auto (PPA),0.000%,0.000%,0,77046,162157109,12.400%,-6.900%,rate_change,GECC-133987585,Filed,2024-02-14,output/pdfs/OR/133987585/filing_summary.pdf,pipeline_only,extension,pipeline_extracted,
OR,04/11/2024,GEICO Choice Insurance Company,19.0 Personal Auto,19.0001 Private Passenger Auto (PPA),0.000%,-10.200%,-26685,842,261620,0.000%,-38.500%,rate_change,GECC-134017650,Filed,2024-03-07,output/pdfs/OR/134017650/filing_summary.pdf,pipeline_only,extension,pipeline_extracted,
OR,04/11/2024,GEICO Secure Insurance Company,19.0 Personal Auto,19.0001 Private Passenger Auto (PPA),0.000%,-3.800%,-6161970,32654,162157109,0.000%,-47.100%,rate_change,GECC-134017650,Filed,2024-03-07,output/pdfs/OR/134017650/filing_summary.pdf,pipeline_only,extension,pipeline_extracted,
OR,05/09/2024,GEICO Choice Insurance Company,19.0 Personal Auto,19.0001 Private Passenger Auto (PPA),0.000%,0.000%,0,133,261620,26.500%,-9.000%,rate_change,GECC-134048966,Filed,2024-04-02,output/pdfs/OR/134048966/filing_summary.pdf,pipeline_only,extension,pipeline_extracted,
OR,05/09/2024,GEICO Secure Insurance Company,19.0 Personal Auto,19.0001 Private Passenger Auto (PPA),0.000%,0.000%,0,63805,162157109,123.100%,-23.500%,rate_change,GECC-134048966,Filed,2024-04-02,output/pdfs/OR/134048966/filing_summary.pdf,pipeline_only,extension,pipeline_extracted,
OR,05/09/2024,GEICO Casualty Company,19.0 Personal Auto,19.0001 Private Passenger Auto (PPA),0.000%,0.000%,0,79248,209829724,125.200%,-28.300%,rate_change,GECC-134048966,Filed,2024-04-02,output/pdfs/OR/134048966/filing_summary.pdf,pipeline_only,extension,pipeline_extracted,
OR,05/09/2024,GEICO General Insurance Company,19.0 Personal Auto,19.0001 Private Passenger Auto (PPA),0.000%,0.000%,0,10516,21640386,77.300%,-24.400%,rate_change,GECC-134048966,Filed,2024-04-02,output/pdfs/OR/134048966/filing_summary.pdf,pipeline_only,extension,pipeline_extracted,
OR,05/09/2024,GEICO Indemnity Company,19.0 Personal Auto,19.0001 Private Passenger Auto (PPA),0.000%,0.000%,0,1149,4239820,24.500%,-11.800%,rate_change,GECC-134048966,Filed,2024-04-02,output/pdfs/OR/134048966/filing_summary.pdf,pipeline_only,extension,pipeline_extracted,
OR,05/09/2024,Government Employees Insurance Company,19.0 Personal Auto,19.0001 Private Passenger Auto (PPA),0.000%,0.000%,0,2980,6126186,31.600%,-21.500%,rate_change,GECC-134048966,Filed,2024-04-02,output/pdfs/OR/134048966/filing_summary.pdf,pipeline_only,extension,pipeline_extracted,
OR,07/15/2024,GEICO Choice Insurance Company,19.0 Personal Auto,19.0001 Private Passenger Auto (PPA),0.000%,0.000%,0,2287,261620,11.900%,-2.700%,rate_change,GECC-134107890,Filed,2024-05-17,output/pdfs/OR/134107890/filing_summary.pdf,pipeline_only,extension,pipeline_extracted,
OR,09/01/2024,GEICO Choice Insurance Company,19.0 Personal Auto,19.0001 Private Passenger Auto (PPA),-1.700%,-3.100%,-129184,3777,4167239,0.000%,-15.000%,rate_change,GECC-134226462,Filed,2024-08-28,output/pdfs/OR/134226462/filing_summary.pdf,pipeline_only,extension,pipeline_extracted,
OR,09/01/2024,GEICO Secure Insurance Company,19.0 Personal Auto,19.0001 Private Passenger Auto (PPA),-1.700%,-3.300%,-5768500,76072,174803044,0.000%,-15.000%,rate_change,GECC-134226462,Filed,2024-08-28,output/pdfs/OR/134226462/filing_summary.pdf,pipeline_only,extension,pipeline_extracted,
OR,12/12/2024,GEICO Indemnity Company,19.0 Personal Auto,19.0003 Recreational Vehicle (RV),0.000%,0.000%,0,68,56049,84.000%,-44.400%,rate_change,GECC-134299569,Filed,2024-11-01,output/pdfs/OR/134299569/filing_summary.pdf,pipeline_only,extension,pipeline_extracted,
OR,12/12/2024,GEICO Casualty Company,19.0 Personal Auto,19.0003 Recreational Vehicle (RV),0.000%,0.000%,0,4379,2796385,298.300%,-69.700%,rate_change,GECC-134299569,Filed,2024-11-01,output/pdfs/OR/134299569/filing_summary.pdf,pipeline_only,extension,pipeline_extracted,
OR,12/12/2024,GEICO General Insurance Company,19.0 Personal Auto,19.0003 Recreational Vehicle (RV),0.000%,0.000%,0,634,393647,104.000%,-51.900%,rate_change,GECC-134299569,Filed,2024-11-01,output/pdfs/OR/134299569/filing_summary.pdf,pipeline_only,extension,pipeline_extracted,
OR,12/12/2024,Government Employees Insurance Company,19.0 Personal Auto,19.0003 Recreational Vehicle (RV),0.000%,0.000%,0,257,154550,99.200%,-52.600%,rate_change,GECC-134299569,Filed,2024-11-01,output/pdfs/OR/134299569/filing_summary.pdf,pipeline_only,extension,pipeline_extracted,
OR,12/12/2024,GEICO Secure Insurance Company,19.0 Personal Auto,19.0003 Recreational Vehicle (RV),0.000%,0.000%,0,2246,1528596,57.900%,-25.500%,rate_change,GECC-134299569,Filed,2024-11-01,output/pdfs/OR/134299569/filing_summary.pdf,pipeline_only,extension,pipeline_extracted,
OR,02/06/2025,GEICO Indemnity Company,19.0 Personal Auto,19.0002 Motorcycle,5.100%,3.200%,191492,12584,5984134,67.000%,-24.900%,rate_change,GECC-134364417,Filed,2025-01-03,output/pdfs/OR/134364417/filing_summary.pdf,pipeline_only,original,pipeline_extracted_in_validated_window,
OR,04/09/2024,Liberty Insurance Corporation,19.0 Personal Auto,19.0000 Personal Auto Combinations,11.000%,7.000%,513,1,7318,7.000%,7.000%,rate_change,LBPM-133970497,Filed,2024-01-31,output/pdfs/OR/133970497/filing_summary.pdf,pipeline_only,extension,pipeline_extracted,
OR,04/09/2024,Liberty Mutual Fire Insurance Company,19.0 Personal Auto,19.0000 Personal Auto Combinations,11.000%,10.000%,370835,669,3701116,20.100%,4.200%,rate_change,LBPM-133970497,Filed,2024-01-31,output/pdfs/OR/133970497/filing_summary.pdf,pipeline_only,extension,pipeline_extracted,
OR,04/09/2024,The First Liberty Insurance Corporation,19.0 Personal Auto,19.0000 Personal Auto Combinations,11.000%,9.300%,11716,20,126421,12.400%,5.500%,rate_change,LBPM-133970497,Filed,2024-01-31,output/pdfs/OR/133970497/filing_summary.pdf,pipeline_only,extension,pipeline_extracted,
OR,03/05/2024,Liberty Mutual Insurance Company,19.0 Personal Auto,19.0001 Private Passenger Auto (PPA),11.000%,11.000%,1696,81,155087,15.300%,6.400%,rate_change,LBPM-133970907,Filed,2024-01-31,output/pdfs/OR/133970907/filing_summary.pdf,pipeline_only,extension,pipeline_extracted,
OR,03/05/2024,Liberty Mutual Personal Insurance Company,19.0 Personal Auto,19.0001 Private Passenger Auto (PPA),11.000%,10.000%,5175427,21913,51797908,20.400%,5.100%,rate_change,LBPM-133970907,Filed,2024-01-31,output/pdfs/OR/133970907/filing_summary.pdf,pipeline_only,extension,pipeline_extracted,
OR,06/12/2024,Liberty Mutual Fire Insurance Company,04.0 Homeowners,04.0000 Homeowners Sub-TOI Combinations,24.600%,15.000%,761131,1558,5083599,24.700%,4.400%,rate_change_withdrawn,LBPM-134039086,Withdrawn by company,2024-03-25,output/pdfs/OR/134039086/filing_summary.pdf,pipeline_only,extension,pipeline_extracted,
OR,06/12/2024,The First Liberty Insurance Corporation,04.0 Homeowners,04.0000 Homeowners Sub-TOI Combinations,24.600%,15.000%,6900,19,46022,19.500%,9.100%,rate_change_withdrawn,LBPM-134039086,Withdrawn by company,2024-03-25,output/pdfs/OR/134039086/filing_summary.pdf,pipeline_only,extension,pipeline_extracted,
OR,05/08/2024,Liberty Insurance Corporation,04.0 Homeowners,04.0000 Homeowners Sub-TOI Combinations,24.600%,14.900%,6339253,22379,42518242,30.500%,4.500%,rate_change_withdrawn,LBPM-134039476,Withdrawn by company,2024-03-25,output/pdfs/OR/134039476/filing_summary.pdf,pipeline_only,extension,pipeline_extracted,
OR,05/08/2024,Liberty Mutual Insurance Company,04.0 Homeowners,04.0000 Homeowners Sub-TOI Combinations,24.600%,17.000%,321194,10095,1893001,19.000%,0.000%,rate_change_withdrawn,LBPM-134039476,Withdrawn by company,2024-03-25,output/pdfs/OR/134039476/filing_summary.pdf,pipeline_only,extension,pipeline_extracted,
OR,05/08/2024,Liberty Mutual Insurance Company,04.0 Homeowners,04.0000 Homeowners Sub-TOI Combinations,24.600%,15.130%,5978,20,39498,15.500%,14.100%,rate_change_withdrawn,LBPM-134039515,Withdrawn by company,2024-03-22,output/pdfs/OR/134039515/filing_summary.pdf,pipeline_only,extension,pipeline_extracted,
OR,04/22/2024,Liberty Mutual Insurance Company,19.0 Personal Auto,19.0001 Private Passenger Auto (PPA),5.700%,0.100%,323,125,321063,14.400%,-10.300%,rate_change,LBPM-134050034,Filed,2024-04-03,output/pdfs/OR/134050034/filing_summary.pdf,pipeline_only,extension,pipeline_extracted,
OR,04/22/2024,Liberty Mutual Personal Insurance Company,19.0 Personal Auto,19.0001 Private Passenger Auto (PPA),5.700%,0.140%,70747,17873,51979553,14.800%,-11.900%,rate_change,LBPM-134050034,Filed,2024-04-03,output/pdfs/OR/134050034/filing_summary.pdf,pipeline_only,extension,pipeline_extracted,
OR,06/12/2024,Liberty Mutual Fire Insurance Company,04.0 Homeowners,04.0000 Homeowners Sub-TOI Combinations,24.600%,12.200%,14902,202,122068,24.700%,4.400%,rate_change,LBPM-134058466,Filed,2024-04-05,output/pdfs/OR/134058466/filing_summary.pdf,pipeline_only,extension,pipeline_extracted,
OR,06/12/2024,The First Liberty Insurance Corporation,04.0 Homeowners,04.0000 Homeowners Sub-TOI Combinations,24.600%,13.200%,633,6,4785,17.300%,9.100%,rate_change,LBPM-134058466,Filed,2024-04-05,output/pdfs/OR/134058466/filing_summary.pdf,pipeline_only,extension,pipeline_extracted,
OR,05/08/2024,Liberty Insurance Corporation,04.0 Homeowners,04.0000 Homeowners Sub-TOI Combinations,24.600%,11.340%,92230,1643,813290,30.500%,5.200%,rate_change,LBPM-134058536,Filed,2024-04-05,output/pdfs/OR/134058536/filing_summary.pdf,pipeline_only,extension,pipeline_extracted,
OR,05/08/2024,Liberty Mutual Insurance Company,04.0 Homeowners,04.0000 Homeowners Sub-TOI Combinations,24.600%,17.000%,321194,10095,1893001,19.000%,0.000%,rate_change,LBPM-134058536,Filed,2024-04-05,output/pdfs/OR/134058536/filing_summary.pdf,pipeline_only,extension,pipeline_extracted,
OR,07/12/2024,Liberty Mutual Personal Insurance Company,19.0 Personal Auto,19.0001 Private Passenger Auto (PPA),-11.900%,-10.000%,-5390893,17836,54179090,-10.000%,-10.000%,rate_change,LBPM-134158206,Filed,2024-06-27,output/pdfs/OR/134158206/filing_summary.pdf,pipeline_only,extension,pipeline_extracted,
OR,08/16/2024,Liberty Insurance Corporation,19.0 Personal Auto,19.0000 Personal Auto Combinations,-11.900%,0.000%,0,0,0,0.000%,0.000%,rate_change,LBPM-134158432,Filed,2024-06-26,output/pdfs/OR/134158432/filing_summary.pdf,pipeline_only,extension,pipeline_extracted,
OR,08/16/2024,Liberty Mutual Fire Insurance Company,19.0 Personal Auto,19.0000 Personal Auto Combinations,-11.900%,-9.900%,-258476,536,2602218,-9.000%,-10.000%,rate_change,LBPM-134158432,Filed,2024-06-26,output/pdfs/OR/134158432/filing_summary.pdf,pipeline_only,extension,pipeline_extracted,
OR,08/16/2024,The First Liberty Insurance Corporation,19.0 Personal Auto,19.0000 Personal Auto Combinations,-11.900%,-9.900%,-8769,15,88526,-9.400%,-10.000%,rate_change,LBPM-134158432,Filed,2024-06-26,output/pdfs/OR/134158432/filing_summary.pdf,pipeline_only,extension,pipeline_extracted,
OR,09/17/2024,Liberty Mutual Insurance Company,19.0 Personal Auto,19.0001 Private Passenger Auto (PPA),0.000%,0.000%,0,65,122717,0.000%,0.000%,rate_change,LBPM-134206512,Filed,2024-08-12,output/pdfs/OR/134206512/filing_summary.pdf,pipeline_only,extension,pipeline_extracted,
OR,09/17/2024,Liberty Mutual Personal Insurance Company,19.0 Personal Auto,19.0001 Private Passenger Auto (PPA),0.000%,0.000%,0,20337,49097188,0.000%,0.000%,rate_change,LBPM-134206512,Filed,2024-08-12,output/pdfs/OR/134206512/filing_summary.pdf,pipeline_only,extension,pipeline_extracted,
OR,02/05/2025,Liberty Mutual Fire Insurance Company,04.0 Homeowners,04.0000 Homeowners Sub-TOI Combinations,5.000%,-6.100%,-292595,1157,4805727,-3.360%,-8.680%,rate_change,LBPM-134342681,Filed,2024-12-06,output/pdfs/OR/134342681/filing_summary.pdf,pipeline_only,original,pipeline_extracted_in_validated_window,
OR,02/05/2025,The First Liberty Insurance Corporation,04.0 Homeowners,04.0000 Homeowners Sub-TOI Combinations,5.000%,-6.200%,-2435,9,39305,-5.120%,-7.530%,rate_change,LBPM-134342681,Filed,2024-12-06,output/pdfs/OR/134342681/filing_summary.pdf,pipeline_only,original,pipeline_extracted_in_validated_window,
OR,01/01/2025,Liberty Mutual Insurance Company,04.0 Homeowners,04.0000 Homeowners Sub-TOI Combinations,5.000%,-6.400%,-4066,36,63673,-3.600%,-8.100%,rate_change,LBPM-134342854,Filed,2024-12-06,output/pdfs/OR/134342854/filing_summary.pdf,pipeline_only,original,pipeline_extracted_in_validated_window,
OR,08/18/2025,Liberty Mutual Insurance Company,19.0 Personal Auto,19.0001 Private Passenger Auto (PPA),0.000%,0.000%,0,125,336683,0.000%,0.000%,rate_change,LBPM-134578347,Filed,2025-06-24,output/pdfs/OR/134578347/filing_summary.pdf,ambest_validated,original,ambest_cross_checked,direct
OR,08/18/2025,Liberty Mutual Personal Insurance Company,19.0 Personal Auto,19.0001 Private Passenger Auto (PPA),0.000%,0.000%,0,17836,54179090,0.000%,0.000%,rate_change,LBPM-134578347,Filed,2025-06-24,output/pdfs/OR/134578347/filing_summary.pdf,ambest_validated,original,ambest_cross_checked,direct
OR,12/25/2025,Liberty Mutual Insurance Company,19.0 Personal Auto,19.0001 Private Passenger Auto (PPA),4.600%,1.000%,928,37,92829,18.000%,-25.000%,rate_change,LBPM-134773946,Filed,2025-12-18,output/pdfs/OR/134773946/filing_summary.pdf,ambest_validated,original,ambest_cross_checked,direct
OR,12/25/2025,Liberty Mutual Personal Insurance Company,19.0 Personal Auto,19.0001 Private Passenger Auto (PPA),4.600%,1.000%,485664,18960,48566349,47.000%,-81.000%,rate_change,LBPM-134773946,Filed,2025-12-18,output/pdfs/OR/134773946/filing_summary.pdf,ambest_validated,original,ambest_cross_checked,direct
OR,05/19/2024,"MGA Insurance Company, Inc.",19.0 Personal Auto,19.0001 Private Passenger Auto (PPA),14.900%,5.700%,298982,2221,5067578,98.700%,-47.300%,rate_change,GNSC-134088677,Filed,2024-05-06,output/pdfs/OR/134088677/filing_summary.pdf,pipeline_only,extension,pipeline_extracted,
OR,11/18/2024,"MGA Insurance Company, Inc.",19.0 Personal Auto,19.0001 Private Passenger Auto (PPA),11.800%,-2.500%,-52747,2295,5288424,10.000%,-5.000%,rate_change,GNSC-134314140,Filed,2024-11-15,output/pdfs/OR/134314140/filing_summary.pdf,pipeline_only,extension,pipeline_extracted,
OR,09/19/2025,"MGA Insurance Company, Inc.",19.0 Personal Auto,19.0001 Private Passenger Auto (PPA),6.300%,-3.000%,-180661,2015,6465272,10.000%,-5.000%,rate_change,GNSC-134675106,Filed,2025-09-18,output/pdfs/OR/134675106/filing_summary.pdf,pipeline_only,original,pipeline_extracted_in_validated_window,
OR,01/12/2024,Artisan and Truckers Casualty Company,19.0 Personal Auto,19.0003 Recreational Vehicle (RV),7.300%,7.100%,728576,12044,10261634,21.900%,0.000%,rate_change,PRGS-133879277,Filed,2023-11-16,output/pdfs/OR/133879277/filing_summary.pdf,pipeline_only,extension,pipeline_extracted,
OR,04/19/2024,Artisan and Truckers Casualty Company,19.0 Personal Auto,19.0001 Private Passenger Auto (PPA),0.700%,0.600%,938875,123168,157539614,101.900%,-33.300%,rate_change,PRGS-133998748,Filed,2024-04-18,output/pdfs/OR/133998748/filing_summary.pdf,pipeline_only,extension,pipeline_extracted,
OR,04/19/2024,Progressive Universal Insurance Company,19.0 Personal Auto,19.0001 Private Passenger Auto (PPA),-3.600%,-0.200%,-288075,216645,186553821,111.800%,-36.000%,rate_change,PRGS-133998748,Filed,2024-04-18,output/pdfs/OR/133998748/filing_summary.pdf,pipeline_only,extension,pipeline_extracted,
OR,09/20/2024,Artisan and Truckers Casualty Company,19.0 Personal Auto,19.0001 Private Passenger Auto (PPA),4.300%,4.200%,7782688,139299,185067940,37.500%,-19.000%,rate_change,PRGS-134194104,Filed,2024-09-19,output/pdfs/OR/134194104/filing_summary.pdf,pipeline_only,extension,pipeline_extracted,
OR,09/20/2024,Progressive Universal Insurance Company,19.0 Personal Auto,19.0001 Private Passenger Auto (PPA),-6.800%,-2.500%,-5540023,238599,219495068,21.300%,-19.900%,rate_change,PRGS-134194104,Filed,2024-09-19,output/pdfs/OR/134194104/filing_summary.pdf,pipeline_only,extension,pipeline_extracted,
OR,02/28/2025,Artisan and Truckers Casualty Company,19.0 Personal Auto,19.0001 Private Passenger Auto (PPA),7.400%,5.700%,11725846,154310,205505042,136.300%,-28.200%,rate_change,PRGS-134398058,Filed,2025-02-27,output/pdfs/OR/134398058/filing_summary.pdf,pipeline_only,original,pipeline_extracted_in_validated_window,
OR,02/28/2025,Progressive Universal Insurance Company,19.0 Personal Auto,19.0001 Private Passenger Auto (PPA),2.600%,1.300%,3157780,260080,237272763,35.400%,-28.900%,rate_change,PRGS-134398058,Filed,2025-02-27,output/pdfs/OR/134398058/filing_summary.pdf,pipeline_only,original,pipeline_extracted_in_validated_window,
OR,09/19/2025,Artisan and Truckers Casualty Company,19.0 Personal Auto,19.0002 Motorcycle,3.900%,4.100%,271254,5487,6615950,23.800%,-11.100%,rate_change,PRGS-134578217,Filed,2025-08-11,output/pdfs/OR/134578217/filing_summary.pdf,ambest_validated,original,ambest_cross_checked,direct
OR,09/19/2025,Progressive Universal Insurance Company,19.0 Personal Auto,19.0002 Motorcycle,3.900%,3.700%,372679,9055,10072399,24.300%,-7.700%,rate_change,PRGS-134578217,Filed,2025-08-11,output/pdfs/OR/134578217/filing_summary.pdf,ambest_validated,original,ambest_cross_checked,direct
OR,10/17/2025,Artisan and Truckers Casualty Company,19.0 Personal Auto,19.0001 Private Passenger Auto (PPA),-0.700%,-0.200%,-422660,159623,215211751,55.300%,-38.500%,rate_change,PRGS-134641954,Filed,2025-10-16,output/pdfs/OR/134641954/filing_summary.pdf,ambest_validated,original,ambest_cross_checked,direct
OR,10/17/2025,Progressive Universal Insurance Company,19.0 Personal Auto,19.0001 Private Passenger Auto (PPA),0.400%,-0.100%,-320086,275869,251667134,65.600%,-38.800%,rate_change,PRGS-134641954,Filed,2025-10-16,output/pdfs/OR/134641954/filing_summary.pdf,ambest_validated,original,ambest_cross_checked,direct
OR,01/16/2026,Artisan and Truckers Casualty Company,19.0 Personal Auto,19.0001 Private Passenger Auto (PPA),-3.700%,-2.200%,-4689412,155154,214285533,3.600%,-8.100%,rate_change,PRGS-134771017,Filed,2026-01-15,output/pdfs/OR/134771017/filing_summary.pdf,ambest_validated,original,ambest_cross_checked,direct
OR,01/16/2026,Progressive Universal Insurance Company,19.0 Personal Auto,19.0001 Private Passenger Auto (PPA),-3.600%,-2.000%,-5321685,283800,261466362,3.500%,-12.500%,rate_change,PRGS-134771017,Filed,2026-01-15,output/pdfs/OR/134771017/filing_summary.pdf,ambest_validated,original,ambest_cross_checked,direct
OR,03/15/2024,Safeco Insurance Company of Oregon,19.0 Personal Auto,19.0000 Personal Auto Combinations,21.100%,17.500%,37723517,93529,215651900,37.000%,5.400%,rate_change,LBPM-133903081,Filed,2023-11-30,output/pdfs/OR/133903081/filing_summary.pdf,pipeline_only,extension,pipeline_extracted,
OR,01/20/2024,Safeco Insurance Company of Illinois,19.0 Personal Auto,19.0000 Personal Auto Combinations,0.000%,0.000%,0,0,0,0.000%,0.000%,rate_change,LBPM-133955884,Filed,2024-01-18,output/pdfs/OR/133955884/filing_summary.pdf,pipeline_only,extension,pipeline_extracted,
OR,06/21/2024,Safeco Insurance Company of Oregon,19.0 Personal Auto,19.0002 Motorcycle,34.000%,30.400%,1194918,8408,3926797,43.200%,0.000%,rate_change,LBPM-133994900,Filed,2024-02-20,output/pdfs/OR/133994900/filing_summary.pdf,pipeline_only,extension,pipeline_extracted,
OR,05/19/2024,Safeco Insurance Company of Oregon,04.0 Homeowners,04.0000 Homeowners Sub-TOI Combinations,32.700%,20.600%,19623311,69707,95284972,23.100%,0.000%,rate_change,LBPM-134045161,Filed,2024-03-28,output/pdfs/OR/134045161/filing_summary.pdf,pipeline_only,extension,pipeline_extracted,
OR,05/19/2024,Safeco Insurance Company of Illinois,04.0 Homeowners,04.0000 Homeowners Sub-TOI Combinations,32.700%,19.800%,16422857,58391,83047732,22.600%,2.800%,rate_change,LBPM-134045161,Filed,2024-03-28,output/pdfs/OR/134045161/filing_summary.pdf,pipeline_only,extension,pipeline_extracted,
OR,05/30/2024,Safeco Insurance Company of Illinois,19.0 Personal Auto,19.0000 Personal Auto Combinations,-15.000%,-15.000%,-299255,841,1967596,-12.400%,-15.900%,rate_change,LBPM-134116492,Filed,2024-05-21,output/pdfs/OR/134116492/filing_summary.pdf,pipeline_only,extension,pipeline_extracted,
OR,08/31/2024,Safeco Insurance Company of Oregon,19.0 Personal Auto,19.0000 Personal Auto Combinations,-11.500%,-5.000%,-11908551,169307,236928845,0.700%,-21.900%,rate_change,LBPM-134157767,Filed,2024-06-26,output/pdfs/OR/134157767/filing_summary.pdf,pipeline_only,extension,pipeline_extracted,
OR,11/18/2024,Safeco Insurance Company of Oregon,04.0 Homeowners,04.0001 Condominium Homeowners,29.500%,20.700%,416256,2094,2011887,26.200%,3.500%,rate_change,LBPM-134247886,Filed,2024-09-17,output/pdfs/OR/134247886/filing_summary.pdf,pipeline_only,extension,pipeline_extracted,
OR,11/18/2024,Safeco Insurance Company of Illinois,04.0 Homeowners,04.0001 Condominium Homeowners,29.500%,21.200%,243244,1227,1147852,25.200%,9.600%,rate_change,LBPM-134247886,Filed,2024-09-17,output/pdfs/OR/134247886/filing_summary.pdf,pipeline_only,extension,pipeline_extracted,
OR,06/21/2025,Safeco Insurance Company of Oregon,19.0 Personal Auto,19.0002 Motorcycle,12.300%,12.300%,411333,7299,3354748,30.400%,0.000%,rate_change,LBPM-134491645,Filed,,output/pdfs/OR/134491645/filing_summary.pdf,ambest_validated,original,ambest_cross_checked,direct
OR,08/31/2025,Safeco Insurance Company of Oregon,19.0 Personal Auto,19.0000 Personal Auto Combinations,-8.500%,-2.000%,-3496174,64985,177643962,17.200%,-15.100%,rate_change,LBPM-134586842,Filed,,output/pdfs/OR/134586842/filing_summary.pdf,ambest_validated,original,ambest_cross_checked,direct
OR,07/20/2025,Safeco Insurance Company of Illinois,19.0 Personal Auto,19.0000 Personal Auto Combinations,-8.500%,-4.000%,-1100365,12059,27813955,118.500%,-62.800%,rate_change,LBPM-134586929,Filed,,output/pdfs/OR/134586929/filing_summary.pdf,ambest_validated,original,ambest_cross_checked,direct
OR,01/19/2026,Safeco Insurance Company of Illinois,19.0 Personal Auto,19.0000 Personal Auto Combinations,0.000%,0.000%,0,20837,44213576,0.000%,0.000%,rate_change,LBPM-134733690,Filed,,output/pdfs/OR/134733690/filing_summary.pdf,ambest_validated,original,ambest_cross_checked,direct
OR,12/18/2025,Safeco Insurance Company of Illinois,19.0 Personal Auto,19.0000 Personal Auto Combinations,-5.100%,-3.000%,-1300823,19230,43394746,9.500%,-17.900%,rate_change,LBPM-134745304,Filed,,output/pdfs/OR/134745304/filing_summary.pdf,ambest_validated,original,ambest_cross_checked,direct
OR,12/11/2025,Safeco Insurance Company of Illinois,04.0 Homeowners,04.0000 Homeowners Sub-TOI Combinations,0.000%,-0.900%,-1053929,63473,113367175,0.000%,-14.400%,rate_change,LBPM-134759261,Filed,2025-12-03,output/pdfs/OR/134759261/filing_summary.pdf,pipeline_only,original,pipeline_extracted_in_validated_window,
OR,03/15/2026,Safeco Insurance Company of Illinois,04.0 Homeowners,04.0000 Homeowners Sub-TOI Combinations,3.500%,2.410%,2403141,58588,99631185,3.320%,0.210%,rate_change,LBPM-134826073,Filed,2026-02-05,output/pdfs/OR/134826073/filing_summary.pdf,pipeline_only,original,pipeline_extracted_in_validated_window,
OR,01/01/2024,State Farm Fire and Casualty Company,19.0 Personal Auto,19.0001 Private Passenger Auto (PPA),0.000%,0.000%,0,25385,35233146,23.500%,-24.000%,rate_change,SFMA-133807568,Filed,2023-10-17,output/pdfs/OR/133807568/filing_summary.pdf,pipeline_only,extension,pipeline_extracted,
OR,01/01/2024,State Farm Mutual Automobile Insurance Company,19.0 Personal Auto,19.0001 Private Passenger Auto (PPA),0.000%,0.000%,0,802730,603449426,20.800%,-20.600%,rate_change,SFMA-133807568,Filed,2023-10-17,output/pdfs/OR/133807568/filing_summary.pdf,pipeline_only,extension,pipeline_extracted,
OR,08/01/2024,State Farm Fire and Casualty Company,19.0 Personal Auto,19.0002 Motorcycle,0.000%,0.000%,0,1371,711677,10.000%,-9.500%,rate_change,SFMA-134076665,Filed,2024-05-23,output/pdfs/OR/134076665/filing_summary.pdf,pipeline_only,extension,pipeline_extracted,
OR,08/01/2024,State Farm Mutual Automobile Insurance Company,19.0 Personal Auto,19.0002 Motorcycle,0.000%,0.000%,0,27683,7689854,9.500%,-9.000%,rate_change,SFMA-134076665,Filed,2024-05-23,output/pdfs/OR/134076665/filing_summary.pdf,pipeline_only,extension,pipeline_extracted,
OR,09/01/2024,State Farm Fire and Casualty Company,04.0 Homeowners,04.0002 Mobile Homeowners,0.000%,0.500%,62534,15525,11837148,25.700%,-4.600%,rate_change,SFMA-134155991,Filed,2024-07-19,output/pdfs/OR/134155991/filing_summary.pdf,pipeline_only,extension,pipeline_extracted,
OR,11/11/2024,State Farm Fire and Casualty Company,19.0 Personal Auto,19.0000 Personal Auto Combinations,,0.000%,4438,36387,63743659,,,rate_change,SFMA-134232601,Filed,2024-09-11,output/pdfs/OR/134232601/filing_summary.pdf,pipeline_only,extension,pipeline_extracted,
OR,11/11/2024,State Farm Mutual Automobile Insurance Company,19.0 Personal Auto,19.0000 Personal Auto Combinations,,0.500%,4703035,962297,891631927,,,rate_change,SFMA-134232601,Filed,2024-09-11,output/pdfs/OR/134232601/filing_summary.pdf,pipeline_only,extension,pipeline_extracted,
OR,12/15/2024,State Farm Fire and Casualty Company,04.0 Homeowners,04.0000 Homeowners Sub-TOI Combinations,9.500%,6.900%,19160037,391104,276577168,303.500%,-40.700%,rate_change,SFMA-134280657,Filed,2024-11-07,output/pdfs/OR/134280657/filing_summary.pdf,pipeline_only,extension,pipeline_extracted,
OR,04/15/2025,State Farm Fire and Casualty Company,19.0 Personal Auto,19.0001 Private Passenger Auto (PPA),0.000%,0.000%,0,31655,56568405,25.000%,-24.600%,rate_change,SFMA-134294129,Filed,2025-01-29,output/pdfs/OR/134294129/filing_summary.pdf,ambest_validated,original,ambest_cross_checked,direct
OR,04/15/2025,State Farm Mutual Automobile Insurance Company,19.0 Personal Auto,19.0001 Private Passenger Auto (PPA),0.000%,0.000%,0,875163,863774489,60.300%,-37.600%,rate_change,SFMA-134294129,Filed,2025-01-29,output/pdfs/OR/134294129/filing_summary.pdf,ambest_validated,original,ambest_cross_checked,direct
OR,04/15/2025,State Farm Fire and Casualty Company,04.0 Homeowners,04.0002 Mobile Homeowners,33.000%,32.300%,3828378,15835,11854928,59.600%,-19.300%,rate_change,SFMA-134421427,Filed,2025-02-24,output/pdfs/OR/134421427/filing_summary.pdf,pipeline_only,original,pipeline_extracted_in_validated_window,
OR,06/01/2025,State Farm Fire and Casualty Company,19.0 Personal Auto,19.0000 Personal Auto Combinations,,0.000%,,36387,63743659,,,rate_change,SFMA-134491344,Filed,2025-04-16,output/pdfs/OR/134491344/filing_summary.pdf,ambest_validated,original,ambest_cross_checked,direct
OR,06/01/2025,State Farm Mutual Automobile Insurance Company,19.0 Personal Auto,19.0000 Personal Auto Combinations,,0.000%,,962297,891631927,,,rate_change,SFMA-134491344,Filed,2025-04-16,output/pdfs/OR/134491344/filing_summary.pdf,ambest_validated,original,ambest_cross_checked,direct
OR,10/06/2025,State Farm Fire and Casualty Company,19.0 Personal Auto,19.0000 Personal Auto Combinations,,-3.600%,-2048236,33690,56980415,,,rate_change,SFMA-134619497,Filed,2025-08-08,output/pdfs/OR/134619497/filing_summary.pdf,ambest_validated,original,ambest_cross_checked,direct
OR,10/06/2025,State Farm Mutual Automobile Insurance Company,19.0 Personal Auto,19.0000 Personal Auto Combinations,,-4.200%,-38201187,985050,919545597,,,rate_change,SFMA-134619497,Filed,2025-08-08,output/pdfs/OR/134619497/filing_summary.pdf,ambest_validated,original,ambest_cross_checked,direct
OR,12/15/2025,State Farm Fire and Casualty Company,19.0 Personal Auto,19.0000 Personal Auto Combinations,,-3.600%,-1839005,31896,50889068,7.700%,-6.800%,rate_change,SFMA-134700697,Filed,2025-10-09,output/pdfs/OR/134700697/filing_summary.pdf,ambest_validated,original,ambest_cross_checked,direct
OR,12/15/2025,State Farm Mutual Automobile Insurance Company,19.0 Personal Auto,19.0000 Personal Auto Combinations,,-3.600%,-32649804,1007104,908221048,0.500%,-10.100%,rate_change,SFMA-134700697,Filed,2025-10-09,output/pdfs/OR/134700697/filing_summary.pdf,ambest_validated,original,ambest_cross_checked,direct
OR,02/23/2024,Travelers Personal Insurance Company,04.0 Homeowners,04.0000 Homeowners Sub-TOI Combinations,18.200%,-1.400%,904940,65679,64638605,257.000%,-37.900%,rate_change,TRVD-133993564,Filed,,output/pdfs/OR/133993564/filing_summary.pdf,pipeline_only,extension,pipeline_extracted,
OR,04/19/2024,Travelers Personal Insurance Company,04.0 Homeowners,04.0000 Homeowners Sub-TOI Combinations,18.200%,12.000%,7756633,65679,64638605,337.900%,-25.800%,rate_change,TRVD-134073481,Filed,,output/pdfs/OR/134073481/filing_summary.pdf,pipeline_only,extension,pipeline_extracted,
OR,08/18/2024,Travelers Personal Insurance Company,04.0 Homeowners,04.0000 Homeowners Sub-TOI Combinations,12.800%,6.700%,4965593,66273,74113324,52.100%,-20.100%,rate_change,TRVD-134171139,Filed,2024-08-14,output/pdfs/OR/134171139/filing_summary.pdf,pipeline_only,extension,pipeline_extracted,
OR,10/26/2024,The Travelers Home and Marine Insurance Company,04.0 Homeowners,04.0000 Homeowners Sub-TOI Combinations,10.400%,8.800%,1101921,10871,12521824,17.100%,0.000%,rate_change,TRVD-G134217792,Filed,2024-08-21,output/pdfs/OR/134221919/filing_summary.pdf,pipeline_only,extension,pipeline_extracted,
OR,10/26/2024,Travelers Commercial Insurance Company,04.0 Homeowners,04.0000 Homeowners Sub-TOI Combinations,10.400%,8.400%,117938,1337,1404020,16.800%,0.000%,rate_change,TRVD-G134217792,Filed,2024-08-21,output/pdfs/OR/134221919/filing_summary.pdf,pipeline_only,extension,pipeline_extracted,
UT,04/08/2024,Allstate Indemnity Company,04.0 Homeowners,04.0003 Owner Occupied Homeowners,1.200%,1.200%,72700,4366,6058317,2.500%,-6.700%,rate_change,ALSE-133980453,FILED FOR USE,2024-02-05,output/pdfs/UT/133980453/filing_summary.pdf,pipeline_only,extension,pipeline_extracted,
UT,04/08/2024,Allstate Vehicle and Property Insurance Company,04.0 Homeowners,04.0003 Owner Occupied Homeowners,16.100%,16.100%,10077375,46179,62592393,58.200%,3.700%,rate_change,ALSE-133981187,FILED FOR USE,2024-02-05,output/pdfs/UT/133981187/filing_summary.pdf,pipeline_only,extension,pipeline_extracted,
UT,04/08/2024,Allstate Insurance Company,04.0 Homeowners,04.0003 Owner Occupied Homeowners,7.100%,7.100%,610338,6197,8596311,12.100%,5.200%,rate_change,ALSE-134019595,FILED FOR USE,2024-03-04,output/pdfs/UT/134019595/filing_summary.pdf,pipeline_only,extension,pipeline_extracted,
UT,04/08/2024,Allstate Property and Casualty Insurance Company,04.0 Homeowners,04.0003 Owner Occupied Homeowners,1.600%,1.600%,285276,11384,17829770,1.700%,0.900%,rate_change,ALSE-134020765,FILED FOR USE,2024-03-05,output/pdfs/UT/134020765/filing_summary.pdf,pipeline_only,extension,pipeline_extracted,
UT,07/01/2024,Allstate Fire and Casualty Insurance Company,19.0 Personal Auto,19.0001 Private Passenger Auto (PPA),0.000%,0.000%,0,0,257358910,0.000%,0.000%,rate_change,ALSE-134148368,FILED FOR USE,2024-06-17,output/pdfs/UT/134148368/filing_summary.pdf,pipeline_only,extension,pipeline_extracted,
UT,06/24/2024,Allstate Fire and Casualty Insurance Company,19.0 Personal Auto,19.0001 Private Passenger Auto (PPA),1.500%,1.500%,4971403,105270,331426846,20.600%,-7.500%,rate_change,ALSE-134149542,FILED FOR USE,2024-06-18,output/pdfs/UT/134149542/filing_summary.pdf,pipeline_only,extension,pipeline_extracted,
UT,07/30/2024,Allstate North American Insurance Company,19.0 Personal Auto,19.0001 Private Passenger Auto (PPA),0.000%,0.000%,0,1128,1341666,83.600%,-49.500%,rate_change,ALSE-134182158,FILED FOR USE,2024-07-17,output/pdfs/UT/134182158/filing_summary.pdf,pipeline_only,extension,pipeline_extracted,
UT,01/01/2025,Allstate Fire and Casualty Insurance Company,19.0 Personal Auto,19.0001 Private Passenger Auto (PPA),0.000%,0.000%,0,105270,339699416,0.000%,0.000%,rate_change,ALSE-134221060,FILED FOR USE,2024-08-21,output/pdfs/UT/134221060/filing_summary.pdf,pipeline_only,original,pipeline_extracted_in_validated_window,
UT,01/01/2025,Allstate Indemnity Company,19.0 Personal Auto,19.0001 Private Passenger Auto (PPA),0.000%,0.000%,0,2364,8038216,0.000%,0.000%,rate_change,ALSE-134221152,FILED FOR USE,2024-08-21,output/pdfs/UT/134221152/filing_summary.pdf,pipeline_only,original,pipeline_extracted_in_validated_window,
UT,01/01/2025,Allstate Indemnity Company,19.0 Personal Auto,19.0002 Motorcycle,0.000%,0.000%,0,182,41581,0.000%,0.000%,rate_change,ALSE-134221244,FILED FOR USE,2024-08-22,output/pdfs/UT/134221244/filing_summary.pdf,pipeline_only,original,pipeline_extracted_in_validated_window,
UT,01/01/2025,Allstate Insurance Company,19.0 Personal Auto,19.0001 Private Passenger Auto (PPA),0.000%,0.000%,0,3629,11195039,0.000%,0.000%,rate_change,ALSE-134221581,FILED FOR USE,2024-08-21,output/pdfs/UT/134221581/filing_summary.pdf,pipeline_only,original,pipeline_extracted_in_validated_window,
UT,01/01/2025,Allstate Property and Casualty Insurance Company,19.0 Personal Auto,19.0001 Private Passenger Auto (PPA),0.000%,0.000%,0,1083,3213723,0.000%,0.000%,rate_change,ALSE-134221668,FILED FOR USE,2024-08-22,output/pdfs/UT/134221668/filing_summary.pdf,pipeline_only,original,pipeline_extracted_in_validated_window,
UT,01/01/2025,Allstate Property and Casualty Insurance Company,19.0 Personal Auto,19.0003 Recreational Vehicle (RV),0.000%,0.000%,0,1227,814411,0.000%,-0.300%,rate_change,ALSE-134222219,FILED FOR USE,2024-08-22,output/pdfs/UT/134222219/filing_summary.pdf,pipeline_only,original,pipeline_extracted_in_validated_window,
UT,01/01/2025,Allstate Property and Casualty Insurance Company,19.0 Personal Auto,19.0000 Personal Auto Combinations,0.000%,0.000%,0,23949,7090928,0.000%,-0.900%,rate_change,ALSE-134223835,FILED FOR USE,2024-08-23,output/pdfs/UT/134223835/filing_summary.pdf,pipeline_only,original,pipeline_extracted_in_validated_window,
UT,09/23/2024,Allstate Insurance Company,19.0 Personal Auto,19.0001 Private Passenger Auto (PPA),0.000%,0.000%,0,0,11515349,0.000%,0.000%,rate_change,ALSE-134228970,FILED FOR USE,2024-08-27,output/pdfs/UT/134228970/filing_summary.pdf,pipeline_only,extension,pipeline_extracted,
UT,09/23/2024,Allstate Property and Casualty Insurance Company,19.0 Personal Auto,19.0001 Private Passenger Auto (PPA),0.000%,0.000%,0,0,3424872,0.000%,0.000%,rate_change,ALSE-134228970,FILED FOR USE,2024-08-27,output/pdfs/UT/134228970/filing_summary.pdf,pipeline_only,extension,pipeline_extracted,
UT,09/23/2024,Allstate Indemnity Company,19.0 Personal Auto,19.0001 Private Passenger Auto (PPA),0.000%,0.000%,0,0,6890134,0.000%,0.000%,rate_change,ALSE-134228970,FILED FOR USE,2024-08-27,output/pdfs/UT/134228970/filing_summary.pdf,pipeline_only,extension,pipeline_extracted,
UT,01/13/2025,Allstate Indemnity Company,04.0 Homeowners,04.0001 Condominium Homeowners,2.600%,2.600%,111890,8373,4300425,12.300%,0.000%,rate_change,ALSE-134353096,FILED FOR USE,2024-12-16,output/pdfs/UT/134353096/filing_summary.pdf,pipeline_only,original,pipeline_extracted_in_validated_window,
UT,02/27/2025,Allstate North American Insurance Company,19.0 Personal Auto,19.0001 Private Passenger Auto (PPA),0.000%,-10.000%,-1444531,11400,14445306,-3.800%,-14.500%,rate_change,ALSE-134412807,FILED FOR USE,2025-02-10,output/pdfs/UT/134412807/filing_summary.pdf,pipeline_only,original,pipeline_extracted_in_validated_window,
UT,04/07/2025,Allstate Indemnity Company,04.0 Homeowners,04.0003 Owner Occupied Homeowners,6.700%,6.700%,366053,3857,5463480,8.000%,4.200%,rate_change,ALSE-134468969,FILED FOR USE,2025-03-24,output/pdfs/UT/134468969/filing_summary.pdf,pipeline_only,original,pipeline_extracted_in_validated_window,
UT,04/21/2025,Allstate North American Insurance Company,19.0 Personal Auto,19.0001 Private Passenger Auto (PPA),0.000%,0.000%,0,11400,12996416,15.400%,-0.900%,rate_change,ALSE-134485149,FILED FOR USE,2025-04-04,output/pdfs/UT/134485149/filing_summary.pdf,ambest_validated,original,ambest_cross_checked,date_relaxed
UT,05/05/2025,Allstate Fire and Casualty Insurance Company,19.0 Personal Auto,19.0001 Private Passenger Auto (PPA),0.000%,0.000%,0,0,264560456,0.000%,0.000%,rate_change,ALSE-134494538,FILED FOR USE,2025-04-12,output/pdfs/UT/134494538/filing_summary.pdf,ambest_validated,original,ambest_cross_checked,direct
UT,06/16/2025,Allstate Fire and Casualty Insurance Company,19.0 Personal Auto,19.0001 Private Passenger Auto (PPA),1.400%,1.400%,4555296,86301,325378305,3.000%,0.000%,rate_change,ALSE-134507608,FILED FOR USE,2025-04-24,output/pdfs/UT/134507608/filing_summary.pdf,ambest_validated,original,ambest_cross_checked,date_relaxed
UT,05/12/2025,Allstate Fire and Casualty Insurance Company,19.0 Personal Auto,19.0004 Other,18.600%,18.600%,492869,9260,2651506,40.100%,0.000%,rate_change,ALSE-134520039,FILED FOR USE,2025-05-05,output/pdfs/UT/134520039/filing_summary.pdf,ambest_validated,original,ambest_cross_checked,reclassified
UT,06/10/2025,Allstate North American Insurance Company,04.0 Homeowners,04.0003 Owner Occupied Homeowners,0.000%,0.000%,0,85,124015,6.100%,-9.600%,rate_change,ALSE-134553327,FILED FOR USE,2025-06-02,output/pdfs/UT/134553327/filing_summary.pdf,pipeline_only,original,pipeline_extracted_in_validated_window,
UT,08/19/2025,Allstate North American Insurance Company,19.0 Personal Auto,19.0001 Private Passenger Auto (PPA),0.000%,-0.300%,-130667,17653,43555674,4.300%,-2.000%,rate_change,ALSE-134600254,FILED FOR USE,2025-07-09,output/pdfs/UT/134600254/filing_summary.pdf,ambest_validated,original,ambest_cross_checked,date_relaxed
UT,07/21/2025,Allstate Vehicle and Property Insurance Company,04.0 Homeowners,04.0003 Owner Occupied Homeowners,10.700%,10.700%,8021887,49469,74970908,18.700%,5.300%,rate_change,ALSE-134604458,FILED FOR USE,2025-07-15,output/pdfs/UT/134604458/filing_summary.pdf,pipeline_only,original,pipeline_extracted_in_validated_window,
UT,09/15/2025,Allstate Insurance Company,19.0 Personal Auto,19.0001 Private Passenger Auto (PPA),0.000%,0.000%,0,0,10281117,0.000%,0.000%,rate_change,ALSE-134652121,FILED FOR USE,2025-08-26,output/pdfs/UT/134652121/filing_summary.pdf,pipeline_only,original,pipeline_extracted_in_validated_window,
UT,09/15/2025,Allstate Property and Casualty Insurance Company,19.0 Personal Auto,19.0001 Private Passenger Auto (PPA),0.000%,0.000%,0,0,2945067,0.000%,0.000%,rate_change,ALSE-134652121,FILED FOR USE,2025-08-26,output/pdfs/UT/134652121/filing_summary.pdf,pipeline_only,original,pipeline_extracted_in_validated_window,
UT,09/15/2025,Allstate Indemnity Company,19.0 Personal Auto,19.0001 Private Passenger Auto (PPA),0.000%,0.000%,0,0,5404589,0.000%,0.000%,rate_change,ALSE-134652121,FILED FOR USE,2025-08-26,output/pdfs/UT/134652121/filing_summary.pdf,pipeline_only,original,pipeline_extracted_in_validated_window,
UT,12/01/2025,Allstate Property and Casualty Insurance Company,19.0 Personal Auto,19.0002 Motorcycle,9.900%,9.900%,330809,7642,3341510,63.600%,-20.300%,rate_change,ALSE-134740715,FILED FOR USE,2025-11-14,output/pdfs/UT/134740715/filing_summary.pdf,ambest_validated,original,ambest_cross_checked,date_relaxed
UT,02/12/2026,Allstate North American Insurance Company,04.0 Homeowners,04.0004 Tenant Homeowners,0.000%,0.000%,0,12890,1320271,3.000%,-1.300%,rate_change,ALSE-134752872,FILED FOR USE,2025-11-25,output/pdfs/UT/134752872/filing_summary.pdf,pipeline_only,original,pipeline_extracted_in_validated_window,
UT,01/19/2026,Allstate Indemnity Company,19.0 Personal Auto,19.0001 Private Passenger Auto (PPA),5.600%,5.600%,265332,1374,4738080,9.400%,0.000%,rate_change,ALSE-134771605,FILED FOR USE,2025-12-15,output/pdfs/UT/134771605/filing_summary.pdf,ambest_validated,original,ambest_cross_checked,date_relaxed
UT,01/26/2026,Allstate Indemnity Company,04.0 Homeowners,04.0001 Condominium Homeowners,11.200%,11.200%,504118,8580,4498444,38.700%,2.300%,rate_change,ALSE-134808921,FILED FOR USE,2026-01-21,output/pdfs/UT/134808921/filing_summary.pdf,pipeline_only,original,pipeline_extracted_in_validated_window,
UT,02/15/2024,GEICO Indemnity Company,19.0 Personal Auto,19.0001 Private Passenger Auto (PPA),0.000%,0.000%,0,917,2901014,17.000%,-12.000%,rate_change,GECC-133948780,FILED FOR USE,2024-01-23,output/pdfs/UT/133948780/filing_summary.pdf,pipeline_only,extension,pipeline_extracted,
UT,02/15/2024,GEICO Casualty Company,19.0 Personal Auto,19.0001 Private Passenger Auto (PPA),0.000%,0.000%,0,60025,161452133,119.000%,-31.000%,rate_change,GECC-133948780,FILED FOR USE,2024-01-23,output/pdfs/UT/133948780/filing_summary.pdf,pipeline_only,extension,pipeline_extracted,
UT,02/15/2024,GEICO General Insurance Company,19.0 Personal Auto,19.0001 Private Passenger Auto (PPA),0.000%,0.000%,0,7663,19356818,27.000%,-18.000%,rate_change,GECC-133948780,FILED FOR USE,2024-01-23,output/pdfs/UT/133948780/filing_summary.pdf,pipeline_only,extension,pipeline_extracted,
UT,02/15/2024,Government Employees Insurance Company,19.0 Personal Auto,19.0001 Private Passenger Auto (PPA),0.000%,0.000%,0,2646,6546816,26.000%,-15.000%,rate_change,GECC-133948780,FILED FOR USE,2024-01-23,output/pdfs/UT/133948780/filing_summary.pdf,pipeline_only,extension,pipeline_extracted,
UT,02/15/2024,GEICO Choice Insurance Company,19.0 Personal Auto,19.0001 Private Passenger Auto (PPA),0.000%,0.000%,0,419,859371,22.000%,-21.600%,rate_change,GECC-133948780,FILED FOR USE,2024-01-23,output/pdfs/UT/133948780/filing_summary.pdf,pipeline_only,extension,pipeline_extracted,
UT,02/15/2024,GEICO Secure Insurance Company,19.0 Personal Auto,19.0001 Private Passenger Auto (PPA),0.000%,0.000%,0,27555,75829463,118.000%,-24.000%,rate_change,GECC-133948780,FILED FOR USE,2024-01-23,output/pdfs/UT/133948780/filing_summary.pdf,pipeline_only,extension,pipeline_extracted,
UT,04/11/2024,GEICO Choice Insurance Company,19.0 Personal Auto,19.0001 Private Passenger Auto (PPA),0.000%,-10.400%,-170441,1503,1638852,0.000%,-40.200%,rate_change,GECC-134019362,FILED FOR USE,2024-03-07,output/pdfs/UT/134019362/filing_summary.pdf,pipeline_only,extension,pipeline_extracted,
UT,04/11/2024,GEICO Secure Insurance Company,19.0 Personal Auto,19.0001 Private Passenger Auto (PPA),0.000%,-2.900%,-2241566,12902,77295386,0.000%,-34.800%,rate_change,GECC-134019362,FILED FOR USE,2024-03-07,output/pdfs/UT/134019362/filing_summary.pdf,pipeline_only,extension,pipeline_extracted,
UT,05/16/2024,GEICO Choice Insurance Company,19.0 Personal Auto,19.0001 Private Passenger Auto (PPA),0.000%,0.000%,0,0,1638852,0.000%,0.000%,rate_change,GECC-134037419,FILED FOR USE,2024-03-27,output/pdfs/UT/134037419/filing_summary.pdf,pipeline_only,extension,pipeline_extracted,
UT,05/16/2024,GEICO Secure Insurance Company,19.0 Personal Auto,19.0001 Private Passenger Auto (PPA),0.000%,0.000%,0,0,77295386,0.000%,0.000%,rate_change,GECC-134037419,FILED FOR USE,2024-03-27,output/pdfs/UT/134037419/filing_summary.pdf,pipeline_only,extension,pipeline_extracted,
UT,09/12/2024,GEICO Choice Insurance Company,19.0 Personal Auto,19.0001 Private Passenger Auto (PPA),,0.000%,0,2142,1638852,11.300%,-3.300%,rate_change,GECC-134123703,FILED FOR USE,2024-05-30,output/pdfs/UT/134123703/filing_summary.pdf,pipeline_only,extension,pipeline_extracted,
UT,08/15/2024,GEICO Choice Insurance Company,19.0 Personal Auto,19.0001 Private Passenger Auto (PPA),-3.300%,-6.700%,-320504,3265,4783640,0.000%,-7.000%,rate_change,GECC-134182398,FILED FOR USE,2024-07-18,output/pdfs/UT/134182398/filing_summary.pdf,pipeline_only,extension,pipeline_extracted,
UT,08/15/2024,GEICO Secure Insurance Company,19.0 Personal Auto,19.0001 Private Passenger Auto (PPA),-3.300%,-6.700%,-5582259,36762,83317296,0.000%,-7.000%,rate_change,GECC-134182398,FILED FOR USE,2024-07-18,output/pdfs/UT/134182398/filing_summary.pdf,pipeline_only,extension,pipeline_extracted,
UT,10/08/2024,GEICO Secure Insurance Company,19.0 Personal Auto,19.0001 Private Passenger Auto (PPA),0.000%,0.000%,0,0,85731243,,,rate_change,GECC-134224320,FILED FOR USE,2024-08-29,output/pdfs/UT/134224320/filing_summary.pdf,pipeline_only,extension,pipeline_extracted,
UT,01/01/2025,GEICO Indemnity Company,19.0 Personal Auto,19.0001 Private Passenger Auto (PPA),0.000%,0.000%,0,0,2892898,0.000%,0.000%,rate_change,GECC-134263694,FILED FOR USE,2024-10-01,output/pdfs/UT/134263694/filing_summary.pdf,pipeline_only,original,pipeline_extracted_in_validated_window,
UT,01/01/2025,GEICO Casualty Company,19.0 Personal Auto,19.0001 Private Passenger Auto (PPA),0.000%,0.000%,0,0,139556665,0.000%,0.000%,rate_change,GECC-134263694,FILED FOR USE,2024-10-01,output/pdfs/UT/134263694/filing_summary.pdf,pipeline_only,original,pipeline_extracted_in_validated_window,
UT,01/01/2025,GEICO General Insurance Company,19.0 Personal Auto,19.0001 Private Passenger Auto (PPA),0.000%,0.000%,0,0,19216181,0.000%,0.000%,rate_change,GECC-134263694,FILED FOR USE,2024-10-01,output/pdfs/UT/134263694/filing_summary.pdf,pipeline_only,original,pipeline_extracted_in_validated_window,
UT,01/01/2025,Government Employees Insurance Company,19.0 Personal Auto,19.0001 Private Passenger Auto (PPA),0.000%,0.000%,0,0,6473462,0.000%,0.000%,rate_change,GECC-134263694,FILED FOR USE,2024-10-01,output/pdfs/UT/134263694/filing_summary.pdf,pipeline_only,original,pipeline_extracted_in_validated_window,
UT,01/01/2025,GEICO Choice Insurance Company,19.0 Personal Auto,19.0001 Private Passenger Auto (PPA),0.000%,0.000%,0,0,5770311,0.000%,0.000%,rate_change,GECC-134263694,FILED FOR USE,2024-10-01,output/pdfs/UT/134263694/filing_summary.pdf,pipeline_only,original,pipeline_extracted_in_validated_window,
UT,01/01/2025,GEICO Secure Insurance Company,19.0 Personal Auto,19.0001 Private Passenger Auto (PPA),0.000%,0.000%,0,0,84507689,0.000%,0.000%,rate_change,GECC-134263694,FILED FOR USE,2024-10-01,output/pdfs/UT/134263694/filing_summary.pdf,pipeline_only,original,pipeline_extracted_in_validated_window,
UT,01/01/2025,GEICO Indemnity Company,19.0 Personal Auto,19.0002 Motorcycle,0.000%,0.000%,0,0,5923350,0.000%,0.000%,rate_change,GECC-134264301,FILED FOR USE,2024-10-01,output/pdfs/UT/134264301/filing_summary.pdf,pipeline_only,original,pipeline_extracted_in_validated_window,
UT,03/10/2025,GEICO Indemnity Company,19.0 Personal Auto,19.0002 Motorcycle,0.200%,0.000%,0,13481,5778763,538.800%,-71.000%,rate_change,GECC-134389837,FILED FOR USE,2025-01-27,output/pdfs/UT/134389837/filing_summary.pdf,ambest_validated,original,ambest_cross_checked,date_relaxed
UT,03/10/2025,GEICO Indemnity Company,19.0 Personal Auto,19.0002 Motorcycle,0.200%,0.000%,0,13481,5778763,538.800%,-71.000%,rate_change,GECC-134419173,FILED FOR USE,2025-02-14,output/pdfs/UT/134419173/filing_summary.pdf,pipeline_only,original,pipeline_extracted_in_validated_window,
UT,06/19/2025,GEICO Indemnity Company,19.0 Personal Auto,19.0001 Private Passenger Auto (PPA),-8.700%,0.000%,0,924,2839855,4.900%,-4.400%,rate_change,GECC-134547737,FILED FOR USE,2025-06-11,output/pdfs/UT/134547737/filing_summary.pdf,ambest_validated,original,ambest_cross_checked,date_relaxed
UT,06/19/2025,GEICO Casualty Company,19.0 Personal Auto,19.0001 Private Passenger Auto (PPA),-12.600%,0.000%,0,41257,117600987,15.800%,-14.800%,rate_change,GECC-134547737,FILED FOR USE,2025-06-11,output/pdfs/UT/134547737/filing_summary.pdf,ambest_validated,original,ambest_cross_checked,date_relaxed
UT,06/19/2025,GEICO General Insurance Company,19.0 Personal Auto,19.0001 Private Passenger Auto (PPA),-8.700%,0.000%,0,6801,18068540,13.300%,-5.000%,rate_change,GECC-134547737,FILED FOR USE,2025-06-11,output/pdfs/UT/134547737/filing_summary.pdf,ambest_validated,original,ambest_cross_checked,date_relaxed
UT,06/19/2025,Government Employees Insurance Company,19.0 Personal Auto,19.0001 Private Passenger Auto (PPA),-8.700%,0.000%,0,2316,6079130,13.300%,-5.000%,rate_change,GECC-134547737,FILED FOR USE,2025-06-11,output/pdfs/UT/134547737/filing_summary.pdf,ambest_validated,original,ambest_cross_checked,date_relaxed
UT,06/19/2025,GEICO Choice Insurance Company,19.0 Personal Auto,19.0001 Private Passenger Auto (PPA),-2.600%,0.000%,0,6098,13155062,20.700%,-14.600%,rate_change,GECC-134547737,FILED FOR USE,2025-06-11,output/pdfs/UT/134547737/filing_summary.pdf,ambest_validated,original,ambest_cross_checked,date_relaxed
UT,06/19/2025,GEICO Secure Insurance Company,19.0 Personal Auto,19.0001 Private Passenger Auto (PPA),-2.600%,0.000%,0,43122,97949596,20.700%,-14.600%,rate_change,GECC-134547737,FILED FOR USE,2025-06-11,output/pdfs/UT/134547737/filing_summary.pdf,ambest_validated,original,ambest_cross_checked,date_relaxed
UT,03/17/2026,GEICO Indemnity Company,19.0 Personal Auto,19.0003 Recreational Vehicle (RV),0.000%,0.000%,0,53,39520,13.700%,-20.200%,rate_change_disapproved,GECC-134721778,REJECTED,2026-02-05,output/pdfs/UT/134721778/filing_summary.pdf,pipeline_only,original,pipeline_extracted_in_validated_window,
UT,03/17/2026,GEICO Casualty Company,19.0 Personal Auto,19.0003 Recreational Vehicle (RV),0.000%,0.000%,0,2633,1204116,21.900%,-26.100%,rate_change_disapproved,GECC-134721778,REJECTED,2026-02-05,output/pdfs/UT/134721778/filing_summary.pdf,pipeline_only,original,pipeline_extracted_in_validated_window,
UT,03/17/2026,GEICO General Insurance Company,19.0 Personal Auto,19.0003 Recreational Vehicle (RV),0.000%,0.000%,0,500,233327,20.500%,-21.000%,rate_change_disapproved,GECC-134721778,REJECTED,2026-02-05,output/pdfs/UT/134721778/filing_summary.pdf,pipeline_only,original,pipeline_extracted_in_validated_window,
UT,03/17/2026,Government Employees Insurance Company,19.0 Personal Auto,19.0003 Recreational Vehicle (RV),0.000%,0.000%,0,236,111472,16.000%,-22.300%,rate_change_disapproved,GECC-134721778,REJECTED,2026-02-05,output/pdfs/UT/134721778/filing_summary.pdf,pipeline_only,original,pipeline_extracted_in_validated_window,
UT,03/17/2026,GEICO Secure Insurance Company,19.0 Personal Auto,19.0003 Recreational Vehicle (RV),0.000%,0.000%,0,1416,835845,11.100%,-18.100%,rate_change_disapproved,GECC-134721778,REJECTED,2026-02-05,output/pdfs/UT/134721778/filing_summary.pdf,pipeline_only,original,pipeline_extracted_in_validated_window,
UT,04/20/2024,Liberty Mutual Insurance Company,19.0 Personal Auto,19.0000 Personal Auto Combinations,31.300%,6.100%,4653,24,75878,9.000%,3.000%,rate_change,LBPM-134055508,FILED FOR USE,2024-04-04,output/pdfs/UT/134055508/filing_summary.pdf,pipeline_only,extension,pipeline_extracted,
UT,04/20/2024,Liberty Mutual Personal Insurance Company,19.0 Personal Auto,19.0000 Personal Auto Combinations,31.300%,5.100%,1856569,14361,36614678,11.000%,1.000%,rate_change,LBPM-134055508,FILED FOR USE,2024-04-04,output/pdfs/UT/134055508/filing_summary.pdf,pipeline_only,extension,pipeline_extracted,
UT,10/29/2024,Liberty Insurance Corporation,19.0 Personal Auto,19.0000 Personal Auto Combinations,2.600%,-3.100%,-928,6,29747,0.000%,-4.500%,rate_change,LBPM-134255207,FILED FOR USE,2024-09-20,output/pdfs/UT/134255207/filing_summary.pdf,pipeline_only,extension,pipeline_extracted,
UT,10/29/2024,Liberty Mutual Fire Insurance Company,19.0 Personal Auto,19.0000 Personal Auto Combinations,2.600%,-3.000%,-112578,896,3695908,0.000%,-8.600%,rate_change,LBPM-134255207,FILED FOR USE,2024-09-20,output/pdfs/UT/134255207/filing_summary.pdf,pipeline_only,extension,pipeline_extracted,
UT,10/29/2024,The First Liberty Insurance Corporation,19.0 Personal Auto,19.0000 Personal Auto Combinations,2.600%,0.000%,0,0,0,0.000%,0.000%,rate_change,LBPM-134255207,FILED FOR USE,2024-09-20,output/pdfs/UT/134255207/filing_summary.pdf,pipeline_only,extension,pipeline_extracted,
UT,09/24/2024,Liberty Mutual Insurance Company,19.0 Personal Auto,19.0000 Personal Auto Combinations,2.600%,-1.900%,-1045,16,55650,-0.200%,-5.000%,rate_change,LBPM-134255471,FILED FOR USE,2024-09-20,output/pdfs/UT/134255471/filing_summary.pdf,pipeline_only,extension,pipeline_extracted,
UT,09/24/2024,Liberty Mutual Personal Insurance Company,19.0 Personal Auto,19.0000 Personal Auto Combinations,2.600%,-3.000%,-1295224,15460,43518031,-0.100%,-7.200%,rate_change,LBPM-134255471,FILED FOR USE,2024-09-20,output/pdfs/UT/134255471/filing_summary.pdf,pipeline_only,extension,pipeline_extracted,
UT,01/01/2025,Liberty Insurance Corporation,04.0 Homeowners,04.0000 Homeowners Sub-TOI Combinations,5.100%,0.000%,0,0,0,0.000%,0.000%,rate_change,LBPM-134332238,FILED FOR USE,2024-12-02,output/pdfs/UT/134332238/filing_summary.pdf,pipeline_only,original,pipeline_extracted_in_validated_window,
UT,01/01/2025,Liberty Mutual Fire Insurance Company,04.0 Homeowners,04.0000 Homeowners Sub-TOI Combinations,5.100%,-5.900%,-237679,950,4031663,-3.720%,-8.340%,rate_change,LBPM-134332238,FILED FOR USE,2024-12-02,output/pdfs/UT/134332238/filing_summary.pdf,pipeline_only,original,pipeline_extracted_in_validated_window,
UT,01/01/2025,Liberty Mutual Insurance Company,04.0 Homeowners,04.0000 Homeowners Sub-TOI Combinations,5.100%,-6.000%,-10060,66,167578,-5.600%,-6.500%,rate_change,LBPM-134332238,FILED FOR USE,2024-12-02,output/pdfs/UT/134332238/filing_summary.pdf,pipeline_only,original,pipeline_extracted_in_validated_window,
UT,01/01/2025,Liberty Mutual Personal Insurance Company,04.0 Homeowners,04.0000 Homeowners Sub-TOI Combinations,5.100%,-5.880%,-1898586,14649,32303814,-1.900%,-6.400%,rate_change,LBPM-134332238,FILED FOR USE,2024-12-02,output/pdfs/UT/134332238/filing_summary.pdf,pipeline_only,original,pipeline_extracted_in_validated_window,
UT,01/01/2025,Liberty Insurance Corporation,19.0 Personal Auto,19.0000 Personal Auto Combinations,0.000%,0.000%,0,5,25473,0.000%,0.000%,rate_change,LBPM-134385701,FILED FOR USE,2025-01-30,output/pdfs/UT/134385701/filing_summary.pdf,ambest_validated,original,ambest_cross_checked,date_relaxed
UT,01/01/2025,Liberty Mutual Fire Insurance Company,19.0 Personal Auto,19.0000 Personal Auto Combinations,0.000%,0.000%,0,672,2834447,0.000%,0.000%,rate_change,LBPM-134385701,FILED FOR USE,2025-01-30,output/pdfs/UT/134385701/filing_summary.pdf,ambest_validated,original,ambest_cross_checked,date_relaxed
UT,01/01/2025,Liberty Mutual Insurance Company,19.0 Personal Auto,19.0000 Personal Auto Combinations,0.000%,0.000%,0,13794,35859126,0.000%,0.000%,rate_change,LBPM-134385701,FILED FOR USE,2025-01-30,output/pdfs/UT/134385701/filing_summary.pdf,ambest_validated,original,ambest_cross_checked,date_relaxed
UT,01/01/2025,The First Liberty Insurance Corporation,19.0 Personal Auto,19.0000 Personal Auto Combinations,0.000%,0.000%,0,7,29232,0.000%,0.000%,rate_change,LBPM-134385701,FILED FOR USE,2025-01-30,output/pdfs/UT/134385701/filing_summary.pdf,ambest_validated,original,ambest_cross_checked,date_relaxed
UT,07/10/2025,Liberty Mutual Insurance Company,19.0 Personal Auto,19.0000 Personal Auto Combinations,0.400%,4.600%,881,8,19326,13.400%,-11.400%,rate_change,LBPM-134597407,FILED FOR USE,2025-07-09,output/pdfs/UT/134597407/filing_summary.pdf,ambest_validated,original,ambest_cross_checked,date_relaxed
UT,07/10/2025,Liberty Mutual Personal Insurance Company,19.0 Personal Auto,19.0000 Personal Auto Combinations,0.400%,0.000%,-319,14257,39036258,21.800%,-79.800%,rate_change,LBPM-134597407,FILED FOR USE,2025-07-09,output/pdfs/UT/134597407/filing_summary.pdf,ambest_validated,original,ambest_cross_checked,date_relaxed
UT,11/17/2025,Liberty Mutual Insurance Company,19.0 Personal Auto,19.0000 Personal Auto Combinations,0.400%,0.000%,0,8,19326,0.000%,0.000%,rate_change,LBPM-134677038,FILED FOR USE,2025-09-22,output/pdfs/UT/134677038/filing_summary.pdf,ambest_validated,original,ambest_cross_checked,date_relaxed
UT,11/17/2025,Liberty Mutual Personal Insurance Company,19.0 Personal Auto,19.0000 Personal Auto Combinations,0.000%,0.000%,0,14257,39036258,0.000%,0.000%,rate_change,LBPM-134677038,FILED FOR USE,2025-09-22,output/pdfs/UT/134677038/filing_summary.pdf,pipeline_only,original,pipeline_extracted_in_validated_window,
UT,02/25/2024,"MGA Insurance Company, Inc.",19.0 Personal Auto,19.0001 Private Passenger Auto (PPA),16.600%,14.100%,1229716,3779,8690897,20.000%,-5.000%,rate_change,GNSC-133962646,FILED FOR USE,2024-02-23,output/pdfs/UT/133962646/filing_summary.pdf,pipeline_only,extension,pipeline_extracted,
UT,09/22/2024,"MGA Insurance Company, Inc.",19.0 Personal Auto,19.0001 Private Passenger Auto (PPA),8.000%,0.000%,3645,3993,9860562,10.000%,-5.000%,rate_change,GNSC-134231817,FILED FOR USE,2024-09-17,output/pdfs/UT/134231817/filing_summary.pdf,pipeline_only,extension,pipeline_extracted,
UT,07/18/2025,"MGA Insurance Company, Inc.",19.0 Personal Auto,19.0001 Private Passenger Auto (PPA),-6.500%,-9.900%,-814146,10395,8262946,10.000%,-5.000%,rate_change,GNSC-134605705,FILED FOR USE,2025-07-16,output/pdfs/UT/134605705/filing_summary.pdf,ambest_validated,original,ambest_cross_checked,date_relaxed
UT,01/12/2024,Progressive Casualty Insurance Company,19.0 Personal Auto,19.0003 Recreational Vehicle (RV),7.900%,7.600%,386861,6403,5060270,26.900%,0.000%,rate_change,PRGS-133884435,FILED FOR USE,2023-12-01,output/pdfs/UT/133884435/filing_summary.pdf,pipeline_only,extension,pipeline_extracted,
UT,07/26/2024,Progressive Advanced Insurance Company,19.0 Personal Auto,19.0001 Private Passenger Auto (PPA),2.583%,0.821%,682262,90635,83101356,131.163%,-57.288%,rate_change,PRGS-134161722,FILED FOR USE,2024-07-27,output/pdfs/UT/134161722/filing_summary.pdf,pipeline_only,extension,pipeline_extracted,
UT,07/26/2024,Progressive Casualty Insurance Company,19.0 Personal Auto,19.0001 Private Passenger Auto (PPA),3.064%,1.339%,732,55,54642,44.706%,-25.254%,rate_change,PRGS-134161722,FILED FOR USE,2024-07-27,output/pdfs/UT/134161722/filing_summary.pdf,pipeline_only,extension,pipeline_extracted,
UT,07/26/2024,Progressive Classic Insurance Company,19.0 Personal Auto,19.0001 Private Passenger Auto (PPA),3.064%,1.339%,325429,16002,24303881,160.652%,-54.934%,rate_change,PRGS-134161722,FILED FOR USE,2024-07-27,output/pdfs/UT/134161722/filing_summary.pdf,pipeline_only,extension,pipeline_extracted,
UT,07/26/2024,Progressive Direct Insurance Company,19.0 Personal Auto,19.0001 Private Passenger Auto (PPA),2.583%,0.821%,333479,35976,40618631,111.213%,-42.977%,rate_change,PRGS-134161722,FILED FOR USE,2024-07-27,output/pdfs/UT/134161722/filing_summary.pdf,pipeline_only,extension,pipeline_extracted,
UT,07/26/2024,Progressive Northern Insurance Company,19.0 Personal Auto,19.0001 Private Passenger Auto (PPA),3.064%,1.339%,3501,198,261445,81.266%,-25.645%,rate_change,PRGS-134161722,FILED FOR USE,2024-07-27,output/pdfs/UT/134161722/filing_summary.pdf,pipeline_only,extension,pipeline_extracted,
UT,07/26/2024,Progressive Preferred Insurance Company,19.0 Personal Auto,19.0001 Private Passenger Auto (PPA),3.064%,1.339%,1040364,53020,77697060,141.087%,-42.426%,rate_change,PRGS-134161722,FILED FOR USE,2024-07-27,output/pdfs/UT/134161722/filing_summary.pdf,pipeline_only,extension,pipeline_extracted,
UT,01/01/2025,Progressive Casualty Insurance Company,19.0 Personal Auto,19.0002 Motorcycle,0.000%,0.000%,0,0,0,0.000%,0.000%,rate_change_disapproved,PRGS-134200135,REJECTED,2024-08-16,output/pdfs/UT/134200135/filing_summary.pdf,pipeline_only,original,pipeline_extracted_in_validated_window,
UT,01/01/2025,Progressive Casualty Insurance Company,19.0 Personal Auto,19.0003 Recreational Vehicle (RV),0.000%,0.000%,0,0,0,0.000%,0.000%,rate_change_disapproved,PRGS-134200159,REJECTED,2024-08-16,output/pdfs/UT/134200159/filing_summary.pdf,pipeline_only,original,pipeline_extracted_in_validated_window,
UT,01/01/2025,Progressive Casualty Insurance Company,19.0 Personal Auto,19.0003 Recreational Vehicle (RV),0.000%,0.000%,0,0,0,0.000%,0.000%,rate_change,PRGS-134225668,FILED FOR USE,2024-09-13,output/pdfs/UT/134225668/filing_summary.pdf,pipeline_only,original,pipeline_extracted_in_validated_window,
UT,01/01/2025,Progressive Casualty Insurance Company,19.0 Personal Auto,19.0002 Motorcycle,0.000%,0.000%,0,0,0,0.000%,0.000%,rate_change,PRGS-134225724,FILED FOR USE,2024-09-13,output/pdfs/UT/134225724/filing_summary.pdf,pipeline_only,original,pipeline_extracted_in_validated_window,
UT,01/01/2025,Progressive Advanced Insurance Company,19.0 Personal Auto,19.0001 Private Passenger Auto (PPA),-2.427%,-1.403%,-1557879,119266,111039134,0.000%,-2.355%,rate_change,PRGS-134347002,FILED FOR USE,2024-12-27,output/pdfs/UT/134347002/filing_summary.pdf,ambest_validated,original,ambest_cross_checked,date_relaxed
UT,01/01/2025,Progressive Casualty Insurance Company,19.0 Personal Auto,19.0001 Private Passenger Auto (PPA),-0.049%,-1.870%,-993,50,53076,-0.794%,-1.961%,rate_change,PRGS-134347002,FILED FOR USE,2024-12-27,output/pdfs/UT/134347002/filing_summary.pdf,ambest_validated,original,ambest_cross_checked,date_relaxed
UT,01/01/2025,Progressive Classic Insurance Company,19.0 Personal Auto,19.0001 Private Passenger Auto (PPA),-0.049%,-1.870%,-598820,18828,32022437,0.000%,-2.655%,rate_change,PRGS-134347002,FILED FOR USE,2024-12-27,output/pdfs/UT/134347002/filing_summary.pdf,ambest_validated,original,ambest_cross_checked,date_relaxed
UT,01/01/2025,Progressive Direct Insurance Company,19.0 Personal Auto,19.0001 Private Passenger Auto (PPA),-2.427%,-1.403%,-673618,41137,48012704,0.000%,-2.062%,rate_change,PRGS-134347002,FILED FOR USE,2024-12-27,output/pdfs/UT/134347002/filing_summary.pdf,ambest_validated,original,ambest_cross_checked,date_relaxed
UT,01/01/2025,Progressive Northern Insurance Company,19.0 Personal Auto,19.0001 Private Passenger Auto (PPA),-0.049%,-1.870%,-4714,188,252084,-1.103%,-2.262%,rate_change,PRGS-134347002,FILED FOR USE,2024-12-27,output/pdfs/UT/134347002/filing_summary.pdf,ambest_validated,original,ambest_cross_checked,date_relaxed
UT,01/01/2025,Progressive Preferred Insurance Company,19.0 Personal Auto,19.0001 Private Passenger Auto (PPA),-0.049%,-1.870%,-2314125,79562,123749982,0.000%,-2.778%,rate_change,PRGS-134347002,FILED FOR USE,2024-12-27,output/pdfs/UT/134347002/filing_summary.pdf,ambest_validated,original,ambest_cross_checked,date_relaxed
UT,03/21/2024,Safeco Insurance Company of America,04.0 Homeowners,04.0000 Homeowners Sub-TOI Combinations,25.900%,15.700%,2298082,11520,14657326,35.000%,-4.100%,rate_change,LBPM-133969102,FILED FOR USE,2024-01-30,output/pdfs/UT/133969102/filing_summary.pdf,pipeline_only,extension,pipeline_extracted,
UT,06/18/2024,Safeco Insurance Company of Illinois,19.0 Personal Auto,19.0000 Personal Auto Combinations,32.000%,21.000%,16012301,25822,76302024,39.300%,-0.300%,rate_change,LBPM-134001834,FILED FOR USE,2024-02-22,output/pdfs/UT/134001834/filing_summary.pdf,pipeline_only,extension,pipeline_extracted,
UT,07/23/2024,Safeco Insurance Company of Illinois,19.0 Personal Auto,19.0003 Recreational Vehicle (RV),5.300%,2.900%,41115,4489,1423010,4.900%,0.000%,rate_change,LBPM-134139968,FILED FOR USE,2024-06-11,output/pdfs/UT/134139968/filing_summary.pdf,pipeline_only,extension,pipeline_extracted,
UT,07/20/2024,Safeco Insurance Company of Illinois,19.0 Personal Auto,19.0000 Personal Auto Combinations,-2.300%,-13.000%,-11262207,51714,75130724,-0.800%,-39.200%,rate_change,LBPM-134147313,FILED FOR USE,2024-06-20,output/pdfs/UT/134147313/filing_summary.pdf,pipeline_only,extension,pipeline_extracted,
UT,10/27/2024,Safeco Insurance Company of Illinois,19.0 Personal Auto,19.0002 Motorcycle,15.200%,14.600%,631898,9047,4325414,45.000%,-5.000%,rate_change_disapproved,LBPM-134179869,REJECTED,2024-07-17,output/pdfs/UT/134179869/filing_summary.pdf,pipeline_only,extension,pipeline_extracted,
UT,10/27/2024,Safeco Insurance Company of Illinois,19.0 Personal Auto,19.0002 Motorcycle,15.200%,14.600%,631898,9047,4325414,45.000%,-5.000%,rate_change,LBPM-134185145,FILED FOR USE,2024-07-26,output/pdfs/UT/134185145/filing_summary.pdf,pipeline_only,extension,pipeline_extracted,
UT,02/12/2025,Safeco Insurance Company of America,04.0 Homeowners,04.0000 Homeowners Sub-TOI Combinations,-2.600%,-5.200%,-671838,6235,13008016,35.100%,-15.000%,rate_change,LBPM-134320459,FILED FOR USE,2024-11-20,output/pdfs/UT/134320459/filing_summary.pdf,pipeline_only,original,pipeline_extracted_in_validated_window,
UT,01/01/2025,Safeco Insurance Company of Illinois,19.0 Personal Auto,19.0000 Personal Auto Combinations,0.000%,0.000%,0,50202,62444827,0.000%,0.000%,rate_change,LBPM-134386267,FILED FOR USE,2025-01-30,output/pdfs/UT/134386267/filing_summary.pdf,ambest_validated,original,ambest_cross_checked,date_relaxed
UT,07/08/2025,Safeco Insurance Company of Illinois,19.0 Personal Auto,19.0000 Personal Auto Combinations,0.000%,0.000%,-15732,16348,52382609,4.100%,-22.500%,rate_change,LBPM-134525495,FILED FOR USE,2025-05-09,output/pdfs/UT/134525495/filing_summary.pdf,ambest_validated,original,ambest_cross_checked,date_relaxed
UT,10/27/2025,Safeco Insurance Company of Illinois,19.0 Personal Auto,19.0002 Motorcycle,9.700%,9.700%,476474,8739,4890603,21.500%,0.000%,rate_change,LBPM-134654157,FILED FOR USE,2025-09-03,output/pdfs/UT/134654157/filing_summary.pdf,ambest_validated,original,ambest_cross_checked,date_relaxed
UT,02/28/2026,Safeco Insurance Company of America,04.0 Homeowners,04.0000 Homeowners Sub-TOI Combinations,12.500%,5.000%,509073,4440,10181049,20.000%,-15.000%,rate_change,LBPM-134773745,FILED FOR USE,2025-12-16,output/pdfs/UT/134773745/filing_summary.pdf,pipeline_only,original,pipeline_extracted_in_validated_window,
UT,03/10/2026,Safeco Insurance Company of Illinois,19.0 Personal Auto,19.0000 Personal Auto Combinations,9.200%,3.000%,1132356,11639,37495165,6.000%,0.000%,rate_change,LBPM-134829691,FILED FOR USE,2026-02-06,output/pdfs/UT/134829691/filing_summary.pdf,ambest_validated,original,ambest_cross_checked,date_relaxed
UT,01/01/2024,State Farm Fire and Casualty Company,19.0 Personal Auto,19.0001 Private Passenger Auto (PPA),0.000%,0.000%,0,12353,18061949,,,rate_change,SFMA-133807660,FILED FOR USE,2023-11-01,output/pdfs/UT/133807660/filing_summary.pdf,pipeline_only,extension,pipeline_extracted,
UT,01/01/2024,State Farm Mutual Automobile Insurance Company,19.0 Personal Auto,19.0001 Private Passenger Auto (PPA),0.000%,0.000%,0,434051,334498724,,,rate_change,SFMA-133807660,FILED FOR USE,2023-11-01,output/pdfs/UT/133807660/filing_summary.pdf,pipeline_only,extension,pipeline_extracted,
UT,04/01/2024,State Farm Fire and Casualty Company,19.0 Personal Auto,19.0000 Personal Auto Combinations,,2.000%,533874,15185,26584568,,,rate_change,SFMA-133953465,FILED FOR USE,2024-01-19,output/pdfs/UT/133953465/filing_summary.pdf,pipeline_only,extension,pipeline_extracted,
UT,04/01/2024,State Farm Mutual Automobile Insurance Company,19.0 Personal Auto,19.0000 Personal Auto Combinations,,7.600%,36127872,530716,474553103,,,rate_change,SFMA-133953465,FILED FOR USE,2024-01-19,output/pdfs/UT/133953465/filing_summary.pdf,pipeline_only,extension,pipeline_extracted,
UT,03/15/2024,State Farm Fire and Casualty Company,04.0 Homeowners,04.0000 Homeowners Sub-TOI Combinations,,17.100%,23160273,195898,135687681,,,rate_change,SFMA-133956244,FILED FOR USE,2024-01-25,output/pdfs/UT/133956244/filing_summary.pdf,pipeline_only,extension,pipeline_extracted,
UT,08/01/2024,State Farm Fire and Casualty Company,19.0 Personal Auto,19.0002 Motorcycle,0.000%,0.000%,0,1294,634530,10.000%,-9.500%,rate_change_disapproved,SFMA-134084039,REJECTED,2024-05-23,output/pdfs/UT/134084039/filing_summary.pdf,pipeline_only,extension,pipeline_extracted,
UT,08/01/2024,State Farm Mutual Automobile Insurance Company,19.0 Personal Auto,19.0002 Motorcycle,0.000%,0.000%,0,18486,4670876,9.500%,-9.000%,rate_change_disapproved,SFMA-134084039,REJECTED,2024-05-23,output/pdfs/UT/134084039/filing_summary.pdf,pipeline_only,extension,pipeline_extracted,
UT,07/01/2024,State Farm Fire and Casualty Company,04.0 Homeowners,04.0002 Mobile Homeowners,,0.300%,3675,1872,1067665,,,rate_change_disapproved,SFMA-134095911,REJECTED,2024-05-16,output/pdfs/UT/134095911/filing_summary.pdf,pipeline_only,extension,pipeline_extracted,
UT,07/01/2024,State Farm Fire and Casualty Company,04.0 Homeowners,04.0002 Mobile Homeowners,,0.300%,3675,1872,1067665,,,rate_change,SFMA-134114755,FILED FOR USE,2024-05-21,output/pdfs/UT/134114755/filing_summary.pdf,pipeline_only,extension,pipeline_extracted,
UT,08/01/2024,State Farm Fire and Casualty Company,19.0 Personal Auto,19.0002 Motorcycle,0.000%,0.000%,0,1294,634530,10.000%,-9.500%,rate_change,SFMA-134122438,FILED FOR USE,2024-05-24,output/pdfs/UT/134122438/filing_summary.pdf,pipeline_only,extension,pipeline_extracted,
UT,08/01/2024,State Farm Mutual Automobile Insurance Company,19.0 Personal Auto,19.0002 Motorcycle,0.000%,0.000%,0,18486,4670876,9.500%,-9.000%,rate_change,SFMA-134122438,FILED FOR USE,2024-05-24,output/pdfs/UT/134122438/filing_summary.pdf,pipeline_only,extension,pipeline_extracted,
UT,04/15/2025,State Farm Fire and Casualty Company,19.0 Personal Auto,19.0001 Private Passenger Auto (PPA),,0.000%,0,14016,23356061,,,rate_change,SFMA-134294156,FILED FOR USE,2025-01-28,output/pdfs/UT/134294156/filing_summary.pdf,ambest_validated,original,ambest_cross_checked,date_relaxed
UT,04/15/2025,State Farm Mutual Automobile Insurance Company,19.0 Personal Auto,19.0001 Private Passenger Auto (PPA),,0.000%,0,462911,418122907,,,rate_change,SFMA-134294156,FILED FOR USE,2025-01-28,output/pdfs/UT/134294156/filing_summary.pdf,ambest_validated,original,ambest_cross_checked,date_relaxed
UT,01/01/2025,State Farm Fire and Casualty Company,19.0 Personal Auto,19.0000 Personal Auto Combinations,,-4.300%,-1256900,15971,29076065,,,rate_change,SFMA-134298166,FILED FOR USE,2024-11-01,output/pdfs/UT/134298166/filing_summary.pdf,pipeline_only,original,pipeline_extracted_in_validated_window,
UT,01/01/2025,State Farm Mutual Automobile Insurance Company,19.0 Personal Auto,19.0000 Personal Auto Combinations,,-1.700%,-9190766,548179,528271050,,,rate_change,SFMA-134298166,FILED FOR USE,2024-11-01,output/pdfs/UT/134298166/filing_summary.pdf,pipeline_only,original,pipeline_extracted_in_validated_window,
UT,03/15/2025,State Farm Fire and Casualty Company,04.0 Homeowners,04.0000 Homeowners Sub-TOI Combinations,,7.900%,13949437,206774,176292357,,,rate_change,SFMA-134384912,FILED FOR USE,2025-01-21,output/pdfs/UT/134384912/filing_summary.pdf,pipeline_only,original,pipeline_extracted_in_validated_window,
UT,08/25/2025,State Farm Fire and Casualty Company,19.0 Personal Auto,19.0000 Personal Auto Combinations,,-1.900%,-495049,15062,25658085,,,rate_change,SFMA-134574907,FILED FOR USE,2025-06-18,output/pdfs/UT/134574907/filing_summary.pdf,ambest_validated,original,ambest_cross_checked,date_relaxed
UT,08/25/2025,State Farm Mutual Automobile Insurance Company,19.0 Personal Auto,19.0000 Personal Auto Combinations,,-1.900%,-10324631,560065,538015103,,,rate_change,SFMA-134574907,FILED FOR USE,2025-06-18,output/pdfs/UT/134574907/filing_summary.pdf,ambest_validated,original,ambest_cross_checked,date_relaxed
UT,11/20/2025,State Farm Fire and Casualty Company,19.0 Personal Auto,19.0000 Personal Auto Combinations,10.700%,-6.900%,-1719175,14939,24801598,,,rate_change,SFMA-134676709,FILED FOR USE,2025-09-25,output/pdfs/UT/134676709/filing_summary.pdf,ambest_validated,original,ambest_cross_checked,date_relaxed
UT,11/20/2025,State Farm Mutual Automobile Insurance Company,19.0 Personal Auto,19.0000 Personal Auto Combinations,3.800%,-6.000%,-30891218,584013,517584852,,,rate_change,SFMA-134676709,FILED FOR USE,2025-09-25,output/pdfs/UT/134676709/filing_summary.pdf,ambest_validated,original,ambest_cross_checked,date_relaxed
UT,05/19/2024,Travelers Personal Insurance Company,04.0 Homeowners,04.0000 Homeowners Sub-TOI Combinations,12.600%,6.900%,3226801,41354,46765231,74.700%,-16.900%,rate_change,TRVD-134069338,FILED FOR USE,2024-04-19,output/pdfs/UT/134069338/filing_summary.pdf,pipeline_only,extension,pipeline_extracted,
UT,03/21/2025,Travelers Personal Insurance Company,04.0 Homeowners,04.0000 Homeowners Sub-TOI Combinations,11.000%,7.900%,4313582,45254,54602309,55.000%,-2.500%,rate_change,TRVD-G134446033,FILED FOR USE,2025-03-14,output/pdfs/UT/134458572/filing_summary.pdf,pipeline_only,original,pipeline_extracted_in_validated_window,
UT,01/23/2026,Travelers Personal Insurance Company,04.0 Homeowners,04.0000 Homeowners Sub-TOI Combinations,-2.800%,-2.400%,-1488305,45752,62012701,0.000%,-5.200%,rate_change,TRVD-G134766674,FILED FOR USE,2025-12-17,output/pdfs/UT/134776867/filing_summary.pdf,pipeline_only,original,pipeline_extracted_in_validated_window,
AZ,02/19/2024,Allstate Fire and Casualty Insurance Company,19.0 Personal Auto,19.0001 Private Passenger Auto (PPA),3.200%,3.200%,14691081,151727,459096274,32.700%,-2.200%,rate_change,ALSE-133960970,Acknowledged,2024-01-22,output/pdfs/AZ/133960970/filing_summary.pdf,pipeline_only,extension,pipeline_extracted,
AZ,04/15/2024,Allstate Vehicle and Property Insurance Company,04.0 Homeowners,04.0003 Owner Occupied Homeowners,9.700%,9.700%,14704867,99636,151596564,49.000%,-7.100%,rate_change,ALSE-134052323,Acknowledged,2024-04-01,output/pdfs/AZ/134052323/filing_summary.pdf,pipeline_only,extension,pipeline_extracted,
AZ,04/15/2024,Allstate Property and Casualty Insurance Company,04.0 Homeowners,04.0003 Owner Occupied Homeowners,10.600%,10.600%,3044319,16681,28719995,11.100%,7.000%,rate_change,ALSE-134052807,Acknowledged,2024-04-01,output/pdfs/AZ/134052807/filing_summary.pdf,pipeline_only,extension,pipeline_extracted,
AZ,04/15/2024,Allstate Insurance Company,04.0 Homeowners,04.0003 Owner Occupied Homeowners,7.500%,7.500%,1056029,8198,14080387,14.200%,5.100%,rate_change,ALSE-134054902,Acknowledged,2024-04-03,output/pdfs/AZ/134054902/filing_summary.pdf,pipeline_only,extension,pipeline_extracted,
AZ,04/15/2024,Allstate Indemnity Company,04.0 Homeowners,04.0003 Owner Occupied Homeowners,2.300%,2.300%,307433,7713,13366648,4.400%,1.400%,rate_change,ALSE-134054919,Acknowledged,2024-04-03,output/pdfs/AZ/134054919/filing_summary.pdf,pipeline_only,extension,pipeline_extracted,
AZ,07/01/2024,Allstate Fire and Casualty Insurance Company,19.0 Personal Auto,19.0001 Private Passenger Auto (PPA),0.000%,0.000%,0,0,9733644,0.000%,0.000%,rate_change,ALSE-134148254,Acknowledged,2024-06-17,output/pdfs/AZ/134148254/filing_summary.pdf,pipeline_only,extension,pipeline_extracted,
AZ,10/04/2024,Allstate North American Insurance Company,19.0 Personal Auto,19.0001 Private Passenger Auto (PPA),,1.200%,43018,2691,3584846,12.700%,-11.900%,rate_change,ALSE-134180176,Acknowledged,2024-07-16,output/pdfs/AZ/134180176/filing_summary.pdf,pipeline_only,extension,pipeline_extracted,
AZ,08/19/2024,Allstate Fire and Casualty Insurance Company,19.0 Personal Auto,19.0001 Private Passenger Auto (PPA),3.500%,3.500%,16200469,153257,462870538,27.600%,-4.500%,rate_change,ALSE-134209181,Acknowledged,2024-08-12,output/pdfs/AZ/134209181/filing_summary.pdf,pipeline_only,extension,pipeline_extracted,
AZ,11/25/2024,Allstate Indemnity Company,04.0 Homeowners,04.0001 Condominium Homeowners,10.700%,10.700%,419792,4016,3921702,28.000%,4.500%,rate_change,ALSE-134316124,Acknowledged,2024-11-11,output/pdfs/AZ/134316124/filing_summary.pdf,pipeline_only,extension,pipeline_extracted,
AZ,11/25/2024,Allstate Indemnity Company,04.0 Homeowners,04.0002 Mobile Homeowners,13.900%,13.900%,600609,3135,4319223,19.200%,5.600%,rate_change,ALSE-134316189,Acknowledged,2024-11-11,output/pdfs/AZ/134316189/filing_summary.pdf,pipeline_only,extension,pipeline_extracted,
AZ,11/25/2024,Allstate Vehicle and Property Insurance Company,04.0 Homeowners,04.0001 Condominium Homeowners,17.500%,17.500%,1043801,5308,5964209,33.100%,8.000%,rate_change,ALSE-134322361,Acknowledged,2024-11-15,output/pdfs/AZ/134322361/filing_summary.pdf,pipeline_only,extension,pipeline_extracted,
AZ,01/09/2025,Allstate North American Insurance Company,19.0 Personal Auto,19.0001 Private Passenger Auto (PPA),,-5.000%,-1890920,13063,37818391,-5.000%,-5.000%,rate_change,ALSE-134359169,Acknowledged,2024-12-19,output/pdfs/AZ/134359169/filing_summary.pdf,ambest_validated,original,ambest_cross_checked,direct
AZ,03/18/2025,Allstate North American Insurance Company,19.0 Personal Auto,19.0001 Private Passenger Auto (PPA),0.000%,0.000%,0,16271,47842318,19.100%,-1.900%,rate_change,ALSE-134406699,Acknowledged,2025-02-05,output/pdfs/AZ/134406699/filing_summary.pdf,ambest_validated,original,ambest_cross_checked,direct
AZ,02/24/2025,Allstate Fire and Casualty Insurance Company,19.0 Personal Auto,19.0001 Private Passenger Auto (PPA),2.200%,2.200%,10392665,147446,472393859,14.500%,-2.900%,rate_change,ALSE-134412703,Acknowledged,2025-02-10,output/pdfs/AZ/134412703/filing_summary.pdf,ambest_validated,original,ambest_cross_checked,direct
AZ,04/07/2025,Allstate North American Insurance Company,19.0 Personal Auto,19.0001 Private Passenger Auto (PPA),0.000%,0.000%,0,16271,47842318,6.600%,-10.900%,rate_change,ALSE-134458781,Acknowledged,2025-03-14,output/pdfs/AZ/134458781/filing_summary.pdf,ambest_validated,original,ambest_cross_checked,direct
AZ,04/14/2025,Allstate Fire and Casualty Insurance Company,19.0 Personal Auto,19.0004 Other,18.600%,18.600%,475593,6831,2560155,26.700%,0.000%,rate_change,ALSE-134481010,Acknowledged,2025-04-01,output/pdfs/AZ/134481010/filing_summary.pdf,ambest_validated,original,ambest_cross_checked,direct
AZ,04/21/2025,Allstate Vehicle and Property Insurance Company,04.0 Homeowners,04.0003 Owner Occupied Homeowners,19.200%,19.200%,32195888,112385,167686918,30.200%,5.800%,rate_change,ALSE-134489237,Acknowledged,2025-04-08,output/pdfs/AZ/134489237/filing_summary.pdf,ambest_validated,original,ambest_cross_checked,direct
AZ,04/21/2025,Allstate Indemnity Company,04.0 Homeowners,04.0003 Owner Occupied Homeowners,19.500%,19.500%,2479433,7173,12715042,23.100%,12.500%,rate_change,ALSE-134489897,Acknowledged,2025-04-08,output/pdfs/AZ/134489897/filing_summary.pdf,ambest_validated,original,ambest_cross_checked,direct
AZ,04/21/2025,Allstate Insurance Company,04.0 Homeowners,04.0003 Owner Occupied Homeowners,18.300%,18.300%,2550197,7573,13935503,20.000%,13.400%,rate_change,ALSE-134490600,Acknowledged,2025-04-10,output/pdfs/AZ/134490600/filing_summary.pdf,ambest_validated,original,ambest_cross_checked,direct
AZ,04/21/2025,Allstate Property and Casualty Insurance Company,04.0 Homeowners,04.0003 Owner Occupied Homeowners,12.700%,12.700%,3784698,15459,29800768,21.500%,8.200%,rate_change,ALSE-134491858,Acknowledged,2025-04-10,output/pdfs/AZ/134491858/filing_summary.pdf,ambest_validated,original,ambest_cross_checked,direct
AZ,05/05/2025,Allstate Fire and Casualty Insurance Company,19.0 Personal Auto,19.0001 Private Passenger Auto (PPA),0.000%,0.000%,0,0,450374224,0.000%,0.000%,rate_change,ALSE-134494603,Acknowledged,2025-04-12,output/pdfs/AZ/134494603/filing_summary.pdf,ambest_validated,original,ambest_cross_checked,direct
AZ,06/16/2025,Allstate North American Insurance Company,19.0 Personal Auto,19.0001 Private Passenger Auto (PPA),7.100%,3.000%,1421230,16271,47374336,6.000%,0.400%,rate_change,ALSE-134545874,Acknowledged,2025-05-22,output/pdfs/AZ/134545874/filing_summary.pdf,pipeline_only,original,pipeline_extracted_in_validated_window,
AZ,08/25/2025,Allstate Indemnity Company,19.0 Personal Auto,19.0001 Private Passenger Auto (PPA),14.300%,14.300%,659988,1559,4615303,25.600%,0.000%,rate_change,ALSE-134630441,Acknowledged,2025-08-06,output/pdfs/AZ/134630441/filing_summary.pdf,pipeline_only,original,pipeline_extracted_in_validated_window,
AZ,09/15/2025,Allstate Insurance Company,19.0 Personal Auto,19.0001 Private Passenger Auto (PPA),0.000%,0.000%,0,0,9105137,0.000%,0.000%,rate_change,ALSE-134648125,Acknowledged,2025-08-22,output/pdfs/AZ/134648125/filing_summary.pdf,pipeline_only,original,pipeline_extracted_in_validated_window,
AZ,09/15/2025,Allstate Property and Casualty Insurance Company,19.0 Personal Auto,19.0001 Private Passenger Auto (PPA),0.000%,0.000%,0,0,9081638,0.000%,0.000%,rate_change,ALSE-134648125,Acknowledged,2025-08-22,output/pdfs/AZ/134648125/filing_summary.pdf,pipeline_only,original,pipeline_extracted_in_validated_window,
AZ,09/15/2025,Allstate Indemnity Company,19.0 Personal Auto,19.0001 Private Passenger Auto (PPA),0.000%,0.000%,0,0,5382030,0.000%,0.000%,rate_change,ALSE-134648125,Acknowledged,2025-08-22,output/pdfs/AZ/134648125/filing_summary.pdf,pipeline_only,original,pipeline_extracted_in_validated_window,
AZ,10/01/2025,Allstate North American Insurance Company,19.0 Personal Auto,19.0001 Private Passenger Auto (PPA),0.000%,-8.000%,-10652903,42418,133161284,1.800%,-31.100%,rate_change,ALSE-134682748,Acknowledged,2025-09-24,output/pdfs/AZ/134682748/filing_summary.pdf,pipeline_only,original,pipeline_extracted_in_validated_window,
AZ,11/03/2025,Allstate Vehicle and Property Insurance Company,04.0 Homeowners,04.0003 Owner Occupied Homeowners,0.000%,0.000%,0,114578,229274064,13.700%,-5.600%,rate_change,ALSE-134702171,Acknowledged,2025-10-10,output/pdfs/AZ/134702171/filing_summary.pdf,pipeline_only,original,pipeline_extracted_in_validated_window,
AZ,11/12/2025,Allstate North American Insurance Company,04.0 Homeowners,04.0003 Owner Occupied Homeowners,0.000%,-0.100%,-16605,9598,16604540,5.700%,-6.800%,rate_change,ALSE-134717230,Acknowledged,2025-10-27,output/pdfs/AZ/134717230/filing_summary.pdf,pipeline_only,original,pipeline_extracted_in_validated_window,
AZ,03/26/2026,Allstate North American Insurance Company,04.0 Homeowners,04.0004 Tenant Homeowners,0.000%,0.000%,0,20015,2972565,3.500%,-1.600%,rate_change,ALSE-134825039,Acknowledged,2026-02-03,output/pdfs/AZ/134825039/filing_summary.pdf,pipeline_only,original,pipeline_extracted_in_validated_window,
AZ,02/17/2026,Allstate North American Insurance Company,04.0 Homeowners,04.0003 Owner Occupied Homeowners,0.000%,-6.000%,-2016528,19540,33608800,-0.200%,-17.000%,rate_change,ALSE-134832470,Acknowledged,2026-02-09,output/pdfs/AZ/134832470/filing_summary.pdf,pipeline_only,original,pipeline_extracted_in_validated_window,
AZ,02/23/2026,Allstate Indemnity Company,19.0 Personal Auto,19.0001 Private Passenger Auto (PPA),19.200%,14.000%,541337,1186,3866692,22.100%,0.000%,rate_change,ALSE-134842150,Acknowledged,2026-02-16,output/pdfs/AZ/134842150/filing_summary.pdf,pipeline_only,original,pipeline_extracted_in_validated_window,
AZ,02/23/2026,Allstate Fire and Casualty Insurance Company,19.0 Personal Auto,19.0001 Private Passenger Auto (PPA),11.600%,3.000%,11137238,106883,371241259,11.200%,-0.600%,rate_change,ALSE-134842297,Acknowledged,2026-02-16,output/pdfs/AZ/134842297/filing_summary.pdf,pipeline_only,original,pipeline_extracted_in_validated_window,
AZ,03/31/2026,Allstate North American Insurance Company,19.0 Personal Auto,19.0001 Private Passenger Auto (PPA),,-2.000%,-3260124,58075,163006180,9.500%,-45.800%,rate_change,ALSE-134883938,Acknowledged,2026-03-23,output/pdfs/AZ/134883938/filing_summary.pdf,pipeline_only,original,pipeline_extracted_in_validated_window,
AZ,02/19/2024,Encompass Property and Casualty Company,19.0 Personal Auto,19.0003 Recreational Vehicle (RV),19.800%,0.100%,206,645,206350,3.100%,0.000%,rate_change,ALSE-133925712,Acknowledged,2023-12-18,output/pdfs/AZ/133925712/filing_summary.pdf,pipeline_only,extension,pipeline_extracted,
AZ,02/19/2024,Encompass Property and Casualty Company,04.0 Homeowners,04.0001 Condominium Homeowners,41.800%,41.800%,304522,725,728521,52.800%,0.000%,rate_change,ALSE-133925713,Acknowledged,2023-12-18,output/pdfs/AZ/133925713/filing_summary.pdf,pipeline_only,extension,pipeline_extracted,
AZ,02/19/2024,Encompass Property and Casualty Company,19.0 Personal Auto,19.0001 Private Passenger Auto (PPA),19.800%,19.800%,3229549,4479,16310856,34.300%,0.000%,rate_change,ALSE-133925714,Acknowledged,2023-12-18,output/pdfs/AZ/133925714/filing_summary.pdf,pipeline_only,extension,pipeline_extracted,
AZ,02/19/2024,Encompass Property and Casualty Company,04.0 Homeowners,04.0003 Owner Occupied Homeowners,17.200%,17.200%,1679519,3808,9764644,18.800%,0.000%,rate_change,ALSE-133925724,Acknowledged,2023-12-18,output/pdfs/AZ/133925724/filing_summary.pdf,pipeline_only,extension,pipeline_extracted,
AZ,02/19/2024,Encompass Property and Casualty Company,19.0 Personal Auto,19.0002 Motorcycle,19.800%,0.600%,233,33,38808,1.900%,0.000%,rate_change,ALSE-133925737,Acknowledged,2023-12-18,output/pdfs/AZ/133925737/filing_summary.pdf,pipeline_only,extension,pipeline_extracted,
AZ,02/19/2024,Encompass Property and Casualty Company,04.0 Homeowners,04.0004 Tenant Homeowners,41.800%,41.800%,52021,412,124453,59.900%,0.000%,rate_change,ALSE-133926215,Acknowledged,2023-12-18,output/pdfs/AZ/133926215/filing_summary.pdf,pipeline_only,extension,pipeline_extracted,
AZ,08/19/2024,Encompass Property and Casualty Company,19.0 Personal Auto,19.0001 Private Passenger Auto (PPA),0.000%,0.000%,0,0,14540823,0.000%,0.000%,rate_change,ALSE-134148937,Acknowledged,2024-06-17,output/pdfs/AZ/134148937/filing_summary.pdf,pipeline_only,extension,pipeline_extracted,
AZ,08/19/2024,Encompass Property and Casualty Company,04.0 Homeowners,04.0003 Owner Occupied Homeowners,5.400%,5.400%,560571,3225,10380948,5.800%,0.000%,rate_change,ALSE-134163776,Acknowledged,2024-06-28,output/pdfs/AZ/134163776/filing_summary.pdf,pipeline_only,extension,pipeline_extracted,
AZ,08/19/2024,Encompass Property and Casualty Company,19.0 Personal Auto,19.0001 Private Passenger Auto (PPA),14.900%,14.900%,2363447,3588,15862062,22.900%,-1.200%,rate_change,ALSE-134163849,Acknowledged,2024-06-28,output/pdfs/AZ/134163849/filing_summary.pdf,pipeline_only,extension,pipeline_extracted,
AZ,08/19/2024,Encompass Property and Casualty Company,04.0 Homeowners,04.0001 Condominium Homeowners,4.600%,4.600%,41419,603,900408,5.600%,0.000%,rate_change,ALSE-134164334,Acknowledged,2024-06-28,output/pdfs/AZ/134164334/filing_summary.pdf,pipeline_only,extension,pipeline_extracted,
AZ,08/19/2024,Encompass Property and Casualty Company,04.0 Homeowners,04.0004 Tenant Homeowners,4.600%,4.500%,7066,313,157022,5.500%,0.000%,rate_change,ALSE-134164624,Acknowledged,2024-06-28,output/pdfs/AZ/134164624/filing_summary.pdf,pipeline_only,extension,pipeline_extracted,
AZ,08/19/2024,Encompass Property and Casualty Company,19.0 Personal Auto,19.0002 Motorcycle,14.900%,7.800%,1790,20,22950,18.300%,0.000%,rate_change,ALSE-134164643,Acknowledged,2024-06-28,output/pdfs/AZ/134164643/filing_summary.pdf,pipeline_only,extension,pipeline_extracted,
AZ,02/19/2025,Encompass Property and Casualty Company,19.0 Personal Auto,19.0001 Private Passenger Auto (PPA),1.300%,1.300%,166357,2656,12796677,10.100%,-5.600%,rate_change,GMMX-134417350,Acknowledged,2025-02-13,output/pdfs/AZ/134417350/filing_summary.pdf,ambest_validated,original,ambest_cross_checked,direct
AZ,02/19/2025,Encompass Property and Casualty Company,04.0 Homeowners,04.0003 Owner Occupied Homeowners,10.100%,10.100%,931997,2683,9227697,10.600%,0.000%,rate_change,GMMX-134417367,Acknowledged,2025-02-13,output/pdfs/AZ/134417367/filing_summary.pdf,ambest_validated,original,ambest_cross_checked,direct
AZ,02/08/2024,GEICO Indemnity Company,19.0 Personal Auto,19.0001 Private Passenger Auto (PPA),0.800%,0.000%,0,30917,12519740,169.600%,-52.700%,rate_change,GECC-133941485,Acknowledged,2024-01-11,output/pdfs/AZ/133941485/filing_summary.pdf,pipeline_only,extension,pipeline_extracted,
AZ,02/08/2024,GEICO Casualty Company,19.0 Personal Auto,19.0001 Private Passenger Auto (PPA),10.300%,0.000%,0,1513557,570110291,158.300%,-45.300%,rate_change,GECC-133941485,Acknowledged,2024-01-11,output/pdfs/AZ/133941485/filing_summary.pdf,pipeline_only,extension,pipeline_extracted,
AZ,02/08/2024,GEICO General Insurance Company,19.0 Personal Auto,19.0001 Private Passenger Auto (PPA),-0.700%,0.000%,0,226523,66434167,208.700%,-44.100%,rate_change,GECC-133941485,Acknowledged,2024-01-11,output/pdfs/AZ/133941485/filing_summary.pdf,pipeline_only,extension,pipeline_extracted,
AZ,02/08/2024,Government Employees Insurance Company,19.0 Personal Auto,19.0001 Private Passenger Auto (PPA),-0.700%,0.000%,0,80425,23715175,103.300%,-35.000%,rate_change,GECC-133941485,Acknowledged,2024-01-11,output/pdfs/AZ/133941485/filing_summary.pdf,pipeline_only,extension,pipeline_extracted,
AZ,05/11/2024,GEICO Choice Insurance Company,19.0 Personal Auto,19.0001 Private Passenger Auto (PPA),0.000%,-10.100%,-304303,3665,3012901,0.000%,-33.100%,rate_change,GECC-134023761,Acknowledged,2024-03-13,output/pdfs/AZ/134023761/filing_summary.pdf,pipeline_only,extension,pipeline_extracted,
AZ,05/11/2024,GEICO Secure Insurance Company,19.0 Personal Auto,19.0001 Private Passenger Auto (PPA),0.000%,-3.900%,-13057501,134617,334807721,14.900%,-44.000%,rate_change,GECC-134023761,Acknowledged,2024-03-13,output/pdfs/AZ/134023761/filing_summary.pdf,pipeline_only,extension,pipeline_extracted,
AZ,06/27/2024,GEICO Choice Insurance Company,19.0 Personal Auto,19.0001 Private Passenger Auto (PPA),0.000%,0.000%,0,1694,3012901,30.100%,-10.800%,rate_change,GECC-134108257,Acknowledged,2024-05-21,output/pdfs/AZ/134108257/filing_summary.pdf,pipeline_only,extension,pipeline_extracted,
AZ,06/27/2024,GEICO Secure Insurance Company,19.0 Personal Auto,19.0001 Private Passenger Auto (PPA),0.000%,0.000%,0,118208,334807721,120.200%,-32.300%,rate_change,GECC-134108257,Acknowledged,2024-05-21,output/pdfs/AZ/134108257/filing_summary.pdf,pipeline_only,extension,pipeline_extracted,
AZ,08/22/2024,GEICO Choice Insurance Company,19.0 Personal Auto,19.0001 Private Passenger Auto (PPA),0.000%,0.000%,0,6786,3012901,11.300%,-3.300%,rate_change,GECC-134122296,Acknowledged,2024-05-31,output/pdfs/AZ/134122296/filing_summary.pdf,pipeline_only,extension,pipeline_extracted,
AZ,08/29/2024,GEICO Choice Insurance Company,19.0 Personal Auto,19.0001 Private Passenger Auto (PPA),-3.400%,-4.600%,-629438,10235,13683424,0.000%,-3.200%,rate_change,GECC-134170639,Acknowledged,2024-07-12,output/pdfs/AZ/134170639/filing_summary.pdf,pipeline_only,extension,pipeline_extracted,
AZ,08/29/2024,GEICO Secure Insurance Company,19.0 Personal Auto,19.0001 Private Passenger Auto (PPA),-3.400%,-3.700%,-14499567,156407,391880182,0.000%,-3.200%,rate_change,GECC-134170639,Acknowledged,2024-07-12,output/pdfs/AZ/134170639/filing_summary.pdf,pipeline_only,extension,pipeline_extracted,
AZ,12/19/2024,GEICO Indemnity Company,19.0 Personal Auto,19.0002 Motorcycle,-6.600%,-3.000%,-685489,44389,22849635,371.100%,-85.300%,rate_change,GECC-134264259,Acknowledged,2024-10-01,output/pdfs/AZ/134264259/filing_summary.pdf,pipeline_only,extension,pipeline_extracted,
AZ,11/28/2024,GEICO Indemnity Company,19.0 Personal Auto,19.0003 Recreational Vehicle (RV),0.000%,0.000%,0,145,123300,112.800%,-48.600%,rate_change,GECC-134298268,Acknowledged,2024-10-29,output/pdfs/AZ/134298268/filing_summary.pdf,pipeline_only,extension,pipeline_extracted,
AZ,11/28/2024,GEICO Casualty Company,19.0 Personal Auto,19.0003 Recreational Vehicle (RV),0.000%,0.000%,0,7814,5514208,182.100%,-68.100%,rate_change,GECC-134298268,Acknowledged,2024-10-29,output/pdfs/AZ/134298268/filing_summary.pdf,pipeline_only,extension,pipeline_extracted,
AZ,11/28/2024,GEICO General Insurance Company,19.0 Personal Auto,19.0003 Recreational Vehicle (RV),0.000%,0.000%,0,1274,852091,107.800%,-58.300%,rate_change,GECC-134298268,Acknowledged,2024-10-29,output/pdfs/AZ/134298268/filing_summary.pdf,pipeline_only,extension,pipeline_extracted,
AZ,11/28/2024,Government Employees Insurance Company,19.0 Personal Auto,19.0003 Recreational Vehicle (RV),0.000%,0.000%,0,584,367790,101.700%,-59.300%,rate_change,GECC-134298268,Acknowledged,2024-10-29,output/pdfs/AZ/134298268/filing_summary.pdf,pipeline_only,extension,pipeline_extracted,
AZ,11/28/2024,GEICO Secure Insurance Company,19.0 Personal Auto,19.0003 Recreational Vehicle (RV),0.000%,0.000%,0,4306,2969992,58.500%,-38.200%,rate_change,GECC-134298268,Acknowledged,2024-10-29,output/pdfs/AZ/134298268/filing_summary.pdf,pipeline_only,extension,pipeline_extracted,
AZ,01/14/2026,GEICO Advantage Insurance Company,19.0 Personal Auto,19.0001 Private Passenger Auto (PPA),,0.000%,0,31773,33454128,3.100%,-35.900%,rate_change,GECC-134785112,Acknowledged,2025-12-31,output/pdfs/AZ/134785112/filing_summary.pdf,pipeline_only,original,pipeline_extracted_in_validated_window,
AZ,01/14/2026,GEICO Marine Insurance Company,19.0 Personal Auto,19.0001 Private Passenger Auto (PPA),,0.000%,0,8834,12921771,3.500%,-25.500%,rate_change,GECC-134785112,Acknowledged,2025-12-31,output/pdfs/AZ/134785112/filing_summary.pdf,pipeline_only,original,pipeline_extracted_in_validated_window,
AZ,02/09/2024,Liberty Mutual Fire Insurance Company,04.0 Homeowners,04.0003 Owner Occupied Homeowners,51.100%,20.000%,823194,976,4114735,27.300%,15.800%,rate_change,LBPM-133917374,Acknowledged,2023-12-11,output/pdfs/AZ/133917374/filing_summary.pdf,pipeline_only,extension,pipeline_extracted,
AZ,02/09/2024,Liberty Mutual Insurance Company,04.0 Homeowners,04.0003 Owner Occupied Homeowners,51.100%,20.000%,3251626,9830,16249338,23.400%,12.900%,rate_change,LBPM-133917374,Acknowledged,2023-12-11,output/pdfs/AZ/133917374/filing_summary.pdf,pipeline_only,extension,pipeline_extracted,
AZ,02/09/2024,The First Liberty Insurance Corporation,04.0 Homeowners,04.0003 Owner Occupied Homeowners,51.100%,20.300%,515127,937,2575635,20.000%,20.000%,rate_change,LBPM-133917374,Acknowledged,2023-12-11,output/pdfs/AZ/133917374/filing_summary.pdf,pipeline_only,extension,pipeline_extracted,
AZ,02/09/2024,Liberty Mutual Personal Insurance Company,04.0 Homeowners,04.0003 Owner Occupied Homeowners,51.100%,20.000%,25943946,55437,129641308,21.000%,8.500%,rate_change,LBPM-133917374,Acknowledged,2023-12-11,output/pdfs/AZ/133917374/filing_summary.pdf,pipeline_only,extension,pipeline_extracted,
AZ,02/09/2024,Liberty Insurance Corporation,04.0 Homeowners,04.0004 Tenant Homeowners,20.000%,19.100%,71957,1396,376777,19.600%,6.800%,rate_change,LBPM-133918708,Acknowledged,2023-12-12,output/pdfs/AZ/133918708/filing_summary.pdf,pipeline_only,extension,pipeline_extracted,
AZ,02/09/2024,Liberty Mutual Fire Insurance Company,04.0 Homeowners,04.0004 Tenant Homeowners,20.000%,19.000%,5944,65,31262,19.600%,10.800%,rate_change,LBPM-133918708,Acknowledged,2023-12-12,output/pdfs/AZ/133918708/filing_summary.pdf,pipeline_only,extension,pipeline_extracted,
AZ,02/09/2024,Liberty Mutual Insurance Company,04.0 Homeowners,04.0004 Tenant Homeowners,20.000%,19.200%,2689,20,14033,20.000%,15.800%,rate_change,LBPM-133918708,Acknowledged,2023-12-12,output/pdfs/AZ/133918708/filing_summary.pdf,pipeline_only,extension,pipeline_extracted,
AZ,02/09/2024,Liberty Mutual Personal Insurance Company,04.0 Homeowners,04.0004 Tenant Homeowners,20.000%,19.000%,1089616,36504,5729156,21.300%,0.000%,rate_change,LBPM-133918708,Acknowledged,2023-12-12,output/pdfs/AZ/133918708/filing_summary.pdf,pipeline_only,extension,pipeline_extracted,
AZ,02/09/2024,Liberty Insurance Corporation,04.0 Homeowners,04.0001 Condominium Homeowners,17.500%,10.000%,258546,3742,2577700,10.100%,2.700%,rate_change,LBPM-133918842,Acknowledged,2023-12-12,output/pdfs/AZ/133918842/filing_summary.pdf,pipeline_only,extension,pipeline_extracted,
AZ,02/09/2024,Liberty Mutual Fire Insurance Company,04.0 Homeowners,04.0001 Condominium Homeowners,17.500%,10.000%,18158,236,182010,10.100%,7.400%,rate_change,LBPM-133918842,Acknowledged,2023-12-12,output/pdfs/AZ/133918842/filing_summary.pdf,pipeline_only,extension,pipeline_extracted,
AZ,04/22/2024,Liberty Mutual Insurance Company,19.0 Personal Auto,19.0001 Private Passenger Auto (PPA),0.000%,1.330%,9991,267,761052,19.400%,-11.600%,rate_change,LBPM-134033458,Acknowledged,2024-03-19,output/pdfs/AZ/134033458/filing_summary.pdf,pipeline_only,extension,pipeline_extracted,
AZ,04/22/2024,Liberty Mutual Personal Insurance Company,19.0 Personal Auto,19.0001 Private Passenger Auto (PPA),0.000%,0.070%,159389,70176,222434856,23.300%,-22.000%,rate_change,LBPM-134033458,Acknowledged,2024-03-19,output/pdfs/AZ/134033458/filing_summary.pdf,pipeline_only,extension,pipeline_extracted,
AZ,06/18/2024,Liberty Insurance Corporation,19.0 Personal Auto,19.0001 Private Passenger Auto (PPA),4.000%,-13.200%,-1001,1,7596,-13.200%,-13.200%,rate_change,LBPM-134160175,Acknowledged,2024-06-28,output/pdfs/AZ/134160175/filing_summary.pdf,pipeline_only,extension,pipeline_extracted,
AZ,06/18/2024,Liberty Mutual Fire Insurance Company,19.0 Personal Auto,19.0001 Private Passenger Auto (PPA),4.000%,-11.600%,-352400,634,2978853,0.000%,-25.500%,rate_change,LBPM-134160175,Acknowledged,2024-06-28,output/pdfs/AZ/134160175/filing_summary.pdf,pipeline_only,extension,pipeline_extracted,
AZ,06/18/2024,Liberty Mutual Insurance Company,19.0 Personal Auto,19.0001 Private Passenger Auto (PPA),4.000%,-8.400%,-64620,267,767855,-3.500%,-15.600%,rate_change,LBPM-134160175,Acknowledged,2024-06-28,output/pdfs/AZ/134160175/filing_summary.pdf,pipeline_only,extension,pipeline_extracted,
AZ,06/18/2024,The First Liberty Insurance Corporation,19.0 Personal Auto,19.0001 Private Passenger Auto (PPA),4.000%,-10.800%,-4702,15,43678,0.000%,-17.400%,rate_change,LBPM-134160175,Acknowledged,2024-06-28,output/pdfs/AZ/134160175/filing_summary.pdf,pipeline_only,extension,pipeline_extracted,
AZ,06/18/2024,Liberty Mutual Personal Insurance Company,19.0 Personal Auto,19.0001 Private Passenger Auto (PPA),4.000%,-10.000%,-22139564,70190,222236539,-1.600%,-20.700%,rate_change,LBPM-134160175,Acknowledged,2024-06-28,output/pdfs/AZ/134160175/filing_summary.pdf,pipeline_only,extension,pipeline_extracted,
AZ,08/17/2024,Liberty Mutual Fire Insurance Company,04.0 Homeowners,04.0003 Owner Occupied Homeowners,0.700%,-10.000%,-408874,786,4069018,-8.340%,-13.170%,rate_change,LBPM-134192040,Acknowledged,2024-07-26,output/pdfs/AZ/134192040/filing_summary.pdf,pipeline_only,extension,pipeline_extracted,
AZ,08/17/2024,Liberty Mutual Insurance Company,04.0 Homeowners,04.0003 Owner Occupied Homeowners,0.700%,-9.800%,-1957694,10795,19902883,-4.900%,-11.200%,rate_change,LBPM-134192040,Acknowledged,2024-07-26,output/pdfs/AZ/134192040/filing_summary.pdf,pipeline_only,extension,pipeline_extracted,
AZ,08/17/2024,The First Liberty Insurance Corporation,04.0 Homeowners,04.0003 Owner Occupied Homeowners,0.700%,-10.000%,-257341,821,2567483,-10.000%,-10.000%,rate_change,LBPM-134192040,Acknowledged,2024-07-26,output/pdfs/AZ/134192040/filing_summary.pdf,pipeline_only,extension,pipeline_extracted,
AZ,08/17/2024,Liberty Mutual Personal Insurance Company,04.0 Homeowners,04.0003 Owner Occupied Homeowners,0.700%,-9.900%,-12928828,45179,130056534,-4.600%,-10.800%,rate_change,LBPM-134192040,Acknowledged,2024-07-26,output/pdfs/AZ/134192040/filing_summary.pdf,pipeline_only,extension,pipeline_extracted,
AZ,06/21/2025,Liberty Mutual Insurance Company,04.0 Homeowners,04.0003 Owner Occupied Homeowners,0.000%,0.000%,0,14177,8185414,0.000%,0.000%,rate_change,LBPM-134518872,Acknowledged,2025-05-06,output/pdfs/AZ/134518872/filing_summary.pdf,pipeline_only,original,pipeline_extracted_in_validated_window,
AZ,08/14/2025,Liberty Insurance Corporation,19.0 Personal Auto,19.0001 Private Passenger Auto (PPA),5.700%,0.100%,10,1,8327,0.100%,0.100%,rate_change,LBPM-134617710,Acknowledged,2025-07-30,output/pdfs/AZ/134617710/filing_summary.pdf,pipeline_only,original,pipeline_extracted_in_validated_window,
AZ,08/14/2025,Liberty Mutual Fire Insurance Company,19.0 Personal Auto,19.0001 Private Passenger Auto (PPA),5.700%,3.000%,63167,452,2124620,20.100%,-10.000%,rate_change,LBPM-134617710,Acknowledged,2025-07-30,output/pdfs/AZ/134617710/filing_summary.pdf,pipeline_only,original,pipeline_extracted_in_validated_window,
AZ,08/14/2025,Liberty Mutual Insurance Company,19.0 Personal Auto,19.0001 Private Passenger Auto (PPA),5.700%,1.300%,1242,37,95745,23.600%,-24.500%,rate_change,LBPM-134617710,Acknowledged,2025-07-30,output/pdfs/AZ/134617710/filing_summary.pdf,pipeline_only,original,pipeline_extracted_in_validated_window,
AZ,08/14/2025,The First Liberty Insurance Corporation,19.0 Personal Auto,19.0001 Private Passenger Auto (PPA),5.700%,3.800%,1697,13,44358,20.100%,-5.700%,rate_change,LBPM-134617710,Acknowledged,2025-07-30,output/pdfs/AZ/134617710/filing_summary.pdf,pipeline_only,original,pipeline_extracted_in_validated_window,
AZ,08/14/2025,Liberty Mutual Personal Insurance Company,19.0 Personal Auto,19.0001 Private Passenger Auto (PPA),5.700%,3.000%,2978597,36064,99836453,51.700%,-83.900%,rate_change,LBPM-134617710,Acknowledged,2025-07-30,output/pdfs/AZ/134617710/filing_summary.pdf,pipeline_only,original,pipeline_extracted_in_validated_window,
AZ,11/17/2025,Liberty Mutual Insurance Company,04.0 Homeowners,04.0003 Owner Occupied Homeowners,0.000%,0.000%,0,17743,2797560,0.000%,0.000%,rate_change,LBPM-134660836,Acknowledged,2025-09-10,output/pdfs/AZ/134660836/filing_summary.pdf,pipeline_only,original,pipeline_extracted_in_validated_window,
AZ,02/08/2026,Liberty Mutual Insurance Company,04.0 Homeowners,04.0003 Owner Occupied Homeowners,5.500%,3.040%,1052785,21073,34627510,4.100%,1.500%,rate_change,LBPM-134786890,Acknowledged,2026-01-02,output/pdfs/AZ/134786890/filing_summary.pdf,pipeline_only,original,pipeline_extracted_in_validated_window,
AZ,02/08/2026,The First Liberty Insurance Corporation,04.0 Homeowners,04.0003 Owner Occupied Homeowners,5.500%,3.000%,41851,520,1397486,3.000%,3.000%,rate_change,LBPM-134786890,Acknowledged,2026-01-02,output/pdfs/AZ/134786890/filing_summary.pdf,pipeline_only,original,pipeline_extracted_in_validated_window,
AZ,02/08/2026,Liberty Mutual Personal Insurance Company,04.0 Homeowners,04.0003 Owner Occupied Homeowners,5.500%,2.990%,2391383,26897,79942965,3.600%,1.300%,rate_change,LBPM-134786890,Acknowledged,2026-01-02,output/pdfs/AZ/134786890/filing_summary.pdf,pipeline_only,original,pipeline_extracted_in_validated_window,
AZ,02/08/2026,Liberty Mutual Fire Insurance Company,04.0 Homeowners,04.0003 Owner Occupied Homeowners,5.500%,3.000%,83061,494,2768615,4.040%,2.630%,rate_change,LBPM-134786890,Acknowledged,2026-01-02,output/pdfs/AZ/134786890/filing_summary.pdf,pipeline_only,original,pipeline_extracted_in_validated_window,
AZ,06/22/2024,"MGA Insurance Company, Inc.",19.0 Personal Auto,19.0001 Private Passenger Auto (PPA),0.500%,0.000%,-4174,6415,17341357,10.000%,-5.000%,rate_change,GNSC-134158469,Acknowledged,2024-06-26,output/pdfs/AZ/134158469/filing_summary.pdf,pipeline_only,extension,pipeline_extracted,
AZ,10/17/2024,"MGA Insurance Company, Inc.",19.0 Personal Auto,19.0001 Private Passenger Auto (PPA),-5.800%,-4.500%,-750822,5426,16649674,10.000%,-5.000%,rate_change,GNSC-134301599,Acknowledged,2024-10-29,output/pdfs/AZ/134301599/filing_summary.pdf,pipeline_only,extension,pipeline_extracted,
AZ,05/09/2025,"MGA Insurance Company, Inc.",19.0 Personal Auto,19.0001 Private Passenger Auto (PPA),1.500%,-7.800%,-1062138,4771,13537266,10.000%,-5.000%,rate_change,GNSC-134540028,Acknowledged,2025-05-22,output/pdfs/AZ/134540028/filing_summary.pdf,ambest_validated,original,ambest_cross_checked,direct
AZ,11/14/2025,"MGA Insurance Company, Inc.",19.0 Personal Auto,19.0001 Private Passenger Auto (PPA),-3.400%,-2.000%,-321785,14855,16147413,10.000%,-5.000%,rate_change,GNSC-134757908,Acknowledged,2025-12-05,output/pdfs/AZ/134757908/filing_summary.pdf,pipeline_only,original,pipeline_extracted_in_validated_window,
AZ,04/05/2024,Progressive Advanced Insurance Company,19.0 Personal Auto,19.0002 Motorcycle,4.800%,3.800%,918379,58744,24167876,265.500%,-44.200%,rate_change,PRGS-133788171,Acknowledged,2024-02-16,output/pdfs/AZ/133788171/filing_summary.pdf,pipeline_only,extension,pipeline_extracted,
AZ,04/05/2024,Progressive Preferred Insurance Company,19.0 Personal Auto,19.0002 Motorcycle,4.800%,3.200%,638836,47576,19963627,263.200%,-46.700%,rate_change,PRGS-133788171,Acknowledged,2024-02-16,output/pdfs/AZ/133788171/filing_summary.pdf,pipeline_only,extension,pipeline_extracted,
AZ,03/01/2024,Progressive Advanced Insurance Company,19.0 Personal Auto,19.0001 Private Passenger Auto (PPA),1.100%,1.100%,4487069,362287,407915328,5.600%,-2.200%,rate_change,PRGS-134007460,Acknowledged,2024-03-01,output/pdfs/AZ/134007460/filing_summary.pdf,pipeline_only,extension,pipeline_extracted,
AZ,03/01/2024,Progressive Preferred Insurance Company,19.0 Personal Auto,19.0001 Private Passenger Auto (PPA),0.600%,0.600%,1853988,208615,308997953,11.000%,-5.000%,rate_change,PRGS-134007460,Acknowledged,2024-03-01,output/pdfs/AZ/134007460/filing_summary.pdf,pipeline_only,extension,pipeline_extracted,
AZ,11/01/2024,Progressive Advanced Insurance Company,19.0 Personal Auto,19.0001 Private Passenger Auto (PPA),-0.400%,-0.100%,-4815416,414519,481541604,104.400%,-55.300%,rate_change,PRGS-134267496,Acknowledged,2024-11-08,output/pdfs/AZ/134267496/filing_summary.pdf,pipeline_only,extension,pipeline_extracted,
AZ,11/01/2024,Progressive Preferred Insurance Company,19.0 Personal Auto,19.0001 Private Passenger Auto (PPA),0.600%,0.100%,3615287,235674,361528788,97.600%,-44.700%,rate_change,PRGS-134267496,Acknowledged,2024-11-08,output/pdfs/AZ/134267496/filing_summary.pdf,pipeline_only,extension,pipeline_extracted,
AZ,04/11/2025,Progressive Advanced Insurance Company,19.0 Personal Auto,19.0001 Private Passenger Auto (PPA),1.300%,0.000%,0,448271,518152355,11.000%,-11.900%,rate_change,PRGS-134465892,Acknowledged,2025-04-11,output/pdfs/AZ/134465892/filing_summary.pdf,ambest_validated,original,ambest_cross_checked,direct
AZ,04/11/2025,Progressive Preferred Insurance Company,19.0 Personal Auto,19.0001 Private Passenger Auto (PPA),-3.800%,-2.500%,-9781562,261867,397854628,16.900%,-16.400%,rate_change,PRGS-134465892,Acknowledged,2025-04-11,output/pdfs/AZ/134465892/filing_summary.pdf,ambest_validated,original,ambest_cross_checked,direct
AZ,01/09/2026,Progressive Advanced Insurance Company,19.0 Personal Auto,19.0002 Motorcycle,1.300%,1.300%,384073,69620,29544105,257.100%,-71.200%,rate_change,PRGS-134541278,Acknowledged,2025-10-24,output/pdfs/AZ/134541278/filing_summary.pdf,pipeline_only,original,pipeline_extracted_in_validated_window,
AZ,01/09/2026,Progressive Preferred Insurance Company,19.0 Personal Auto,19.0002 Motorcycle,1.300%,1.300%,309531,53447,23810114,255.300%,-71.200%,rate_change,PRGS-134541278,Acknowledged,2025-10-24,output/pdfs/AZ/134541278/filing_summary.pdf,pipeline_only,original,pipeline_extracted_in_validated_window,
AZ,07/18/2025,Progressive Advanced Insurance Company,19.0 Personal Auto,19.0001 Private Passenger Auto (PPA),2.900%,1.400%,7892933,474467,555736457,10.600%,-7.700%,rate_change,PRGS-134609556,Acknowledged,2025-07-18,output/pdfs/AZ/134609556/filing_summary.pdf,pipeline_only,original,pipeline_extracted_in_validated_window,
AZ,07/18/2025,Progressive Preferred Insurance Company,19.0 Personal Auto,19.0001 Private Passenger Auto (PPA),-2.300%,-1.500%,-6381363,274488,416322180,2.200%,-12.600%,rate_change,PRGS-134609556,Acknowledged,2025-07-18,output/pdfs/AZ/134609556/filing_summary.pdf,pipeline_only,original,pipeline_extracted_in_validated_window,
AZ,12/19/2025,Progressive Advanced Insurance Company,19.0 Personal Auto,19.0001 Private Passenger Auto (PPA),-5.300%,-5.100%,-28467462,475831,558583499,9.800%,-10.500%,rate_change,PRGS-134736377,Acknowledged,2026-01-13,output/pdfs/AZ/134736377/filing_summary.pdf,pipeline_only,original,pipeline_extracted_in_validated_window,
AZ,12/19/2025,Progressive Preferred Insurance Company,19.0 Personal Auto,19.0001 Private Passenger Auto (PPA),-4.900%,-4.600%,-19011752,274897,416647483,11.500%,-11.600%,rate_change,PRGS-134736377,Acknowledged,2026-01-13,output/pdfs/AZ/134736377/filing_summary.pdf,pipeline_only,original,pipeline_extracted_in_validated_window,
AZ,05/27/2024,Safeco Insurance Company of America,04.0 Homeowners,04.0003 Owner Occupied Homeowners,41.000%,17.400%,7337578,17676,42066535,40.000%,3.600%,rate_change,LBPM-133993548,Acknowledged,2024-02-20,output/pdfs/AZ/133993548/filing_summary.pdf,pipeline_only,extension,pipeline_extracted,
AZ,04/15/2024,Safeco Insurance Company of America,04.0 Homeowners,04.0004 Tenant Homeowners,7.200%,5.100%,85937,6427,1700306,10.300%,-10.200%,rate_change,LBPM-133993607,Acknowledged,2024-02-15,output/pdfs/AZ/133993607/filing_summary.pdf,pipeline_only,extension,pipeline_extracted,
AZ,05/27/2024,Safeco Insurance Company of America,04.0 Homeowners,04.0001 Condominium Homeowners,21.900%,11.000%,86804,906,792120,25.000%,-0.400%,rate_change,LBPM-133993644,Acknowledged,2024-02-15,output/pdfs/AZ/133993644/filing_summary.pdf,pipeline_only,extension,pipeline_extracted,
AZ,12/02/2024,Safeco Insurance Company of America,19.0 Personal Auto,19.0001 Private Passenger Auto (PPA),23.500%,7.000%,15567417,60264,222083234,31.100%,-15.700%,rate_change,LBPM-134054846,Acknowledged,2024-04-03,output/pdfs/AZ/134054846/filing_summary.pdf,pipeline_only,extension,pipeline_extracted,
AZ,09/28/2024,Safeco Insurance Company of America,04.0 Homeowners,04.0003 Owner Occupied Homeowners,7.700%,-10.000%,-4396331,15686,43754524,40.000%,-18.800%,rate_change,LBPM-134183626,Acknowledged,2024-07-19,output/pdfs/AZ/134183626/filing_summary.pdf,pipeline_only,extension,pipeline_extracted,
AZ,11/08/2024,Safeco Insurance Company of Illinois,19.0 Personal Auto,19.0002 Motorcycle,13.800%,12.500%,739783,11381,5897466,351.000%,-92.000%,rate_change,LBPM-134184840,Acknowledged,2024-07-22,output/pdfs/AZ/134184840/filing_summary.pdf,pipeline_only,extension,pipeline_extracted,
AZ,05/27/2025,Safeco Insurance Company of America,04.0 Homeowners,04.0001 Condominium Homeowners,24.200%,17.100%,124152,747,726346,25.100%,1.800%,rate_change,LBPM-134445585,Acknowledged,2025-03-06,output/pdfs/AZ/134445585/filing_summary.pdf,pipeline_only,original,pipeline_extracted_in_validated_window,
AZ,04/19/2025,Safeco Insurance Company of America,19.0 Personal Auto,19.0001 Private Passenger Auto (PPA),0.000%,-0.005%,-7549,40405,156894658,9.000%,-11.000%,rate_change,LBPM-134450381,Acknowledged,2025-03-13,output/pdfs/AZ/134450381/filing_summary.pdf,ambest_validated,original,ambest_cross_checked,direct
AZ,04/19/2025,Safeco Insurance Company of America,19.0 Personal Auto,19.0004 Other,10.600%,9.600%,139508,3813,1446679,27.900%,0.000%,rate_change,LBPM-134475059,Acknowledged,2025-04-02,output/pdfs/AZ/134475059/filing_summary.pdf,ambest_validated,original,ambest_cross_checked,direct
AZ,05/29/2025,Safeco Insurance Company of America,19.0 Personal Auto,19.0001 Private Passenger Auto (PPA),-2.200%,-5.000%,-7876881,40405,156887109,-1.000%,-10.500%,rate_change,LBPM-134520103,Acknowledged,2025-05-07,output/pdfs/AZ/134520103/filing_summary.pdf,pipeline_only,original,pipeline_extracted_in_validated_window,
AZ,11/08/2025,Safeco Insurance Company of Illinois,19.0 Personal Auto,19.0002 Motorcycle,10.000%,10.000%,576271,10716,5767538,22.000%,0.000%,rate_change,LBPM-134666117,Acknowledged,2025-09-12,output/pdfs/AZ/134666117/filing_summary.pdf,pipeline_only,original,pipeline_extracted_in_validated_window,
AZ,02/28/2026,Safeco Insurance Company of America,04.0 Homeowners,04.0003 Owner Occupied Homeowners,8.500%,2.000%,601879,11002,29980868,40.000%,-7.000%,rate_change,LBPM-134771930,Acknowledged,2025-12-16,output/pdfs/AZ/134771930/filing_summary.pdf,pipeline_only,original,pipeline_extracted_in_validated_window,
AZ,01/01/2024,State Farm Fire and Casualty Company,19.0 Personal Auto,19.0001 Private Passenger Auto (PPA),0.000%,0.000%,0,39521,58994405,23.500%,-24.000%,rate_change,SFMA-133807333,Acknowledged,2023-10-20,output/pdfs/AZ/133807333/filing_summary.pdf,pipeline_only,extension,pipeline_extracted,
AZ,01/01/2024,State Farm Mutual Automobile Insurance Company,19.0 Personal Auto,19.0001 Private Passenger Auto (PPA),0.000%,0.000%,0,974877,893788575,20.800%,-20.600%,rate_change,SFMA-133807333,Acknowledged,2023-10-20,output/pdfs/AZ/133807333/filing_summary.pdf,pipeline_only,extension,pipeline_extracted,
AZ,02/01/2024,State Farm Fire and Casualty Company,04.0 Homeowners,04.0003 Owner Occupied Homeowners,20.200%,16.500%,56116255,350815,339684908,57.400%,-22.000%,rate_change,SFMA-133904878,Acknowledged,2023-12-07,output/pdfs/AZ/133904878/filing_summary.pdf,pipeline_only,extension,pipeline_extracted,
AZ,02/01/2024,State Farm Fire and Casualty Company,04.0 Homeowners,04.0004 Tenant Homeowners,2.800%,0.000%,-2579,112766,14084980,3.800%,-10.300%,rate_change,SFMA-133904912,Acknowledged,2023-12-07,output/pdfs/AZ/133904912/filing_summary.pdf,pipeline_only,extension,pipeline_extracted,
AZ,02/01/2024,State Farm Fire and Casualty Company,04.0 Homeowners,04.0001 Condominium Homeowners,27.000%,18.900%,2887530,28323,15277536,34.800%,0.000%,rate_change,SFMA-133904914,Acknowledged,2023-12-07,output/pdfs/AZ/133904914/filing_summary.pdf,pipeline_only,extension,pipeline_extracted,
AZ,04/01/2024,State Farm Fire and Casualty Company,04.0 Homeowners,04.0003 Owner Occupied Homeowners,,0.000%,0,350815,395801163,0.000%,0.000%,rate_change,SFMA-133930050,Acknowledged,2023-12-21,output/pdfs/AZ/133930050/filing_summary.pdf,pipeline_only,extension,pipeline_extracted,
AZ,04/01/2024,State Farm Fire and Casualty Company,04.0 Homeowners,04.0004 Tenant Homeowners,,0.000%,0,112766,14082401,0.000%,0.000%,rate_change,SFMA-133930052,Acknowledged,2023-12-21,output/pdfs/AZ/133930052/filing_summary.pdf,pipeline_only,extension,pipeline_extracted,
AZ,04/01/2024,State Farm Fire and Casualty Company,04.0 Homeowners,04.0001 Condominium Homeowners,,0.000%,0,28323,18165066,0.000%,0.000%,rate_change,SFMA-133930075,Acknowledged,2023-12-21,output/pdfs/AZ/133930075/filing_summary.pdf,pipeline_only,extension,pipeline_extracted,
AZ,06/17/2024,State Farm Fire and Casualty Company,19.0 Personal Auto,19.0002 Motorcycle,,0.000%,778,2342,1611569,,,rate_change,SFMA-134066869,Acknowledged,2024-04-17,output/pdfs/AZ/134066869/filing_summary.pdf,pipeline_only,extension,pipeline_extracted,
AZ,06/17/2024,State Farm Mutual Automobile Insurance Company,19.0 Personal Auto,19.0002 Motorcycle,,0.100%,7084,26565,11326340,,,rate_change,SFMA-134066869,Acknowledged,2024-04-17,output/pdfs/AZ/134066869/filing_summary.pdf,pipeline_only,extension,pipeline_extracted,
AZ,06/17/2024,State Farm Fire and Casualty Company,19.0 Personal Auto,19.0001 Private Passenger Auto (PPA),7.400%,3.400%,4243506,65235,123092190,,,rate_change,SFMA-134066907,Acknowledged,2024-04-17,output/pdfs/AZ/134066907/filing_summary.pdf,pipeline_only,extension,pipeline_extracted,
AZ,06/17/2024,State Farm Mutual Automobile Insurance Company,19.0 Personal Auto,19.0001 Private Passenger Auto (PPA),12.400%,4.700%,63940127,1179891,1349339157,,,rate_change,SFMA-134066907,Acknowledged,2024-04-17,output/pdfs/AZ/134066907/filing_summary.pdf,pipeline_only,extension,pipeline_extracted,
AZ,08/01/2024,State Farm Mutual Automobile Insurance Company,19.0 Personal Auto,19.0002 Motorcycle,0.000%,0.000%,0,26581,11093878,9.500%,-9.000%,rate_change,SFMA-134083631,Acknowledged,2024-05-31,output/pdfs/AZ/134083631/filing_summary.pdf,pipeline_only,extension,pipeline_extracted,
AZ,08/01/2024,State Farm Fire and Casualty Company,19.0 Personal Auto,19.0002 Motorcycle,0.000%,0.000%,0,2346,1459879,10.000%,-9.500%,rate_change,SFMA-134083631,Acknowledged,2024-05-31,output/pdfs/AZ/134083631/filing_summary.pdf,pipeline_only,extension,pipeline_extracted,
AZ,04/21/2025,State Farm Fire and Casualty Company,19.0 Personal Auto,19.0002 Motorcycle,,7.100%,134214,2629,1879296,41.900%,-15.900%,rate_change,SFMA-134114374,Acknowledged,2025-01-18,output/pdfs/AZ/134114374/filing_summary.pdf,ambest_validated,original,ambest_cross_checked,direct
AZ,04/21/2025,State Farm Mutual Automobile Insurance Company,19.0 Personal Auto,19.0002 Motorcycle,,8.700%,1011654,27078,11622808,43.100%,-18.000%,rate_change,SFMA-134114374,Acknowledged,2025-01-18,output/pdfs/AZ/134114374/filing_summary.pdf,ambest_validated,original,ambest_cross_checked,direct
AZ,04/21/2025,State Farm Fire and Casualty Company,19.0 Personal Auto,19.0001 Private Passenger Auto (PPA),17.300%,1.300%,1847698,71949,142619663,,,rate_change,SFMA-134114404,Acknowledged,2025-01-18,output/pdfs/AZ/134114404/filing_summary.pdf,ambest_validated,original,ambest_cross_checked,direct
AZ,04/21/2025,State Farm Mutual Automobile Insurance Company,19.0 Personal Auto,19.0001 Private Passenger Auto (PPA),1.200%,-2.600%,-38532316,1218335,1481618390,,,rate_change,SFMA-134114404,Acknowledged,2025-01-18,output/pdfs/AZ/134114404/filing_summary.pdf,ambest_validated,original,ambest_cross_checked,direct
AZ,01/01/2025,State Farm Fire and Casualty Company,04.0 Homeowners,04.0002 Mobile Homeowners,17.900%,17.800%,1502824,11394,8443381,21.100%,0.400%,rate_change,SFMA-134204434,Acknowledged,2024-08-16,output/pdfs/AZ/134204434/filing_summary.pdf,ambest_validated,original,ambest_cross_checked,direct
AZ,04/15/2025,State Farm Fire and Casualty Company,19.0 Personal Auto,19.0001 Private Passenger Auto (PPA),0.000%,0.000%,0,64696,98394646,34.400%,-20.300%,rate_change,SFMA-134294865,Acknowledged,2025-01-30,output/pdfs/AZ/134294865/filing_summary.pdf,ambest_validated,original,ambest_cross_checked,direct
AZ,04/15/2025,State Farm Mutual Automobile Insurance Company,19.0 Personal Auto,19.0001 Private Passenger Auto (PPA),0.000%,0.000%,0,1112619,1165229820,32.500%,-21.700%,rate_change,SFMA-134294865,Acknowledged,2025-01-30,output/pdfs/AZ/134294865/filing_summary.pdf,ambest_validated,original,ambest_cross_checked,direct
AZ,03/15/2025,State Farm Fire and Casualty Company,04.0 Homeowners,04.0003 Owner Occupied Homeowners,5.000%,1.100%,5039072,393200,453871676,37.800%,-24.600%,rate_change,SFMA-134391751,Acknowledged,2025-01-28,output/pdfs/AZ/134391751/filing_summary.pdf,ambest_validated,original,ambest_cross_checked,direct
AZ,11/01/2025,State Farm Fire and Casualty Company,19.0 Personal Auto,19.0001 Private Passenger Auto (PPA),15.300%,-5.000%,-6826274,67377,136960564,11.900%,-20.500%,rate_change,SFMA-134688027,Acknowledged,2025-10-09,output/pdfs/AZ/134688027/filing_summary.pdf,pipeline_only,original,pipeline_extracted_in_validated_window,
AZ,11/01/2025,State Farm Mutual Automobile Insurance Company,19.0 Personal Auto,19.0001 Private Passenger Auto (PPA),-1.200%,-9.400%,-138040435,1298752,1467216109,5.500%,-25.700%,rate_change,SFMA-134688027,Acknowledged,2025-10-09,output/pdfs/AZ/134688027/filing_summary.pdf,pipeline_only,original,pipeline_extracted_in_validated_window,
AZ,02/18/2024,Travelers Property Casualty Insurance Company,19.0 Personal Auto,19.0001 Private Passenger Auto (PPA),,0.000%,0,46621,128160468,62.000%,-25.500%,rate_change,TRVD-133942585,Acknowledged,2024-01-19,output/pdfs/AZ/133942585/filing_summary.pdf,pipeline_only,extension,pipeline_extracted,
AZ,02/18/2024,Travelers Property Casualty Insurance Company,19.0 Personal Auto,19.0001 Private Passenger Auto (PPA),8.400%,8.000%,10252837,46621,128160468,15.500%,-1.200%,rate_change,TRVD-133957101,Acknowledged,2024-01-19,output/pdfs/AZ/133957101/filing_summary.pdf,pipeline_only,extension,pipeline_extracted,
AZ,04/27/2024,The Travelers Home and Marine Insurance Company,04.0 Homeowners,04.0003 Owner Occupied Homeowners,26.100%,11.000%,4571875,27067,41562499,17.700%,2.000%,rate_change,TRVD-133977191,Acknowledged,2024-02-06,output/pdfs/AZ/133977191/filing_summary.pdf,pipeline_only,extension,pipeline_extracted,
AZ,04/27/2024,Travelers Commercial Insurance Company,04.0 Homeowners,04.0003 Owner Occupied Homeowners,26.100%,11.800%,213334,1142,1807919,17.900%,4.900%,rate_change,TRVD-133977191,Acknowledged,2024-02-06,output/pdfs/AZ/133977191/filing_summary.pdf,pipeline_only,extension,pipeline_extracted,
AZ,04/27/2024,The Travelers Home and Marine Insurance Company,04.0 Homeowners,04.0001 Condominium Homeowners,21.900%,11.000%,137948,1906,1254077,11.900%,6.400%,rate_change,TRVD-133977209,Acknowledged,2024-02-06,output/pdfs/AZ/133977209/filing_summary.pdf,pipeline_only,extension,pipeline_extracted,
AZ,04/27/2024,Travelers Commercial Insurance Company,04.0 Homeowners,04.0001 Condominium Homeowners,21.900%,11.100%,6480,76,58375,11.900%,8.600%,rate_change,TRVD-133977209,Acknowledged,2024-02-06,output/pdfs/AZ/133977209/filing_summary.pdf,pipeline_only,extension,pipeline_extracted,
AZ,04/27/2024,The Travelers Home and Marine Insurance Company,04.0 Homeowners,04.0004 Tenant Homeowners,5.600%,5.000%,29526,2946,590519,7.200%,0.000%,rate_change,TRVD-133977223,Acknowledged,2024-02-06,output/pdfs/AZ/133977223/filing_summary.pdf,pipeline_only,extension,pipeline_extracted,
AZ,04/27/2024,Travelers Commercial Insurance Company,04.0 Homeowners,04.0004 Tenant Homeowners,5.600%,5.200%,1607,129,30909,7.300%,0.000%,rate_change,TRVD-133977223,Acknowledged,2024-02-06,output/pdfs/AZ/133977223/filing_summary.pdf,pipeline_only,extension,pipeline_extracted,
AZ,03/22/2024,Travelers Personal Insurance Company,04.0 Homeowners,04.0003 Owner Occupied Homeowners,22.300%,10.000%,13233690,82646,132336903,33.200%,2.800%,rate_change,TRVD-133992350,Acknowledged,2024-02-20,output/pdfs/AZ/133992350/filing_summary.pdf,pipeline_only,extension,pipeline_extracted,
AZ,03/22/2024,Travelers Personal Insurance Company,04.0 Homeowners,04.0004 Tenant Homeowners,2.700%,2.000%,52418,11968,2620885,3.600%,0.000%,rate_change,TRVD-133998463,Acknowledged,2024-02-20,output/pdfs/AZ/133998463/filing_summary.pdf,pipeline_only,extension,pipeline_extracted,
AZ,03/22/2024,Travelers Personal Insurance Company,04.0 Homeowners,04.0001 Condominium Homeowners,23.900%,15.000%,1070849,9081,7138995,20.200%,5.900%,rate_change,TRVD-133998484,Acknowledged,2024-02-20,output/pdfs/AZ/133998484/filing_summary.pdf,pipeline_only,extension,pipeline_extracted,
AZ,03/22/2024,Travelers Personal Insurance Company,04.0 Homeowners,04.0005 Other Homeowners,7.100%,6.000%,1038264,16940,17304396,14.300%,1.500%,rate_change,TRVD-133998496,Acknowledged,2024-02-20,output/pdfs/AZ/133998496/filing_summary.pdf,pipeline_only,extension,pipeline_extracted,
AZ,03/22/2024,Travelers Personal Insurance Company,04.0 Homeowners,04.0005 Other Homeowners,23.900%,14.500%,372310,4034,2567656,19.000%,2.500%,rate_change,TRVD-133998499,Acknowledged,2024-02-20,output/pdfs/AZ/133998499/filing_summary.pdf,pipeline_only,extension,pipeline_extracted,
AZ,03/07/2025,Travelers Property Casualty Insurance Company,19.0 Personal Auto,19.0001 Private Passenger Auto (PPA),3.800%,0.700%,1045702,51326,149386046,35.800%,-4.600%,rate_change,TRVD-G134412795,Acknowledged,2025-02-14,output/pdfs/AZ/134419188/filing_summary.pdf,ambest_validated,original,ambest_cross_checked,direct
AZ,04/27/2025,The Travelers Home and Marine Insurance Company,04.0 Homeowners,04.0005 Other Homeowners,22.000%,7.900%,3245529,23512,41082645,47.800%,-2.200%,rate_change,TRVD-G134416866,Acknowledged,2025-02-13,output/pdfs/AZ/134418131/filing_summary.pdf,ambest_validated,original,ambest_cross_checked,date_relaxed
AZ,04/27/2025,Travelers Commercial Insurance Company,04.0 Homeowners,04.0005 Other Homeowners,22.000%,9.400%,168834,994,1796108,30.100%,-0.100%,rate_change,TRVD-G134416866,Acknowledged,2025-02-13,output/pdfs/AZ/134418131/filing_summary.pdf,ambest_validated,original,ambest_cross_checked,date_relaxed
AZ,04/27/2025,The Travelers Home and Marine Insurance Company,04.0 Homeowners,04.0001 Condominium Homeowners,11.700%,2.000%,25413,1677,1270639,2.100%,1.100%,rate_change,TRVD-G134417169,Acknowledged,2025-02-13,output/pdfs/AZ/134418133/filing_summary.pdf,ambest_validated,original,ambest_cross_checked,date_relaxed
AZ,04/27/2025,Travelers Commercial Insurance Company,04.0 Homeowners,04.0001 Condominium Homeowners,11.700%,2.000%,1015,61,50759,2.100%,1.600%,rate_change,TRVD-G134417169,Acknowledged,2025-02-13,output/pdfs/AZ/134418133/filing_summary.pdf,ambest_validated,original,ambest_cross_checked,date_relaxed
AZ,03/21/2025,Travelers Personal Insurance Company,04.0 Homeowners,04.0001 Condominium Homeowners,12.200%,7.900%,671527,9290,8500343,19.000%,3.000%,rate_change,TRVD-G134444892,Acknowledged,2025-03-11,output/pdfs/AZ/134453323/filing_summary.pdf,ambest_validated,original,ambest_cross_checked,direct
AZ,03/21/2025,Travelers Personal Insurance Company,04.0 Homeowners,04.0004 Tenant Homeowners,,0.000%,0,10203,2329234,0.000%,0.000%,rate_change,TRVD-G134445188,Acknowledged,2025-03-11,output/pdfs/AZ/134453324/filing_summary.pdf,ambest_validated,original,ambest_cross_checked,direct
AZ,03/21/2025,Travelers Personal Insurance Company,04.0 Homeowners,04.0005 Other Homeowners,18.100%,8.000%,1846462,21255,23080771,56.400%,-0.600%,rate_change,TRVD-G134445899,Acknowledged,2025-03-11,output/pdfs/AZ/134453325/filing_summary.pdf,ambest_validated,original,ambest_cross_checked,direct
AZ,03/21/2025,Travelers Personal Insurance Company,04.0 Homeowners,04.0005 Other Homeowners,12.200%,7.100%,229143,4339,3227364,10.500%,0.600%,rate_change,TRVD-G134445929,Acknowledged,2025-03-11,output/pdfs/AZ/134453326/filing_summary.pdf,ambest_validated,original,ambest_cross_checked,direct
AZ,03/21/2025,Travelers Personal Insurance Company,04.0 Homeowners,04.0003 Owner Occupied Homeowners,18.300%,8.100%,12993024,92006,160407698,61.500%,-3.800%,rate_change,TRVD-G134448854,Acknowledged,2025-03-11,output/pdfs/AZ/134453327/filing_summary.pdf,ambest_validated,original,ambest_cross_checked,direct
AZ,09/05/2025,Travelers Personal Insurance Company,04.0 Homeowners,04.0003 Owner Occupied Homeowners,-5.300%,-5.100%,-9195643,93932,180306719,4.000%,-10.800%,rate_change,TRVD-G134649827,Acknowledged,2025-08-29,output/pdfs/AZ/134655976/filing_summary.pdf,pipeline_only,original,pipeline_extracted_in_validated_window,
AZ,09/19/2025,Travelers Property Casualty Insurance Company,19.0 Personal Auto,19.0001 Private Passenger Auto (PPA),-0.900%,-3.000%,-4503783,52539,150126103,18.900%,-16.600%,rate_change,TRVD-G134669174,Acknowledged,2025-09-16,output/pdfs/AZ/134673846/filing_summary.pdf,pipeline_only,original,pipeline_extracted_in_validated_window,
AZ,04/17/2026,Travelers Personal Insurance Company,04.0 Homeowners,04.0003 Owner Occupied Homeowners,-1.000%,-5.000%,-4177198,44581,83543965,0.600%,-8.800%,rate_change,TRVD-G134897815,Acknowledged,2026-04-03,output/pdfs/AZ/134899496/filing_summary.pdf,pipeline_only,original,pipeline_extracted_in_validated_window,
MT,01/15/2024,Allstate Fire and Casualty Insurance Company,19.0 Personal Auto,19.0001 Private Passenger Auto (PPA),,0.000%,0,12585,33458134,17.100%,-15.500%,rate_change,ALSE-133861908,Rates Reviewed and Filed,2023-11-10,output/pdfs/MT/133861908/filing_summary.pdf,pipeline_only,extension,pipeline_extracted,
MT,07/29/2024,Allstate Indemnity Company,04.0 Homeowners,04.0002 Mobile Homeowners,22.400%,22.400%,146862,505,655639,24.500%,10.900%,rate_change,ALSE-134133869,Rates Reviewed and Filed,2024-06-25,output/pdfs/MT/134133869/filing_summary.pdf,pipeline_only,extension,pipeline_extracted,
MT,07/08/2024,Allstate Vehicle and Property Insurance Company,04.0 Homeowners,04.0003 Owner Occupied Homeowners,4.500%,4.500%,649737,5233,14438597,39.000%,-6.500%,rate_change,ALSE-134137141,Rates Reviewed and Filed,2024-06-06,output/pdfs/MT/134137141/filing_summary.pdf,pipeline_only,extension,pipeline_extracted,
MT,07/01/2024,Allstate Fire and Casualty Insurance Company,19.0 Personal Auto,19.0001 Private Passenger Auto (PPA),0.000%,0.000%,0,0,26706477,0.000%,0.000%,rate_change,ALSE-134145280,Received and Filed,2024-06-13,output/pdfs/MT/134145280/filing_summary.pdf,pipeline_only,extension,pipeline_extracted,
MT,05/13/2025,Allstate North American Insurance Company,19.0 Personal Auto,19.0001 Private Passenger Auto (PPA),3.300%,1.000%,31095,1368,3109458,31.000%,-24.600%,rate_change,ALSE-134457261,Rates Reviewed and Filed,2025-04-10,output/pdfs/MT/134457261/filing_summary.pdf,ambest_validated,original,ambest_cross_checked,direct
MT,06/02/2025,Allstate Fire and Casualty Insurance Company,19.0 Personal Auto,19.0001 Private Passenger Auto (PPA),0.000%,0.000%,0,0,25658903,0.000%,0.000%,rate_change,ALSE-134493932,Rates Reviewed and Filed,2025-05-14,output/pdfs/MT/134493932/filing_summary.pdf,ambest_validated,original,ambest_cross_checked,direct
MT,07/07/2025,Allstate Vehicle and Property Insurance Company,04.0 Homeowners,04.0003 Owner Occupied Homeowners,3.000%,3.000%,448433,5809,14947752,13.900%,0.400%,rate_change,ALSE-134556264,Rates Reviewed and Filed,2025-06-03,output/pdfs/MT/134556264/filing_summary.pdf,ambest_validated,original,ambest_cross_checked,direct
MT,10/06/2025,Allstate Vehicle and Property Insurance Company,04.0 Homeowners,04.0003 Owner Occupied Homeowners,0.000%,0.000%,0,6015,18181049,1.300%,-10.000%,rate_change,ALSE-134608548,Rates Reviewed and Filed,2025-09-24,output/pdfs/MT/134608548/filing_summary.pdf,pipeline_only,original,pipeline_extracted_in_validated_window,
MT,09/15/2025,Allstate Insurance Company,19.0 Personal Auto,19.0001 Private Passenger Auto (PPA),0.000%,0.000%,0,0,1146061,0.000%,0.000%,rate_change,ALSE-134649640,Rates Reviewed and Filed,2025-08-25,output/pdfs/MT/134649640/filing_summary.pdf,pipeline_only,original,pipeline_extracted_in_validated_window,
MT,09/15/2025,Allstate Property and Casualty Insurance Company,19.0 Personal Auto,19.0001 Private Passenger Auto (PPA),0.000%,0.000%,0,0,972673,0.000%,0.000%,rate_change,ALSE-134649640,Rates Reviewed and Filed,2025-08-25,output/pdfs/MT/134649640/filing_summary.pdf,pipeline_only,original,pipeline_extracted_in_validated_window,
MT,09/15/2025,Allstate Indemnity Company,19.0 Personal Auto,19.0001 Private Passenger Auto (PPA),0.000%,0.000%,0,0,2365931,0.000%,0.000%,rate_change,ALSE-134649640,Rates Reviewed and Filed,2025-08-25,output/pdfs/MT/134649640/filing_summary.pdf,pipeline_only,original,pipeline_extracted_in_validated_window,
MT,04/06/2026,Allstate Insurance Company,04.0 Homeowners,04.0001 Condominium Homeowners,20.100%,20.100%,67059,642,333916,45.200%,0.000%,rate_change,ALSE-134863872,Rates Reviewed and Filed,2026-03-03,output/pdfs/MT/134863872/filing_summary.pdf,ambest_validated,original,ambest_cross_checked,direct
MT,05/15/2024,GEICO Indemnity Company,19.0 Personal Auto,19.0001 Private Passenger Auto (PPA),1.100%,0.800%,103750,6317,13280890,67.900%,-18.600%,rate_change,GECC-134044604,Rates Reviewed and Filed,2024-04-02,output/pdfs/MT/134044604/filing_summary.pdf,pipeline_only,extension,pipeline_extracted,
MT,05/15/2024,GEICO Casualty Company,19.0 Personal Auto,19.0001 Private Passenger Auto (PPA),1.100%,0.800%,25048,1358,3206345,38.700%,-13.300%,rate_change,GECC-134044604,Rates Reviewed and Filed,2024-04-02,output/pdfs/MT/134044604/filing_summary.pdf,pipeline_only,extension,pipeline_extracted,
MT,05/15/2024,GEICO General Insurance Company,19.0 Personal Auto,19.0001 Private Passenger Auto (PPA),10.900%,3.700%,1380618,21035,37546933,150.400%,-25.500%,rate_change,GECC-134044604,Rates Reviewed and Filed,2024-04-02,output/pdfs/MT/134044604/filing_summary.pdf,pipeline_only,extension,pipeline_extracted,
MT,05/15/2024,Government Employees Insurance Company,19.0 Personal Auto,19.0001 Private Passenger Auto (PPA),10.900%,3.700%,348563,4593,9479421,77.500%,-12.500%,rate_change,GECC-134044604,Rates Reviewed and Filed,2024-04-02,output/pdfs/MT/134044604/filing_summary.pdf,pipeline_only,extension,pipeline_extracted,
MT,04/09/2026,GEICO Advantage Insurance Company,19.0 Personal Auto,19.0001 Private Passenger Auto (PPA),-4.200%,-3.600%,-178405,4214,4955691,6.200%,-6.700%,rate_change,GECC-134902175,Rates Reviewed and Filed,2026-04-08,output/pdfs/MT/134902175/filing_summary.pdf,ambest_validated,original,ambest_cross_checked,direct
MT,04/09/2026,GEICO Marine Insurance Company,19.0 Personal Auto,19.0001 Private Passenger Auto (PPA),-3.900%,-3.300%,-25293,424,766450,1.300%,-5.600%,rate_change,GECC-134902175,Rates Reviewed and Filed,2026-04-08,output/pdfs/MT/134902175/filing_summary.pdf,ambest_validated,original,ambest_cross_checked,direct
MT,02/01/2024,Liberty Mutual Fire Insurance Company,04.0 Homeowners,04.0005 Other Homeowners,37.500%,22.800%,983919,2438,4317467,38.460%,4.870%,rate_change,LBPM-133923055,Rates Reviewed and Filed,2023-12-14,output/pdfs/MT/133923055/filing_summary.pdf,pipeline_only,extension,pipeline_extracted,
MT,02/01/2024,Liberty Mutual Insurance Company,04.0 Homeowners,04.0005 Other Homeowners,37.500%,8.000%,3285,225,41185,9.700%,0.000%,rate_change,LBPM-133923055,Rates Reviewed and Filed,2023-12-14,output/pdfs/MT/133923055/filing_summary.pdf,pipeline_only,extension,pipeline_extracted,
MT,02/13/2024,Liberty Insurance Corporation,19.0 Personal Auto,19.0000 Personal Auto Combinations,4.400%,3.400%,902,12,26218,7.300%,0.000%,rate_change,LBPM-133971219,Rates Reviewed and Filed,2024-01-31,output/pdfs/MT/133971219/filing_summary.pdf,pipeline_only,extension,pipeline_extracted,
MT,02/13/2024,Liberty Mutual Fire Insurance Company,19.0 Personal Auto,19.0000 Personal Auto Combinations,4.400%,4.400%,229353,2284,5238263,13.500%,0.000%,rate_change,LBPM-133971219,Rates Reviewed and Filed,2024-01-31,output/pdfs/MT/133971219/filing_summary.pdf,pipeline_only,extension,pipeline_extracted,
MT,02/13/2024,The First Liberty Insurance Corporation,19.0 Personal Auto,19.0000 Personal Auto Combinations,4.400%,4.800%,19535,164,410942,12.500%,0.000%,rate_change,LBPM-133971219,Rates Reviewed and Filed,2024-01-31,output/pdfs/MT/133971219/filing_summary.pdf,pipeline_only,extension,pipeline_extracted,
MT,01/31/2026,Liberty Mutual Fire Insurance Company,04.0 Homeowners,04.0005 Other Homeowners,19.100%,6.000%,289896,1681,4828381,10.040%,4.010%,rate_change,LBPM-134778720,Rates Reviewed and Filed,2025-12-19,output/pdfs/MT/134778720/filing_summary.pdf,ambest_validated,original,ambest_cross_checked,direct
MT,03/05/2026,Liberty Insurance Corporation,19.0 Personal Auto,19.0000 Personal Auto Combinations,-9.500%,-2.200%,-485,11,22007,5.000%,-11.000%,rate_change,LBPM-134857087,Rates Reviewed and Filed,2026-02-27,output/pdfs/MT/134857087/filing_summary.pdf,ambest_validated,original,ambest_cross_checked,direct
MT,03/05/2026,Liberty Mutual Fire Insurance Company,19.0 Personal Auto,19.0000 Personal Auto Combinations,-9.500%,-5.000%,-224172,1725,4490217,5.000%,-14.000%,rate_change,LBPM-134857087,Rates Reviewed and Filed,2026-02-27,output/pdfs/MT/134857087/filing_summary.pdf,ambest_validated,original,ambest_cross_checked,direct
MT,03/05/2026,The First Liberty Insurance Corporation,19.0 Personal Auto,19.0000 Personal Auto Combinations,-9.500%,-6.400%,-17386,95,269668,5.000%,-11.200%,rate_change,LBPM-134857087,Rates Reviewed and Filed,2026-02-27,output/pdfs/MT/134857087/filing_summary.pdf,ambest_validated,original,ambest_cross_checked,direct
MT,01/12/2024,Progressive Casualty Insurance Company,19.0 Personal Auto,19.0003 Recreational Vehicle (RV),7.300%,6.400%,368899,4891,5731846,25.800%,0.000%,rate_change,PRGS-133901358,Rates Reviewed and Filed,2023-11-30,output/pdfs/MT/133901358/filing_summary.pdf,pipeline_only,extension,pipeline_extracted,
MT,01/19/2024,Progressive Casualty Insurance Company,19.0 Personal Auto,19.0001 Private Passenger Auto (PPA),7.800%,-1.300%,-329,28,24822,6.600%,0.000%,rate_change,PRGS-133927798,Rates Reviewed and Filed,2024-01-18,output/pdfs/MT/133927798/filing_summary.pdf,pipeline_only,extension,pipeline_extracted,
MT,01/19/2024,Progressive Direct Insurance Company,19.0 Personal Auto,19.0001 Private Passenger Auto (PPA),3.900%,3.600%,1833723,61301,51427070,11.000%,-3.000%,rate_change,PRGS-133927798,Rates Reviewed and Filed,2024-01-18,output/pdfs/MT/133927798/filing_summary.pdf,pipeline_only,extension,pipeline_extracted,
MT,01/19/2024,Progressive Northwestern Insurance Company,19.0 Personal Auto,19.0001 Private Passenger Auto (PPA),7.800%,7.000%,3777707,47339,54075561,21.000%,-7.000%,rate_change,PRGS-133927798,Rates Reviewed and Filed,2024-01-18,output/pdfs/MT/133927798/filing_summary.pdf,pipeline_only,extension,pipeline_extracted,
MT,01/19/2024,Progressive Specialty Insurance Company,19.0 Personal Auto,19.0001 Private Passenger Auto (PPA),7.800%,0.700%,752,81,101454,10.700%,0.000%,rate_change,PRGS-133927798,Rates Reviewed and Filed,2024-01-18,output/pdfs/MT/133927798/filing_summary.pdf,pipeline_only,extension,pipeline_extracted,
MT,06/06/2025,Progressive Casualty Insurance Company,19.0 Personal Auto,19.0002 Motorcycle,6.000%,6.800%,139,9,2043,27.200%,0.000%,rate_change,PRGS-134471019,Rates Reviewed and Filed,2025-05-14,output/pdfs/MT/134471019/filing_summary.pdf,ambest_validated,original,ambest_cross_checked,direct
MT,06/06/2025,Progressive Direct Insurance Company,19.0 Personal Auto,19.0002 Motorcycle,6.000%,4.500%,128506,9548,2855688,31.500%,-2.500%,rate_change,PRGS-134471019,Rates Reviewed and Filed,2025-05-14,output/pdfs/MT/134471019/filing_summary.pdf,ambest_validated,original,ambest_cross_checked,direct
MT,06/06/2025,Progressive Northwestern Insurance Company,19.0 Personal Auto,19.0002 Motorcycle,6.000%,7.000%,275429,11935,3934700,32.200%,-1.900%,rate_change,PRGS-134471019,Rates Reviewed and Filed,2025-05-14,output/pdfs/MT/134471019/filing_summary.pdf,ambest_validated,original,ambest_cross_checked,direct
MT,04/22/2024,Safeco Insurance Company of America,04.0 Homeowners,04.0005 Other Homeowners,26.500%,24.000%,15331608,26143,63815244,25.500%,11.600%,rate_change,LBPM-133909702,Rates Reviewed and Filed,2023-12-04,output/pdfs/MT/133909702/filing_summary.pdf,pipeline_only,extension,pipeline_extracted,
MT,05/14/2024,Safeco Insurance Company of Illinois,19.0 Personal Auto,19.0002 Motorcycle,26.900%,26.900%,431551,4689,1606934,39.200%,-6.200%,rate_change,LBPM-133961937,Rates Reviewed and Filed,2024-01-24,output/pdfs/MT/133961937/filing_summary.pdf,pipeline_only,extension,pipeline_extracted,
MT,10/23/2024,Safeco Insurance Company of America,04.0 Homeowners,04.0005 Other Homeowners,13.300%,13.000%,10072018,32028,77521057,43.400%,0.000%,rate_change,LBPM-134101230,Rates Reviewed and Filed,2024-05-13,output/pdfs/MT/134101230/filing_summary.pdf,pipeline_only,extension,pipeline_extracted,
MT,11/09/2024,Safeco Insurance Company of Illinois,19.0 Personal Auto,19.0000 Personal Auto Combinations,13.700%,3.000%,2828011,39502,93420150,9.000%,0.000%,rate_change_withdrawn,LBPM-134141511,Withdrawn,2024-06-13,output/pdfs/MT/134141511/filing_summary.pdf,pipeline_only,extension,pipeline_extracted,
MT,09/30/2024,Safeco Insurance Company of Illinois,19.0 Personal Auto,19.0003 Recreational Vehicle (RV),12.200%,7.400%,280735,1980,3783991,38.400%,3.200%,rate_change,LBPM-134228709,Rates Reviewed and Filed,2024-08-29,output/pdfs/MT/134228709/filing_summary.pdf,pipeline_only,extension,pipeline_extracted,
MT,05/14/2025,Safeco Insurance Company of Illinois,19.0 Personal Auto,19.0002 Motorcycle,7.200%,7.200%,116070,4170,1615112,37.700%,-0.900%,rate_change,LBPM-134350221,Rates Reviewed and Filed,2024-12-13,output/pdfs/MT/134350221/filing_summary.pdf,ambest_validated,original,ambest_cross_checked,date_relaxed
MT,07/19/2025,Safeco Insurance Company of Illinois,19.0 Personal Auto,19.0000 Personal Auto Combinations,-11.900%,-4.000%,-3226494,33557,80536341,-0.400%,-6.200%,rate_change,LBPM-134543988,Rates Reviewed and Filed,2025-05-27,output/pdfs/MT/134543988/filing_summary.pdf,ambest_validated,original,ambest_cross_checked,direct
MT,01/15/2024,State Farm Fire and Casualty Company,04.0 Homeowners,04.0005 Other Homeowners,14.000%,8.700%,10038139,92265,115804490,38.800%,-46.300%,rate_change,SFMA-133900830,Rates Reviewed and Filed,2023-12-15,output/pdfs/MT/133900830/filing_summary.pdf,pipeline_only,extension,pipeline_extracted,
MT,05/06/2024,State Farm Fire and Casualty Company,19.0 Personal Auto,19.0000 Personal Auto Combinations,22.000%,8.600%,1162482,9349,13490184,24.200%,-0.900%,rate_change,SFMA-134000554,Rates Reviewed and Filed,2024-03-01,output/pdfs/MT/134000554/filing_summary.pdf,pipeline_only,extension,pipeline_extracted,
MT,05/06/2024,State Farm Mutual Automobile Insurance Company,19.0 Personal Auto,19.0000 Personal Auto Combinations,7.200%,5.000%,11675136,294447,234090658,23.400%,-4.900%,rate_change,SFMA-134000554,Rates Reviewed and Filed,2024-03-01,output/pdfs/MT/134000554/filing_summary.pdf,pipeline_only,extension,pipeline_extracted,
MT,07/01/2024,State Farm Fire and Casualty Company,04.0 Homeowners,04.0002 Mobile Homeowners,0.000%,-0.100%,-5397,4080,4120710,3.000%,-7.600%,rate_change,SFMA-134074421,Rates Reviewed and Filed,2024-05-16,output/pdfs/MT/134074421/filing_summary.pdf,pipeline_only,extension,pipeline_extracted,
MT,08/01/2024,State Farm Fire and Casualty Company,19.0 Personal Auto,19.0002 Motorcycle,0.000%,0.000%,0,442,196561,10.500%,-8.300%,rate_change,SFMA-134075954,Rates Reviewed and Filed,2024-05-14,output/pdfs/MT/134075954/filing_summary.pdf,pipeline_only,extension,pipeline_extracted,
MT,08/01/2024,State Farm Mutual Automobile Insurance Company,19.0 Personal Auto,19.0002 Motorcycle,0.000%,0.000%,0,6662,1456069,10.900%,-10.400%,rate_change,SFMA-134075954,Rates Reviewed and Filed,2024-05-14,output/pdfs/MT/134075954/filing_summary.pdf,pipeline_only,extension,pipeline_extracted,
MT,10/15/2024,State Farm Fire and Casualty Company,04.0 Homeowners,04.0005 Other Homeowners,11.500%,10.000%,13774377,96178,137540966,24.000%,0.000%,rate_change,SFMA-134217410,Rates Reviewed and Filed,2024-08-29,output/pdfs/MT/134217410/filing_summary.pdf,pipeline_only,extension,pipeline_extracted,
MT,04/15/2025,State Farm Fire and Casualty Company,19.0 Personal Auto,19.0001 Private Passenger Auto (PPA),0.000%,0.000%,0,9302,10809278,22.800%,-27.700%,rate_change,SFMA-134293997,Rates Reviewed and Filed,2025-01-28,output/pdfs/MT/134293997/filing_summary.pdf,ambest_validated,original,ambest_cross_checked,direct
MT,04/15/2025,State Farm Mutual Automobile Insurance Company,19.0 Personal Auto,19.0001 Private Passenger Auto (PPA),0.000%,0.000%,0,254760,176625027,33.900%,-29.400%,rate_change,SFMA-134293997,Rates Reviewed and Filed,2025-01-28,output/pdfs/MT/134293997/filing_summary.pdf,ambest_validated,original,ambest_cross_checked,direct
MT,03/03/2025,State Farm Fire and Casualty Company,19.0 Personal Auto,19.0000 Personal Auto Combinations,10.800%,-0.300%,-42193,10015,15577388,20.200%,-13.500%,rate_change,SFMA-134310862,Rates Reviewed and Filed,2025-01-06,output/pdfs/MT/134310862/filing_summary.pdf,ambest_validated,original,ambest_cross_checked,direct
MT,03/03/2025,State Farm Mutual Automobile Insurance Company,19.0 Personal Auto,19.0000 Personal Auto Combinations,0.000%,-1.800%,-4710399,305575,256214819,25.200%,-21.700%,rate_change,SFMA-134310862,Rates Reviewed and Filed,2025-01-06,output/pdfs/MT/134310862/filing_summary.pdf,ambest_validated,original,ambest_cross_checked,direct
MT,07/15/2025,State Farm Fire and Casualty Company,04.0 Homeowners,04.0005 Other Homeowners,,0.000%,-6232,99778,165691149,3.400%,-4.900%,rate_change,SFMA-134524072,Rates Reviewed and Filed,2025-05-19,output/pdfs/MT/134524072/filing_summary.pdf,ambest_validated,original,ambest_cross_checked,direct
MT,04/05/2024,Travelers Personal Insurance Company,04.0 Homeowners,04.0005 Other Homeowners,,0.000%,0,20461,36236588,30.200%,-3.100%,rate_change,TRVD-134030789,Rates Reviewed and Filed,2024-03-19,output/pdfs/MT/134030789/filing_summary.pdf,pipeline_only,extension,pipeline_extracted,
MT,10/04/2024,Travelers Personal Insurance Company,04.0 Homeowners,04.0000 Homeowners Sub-TOI Combinations,13.200%,12.400%,4650901,21070,37507270,28.200%,0.000%,rate_change,TRVD-G134243122,Rates Reviewed and Filed,2024-09-13,output/pdfs/MT/134248861/filing_summary.pdf,pipeline_only,extension,pipeline_extracted,
MT,02/15/2026,Travelers Personal Insurance Company,04.0 Homeowners,04.0000 Homeowners Sub-TOI Combinations,,0.000%,0,20583,43950044,0.000%,0.000%,rate_change,TRVD-G134776712,Rates Reviewed and Filed,2025-12-19,output/pdfs/MT/134780245/filing_summary.pdf,pipeline_only,original,pipeline_extracted_in_validated_window,
NV,09/16/2024,Allstate Indemnity Company,04.0 Homeowners,04.0001 Condominium Homeowners,44.976%,16.700%,572926,5463,3430693,59.030%,4.580%,rate_change,ALSE-133925598,Approved,2023-12-15,output/pdfs/NV/133925598/filing_summary.pdf,pipeline_only,extension,pipeline_extracted,
NV,04/01/2024,Allstate Property and Casualty Insurance Company,19.0 Personal Auto,19.0001 Private Passenger Auto (PPA),12.546%,12.544%,490953,1478,3913911,57.029%,-15.017%,rate_change_withdrawn,ALSE-133929661,Withdrawn,2023-12-19,output/pdfs/NV/133929661/filing_summary.pdf,pipeline_only,extension,pipeline_extracted,
NV,08/05/2024,Allstate Insurance Company,19.0 Personal Auto,19.0001 Private Passenger Auto (PPA),8.810%,8.807%,897110,3429,10186123,48.237%,-15.032%,rate_change,ALSE-133929692,Approved,2023-12-19,output/pdfs/NV/133929692/filing_summary.pdf,pipeline_only,extension,pipeline_extracted,
NV,09/16/2024,Allstate Insurance Company,04.0 Homeowners,04.0001 Condominium Homeowners,51.375%,34.897%,139922,676,400960,44.414%,14.638%,rate_change,ALSE-133930227,Approved,2023-12-20,output/pdfs/NV/133930227/filing_summary.pdf,pipeline_only,extension,pipeline_extracted,
NV,06/10/2024,Allstate Property and Casualty Insurance Company,04.0 Homeowners,04.0003 Owner Occupied Homeowners,10.336%,10.305%,1642082,10507,15935443,10.917%,6.165%,rate_change_withdrawn,ALSE-133933195,Withdrawn,2023-12-22,output/pdfs/NV/133933195/filing_summary.pdf,pipeline_only,extension,pipeline_extracted,
NV,05/13/2024,Allstate Indemnity Company,04.0 Homeowners,04.0003 Owner Occupied Homeowners,16.446%,16.410%,715327,3317,4359093,28.802%,8.571%,rate_change_withdrawn,ALSE-133944728,Withdrawn,2024-01-09,output/pdfs/NV/133944728/filing_summary.pdf,pipeline_only,extension,pipeline_extracted,
NV,11/25/2024,Allstate Insurance Company,04.0 Homeowners,04.0003 Owner Occupied Homeowners,24.663%,2.301%,144072,4209,6261272,6.702%,0.163%,rate_change,ALSE-133987625,Approved,2024-02-09,output/pdfs/NV/133987625/filing_summary.pdf,pipeline_only,extension,pipeline_extracted,
NV,07/01/2024,Allstate Indemnity Company,19.0 Personal Auto,19.0001 Private Passenger Auto (PPA),10.681%,8.079%,868409,2755,10748969,13.030%,0.000%,rate_change,ALSE-134024995,Approved,2024-03-07,output/pdfs/NV/134024995/filing_summary.pdf,pipeline_only,extension,pipeline_extracted,
NV,07/15/2024,Allstate Fire and Casualty Insurance Company,19.0 Personal Auto,19.0001 Private Passenger Auto (PPA),0.000%,0.000%,0,0,259775379,0.000%,0.000%,rate_change,ALSE-134108451,Approved,2024-05-14,output/pdfs/NV/134108451/filing_summary.pdf,pipeline_only,extension,pipeline_extracted,
NV,12/09/2024,Allstate Indemnity Company,04.0 Homeowners,04.0004 Tenant Homeowners,7.309%,5.008%,257371,25044,5139339,5.987%,1.543%,rate_change,ALSE-134198233,Approved,2024-07-31,output/pdfs/NV/134198233/filing_summary.pdf,pipeline_only,extension,pipeline_extracted,
NV,10/28/2024,Allstate Fire and Casualty Insurance Company,19.0 Personal Auto,19.0001 Private Passenger Auto (PPA),10.814%,10.811%,40159349,94804,371468807,39.017%,2.385%,rate_change,ALSE-134212750,Approved,2024-08-14,output/pdfs/NV/134212750/filing_summary.pdf,pipeline_only,extension,pipeline_extracted,
NV,11/11/2024,Allstate Insurance Company,19.0 Personal Auto,19.0001 Private Passenger Auto (PPA),0.000%,0.000%,0,0,9918560,0.000%,0.000%,rate_change,ALSE-134218565,Approved with Stipulations,2024-08-19,output/pdfs/NV/134218565/filing_summary.pdf,pipeline_only,extension,pipeline_extracted,
NV,11/11/2024,Allstate Property and Casualty Insurance Company,19.0 Personal Auto,19.0001 Private Passenger Auto (PPA),0.000%,0.000%,0,0,9508195,0.000%,0.000%,rate_change,ALSE-134218565,Approved with Stipulations,2024-08-19,output/pdfs/NV/134218565/filing_summary.pdf,pipeline_only,extension,pipeline_extracted,
NV,11/11/2024,Allstate Indemnity Company,19.0 Personal Auto,19.0001 Private Passenger Auto (PPA),0.000%,0.000%,0,0,3845731,0.000%,0.000%,rate_change,ALSE-134218565,Approved with Stipulations,2024-08-19,output/pdfs/NV/134218565/filing_summary.pdf,pipeline_only,extension,pipeline_extracted,
NV,08/11/2025,Allstate Vehicle and Property Insurance Company,04.0 Homeowners,04.0003 Owner Occupied Homeowners,47.324%,20.499%,11679142,40758,56975298,57.037%,-2.899%,rate_change,ALSE-134362303,Approved,2024-12-24,output/pdfs/NV/134362303/filing_summary.pdf,ambest_validated,original,ambest_cross_checked,direct
NV,09/16/2025,Allstate North American Insurance Company,19.0 Personal Auto,19.0001 Private Passenger Auto (PPA),0.000%,0.000%,0,2807,12497471,20.194%,-3.267%,rate_change,ALSE-134440891,Approved,2025-02-28,output/pdfs/NV/134440891/filing_summary.pdf,ambest_validated,original,ambest_cross_checked,direct
NV,05/12/2025,Allstate Property and Casualty Insurance Company,19.0 Personal Auto,19.0001 Private Passenger Auto (PPA),17.502%,17.368%,636278,1304,3663587,91.273%,-20.270%,rate_change,ALSE-134452577,Approved,2025-03-18,output/pdfs/NV/134452577/filing_summary.pdf,ambest_validated,original,ambest_cross_checked,direct
NV,05/26/2025,Allstate Fire and Casualty Insurance Company,19.0 Personal Auto,19.0001 Private Passenger Auto (PPA),8.606%,8.602%,33120015,82665,385021190,17.252%,-2.483%,rate_change,ALSE-134454335,Approved,2025-03-11,output/pdfs/NV/134454335/filing_summary.pdf,ambest_validated,original,ambest_cross_checked,direct
NV,05/12/2025,Allstate Indemnity Company,19.0 Personal Auto,19.0001 Private Passenger Auto (PPA),11.527%,11.499%,1195639,1653,10398200,21.588%,0.000%,rate_change,ALSE-134456115,Approved,2025-03-12,output/pdfs/NV/134456115/filing_summary.pdf,ambest_validated,original,ambest_cross_checked,direct
NV,06/23/2025,Allstate Fire and Casualty Insurance Company,19.0 Personal Auto,19.0001 Private Passenger Auto (PPA),0.000%,0.000%,0,0,288847628,0.000%,0.000%,rate_change,ALSE-134489505,Approved,2025-04-08,output/pdfs/NV/134489505/filing_summary.pdf,ambest_validated,original,ambest_cross_checked,direct
NV,12/01/2025,Allstate Insurance Company,04.0 Homeowners,04.0003 Owner Occupied Homeowners,27.813%,27.813%,1592386,3751,5725329,28.924%,13.093%,rate_change_withdrawn,ALSE-134500599,Withdrawn,2025-04-18,output/pdfs/NV/134500599/filing_summary.pdf,pipeline_only,original,pipeline_extracted_in_validated_window,
NV,12/01/2025,Allstate Property and Casualty Insurance Company,04.0 Homeowners,04.0003 Owner Occupied Homeowners,10.470%,10.470%,1508108,8856,14404088,11.039%,6.444%,rate_change_withdrawn,ALSE-134501724,Withdrawn,2025-04-18,output/pdfs/NV/134501724/filing_summary.pdf,pipeline_only,original,pipeline_extracted_in_validated_window,
NV,12/01/2025,Allstate Indemnity Company,04.0 Homeowners,04.0003 Owner Occupied Homeowners,36.182%,36.182%,1394644,2917,3854523,39.146%,18.827%,rate_change_withdrawn,ALSE-134506974,Withdrawn,2025-04-23,output/pdfs/NV/134506974/filing_summary.pdf,pipeline_only,original,pipeline_extracted_in_validated_window,
NV,10/27/2025,Allstate Indemnity Company,04.0 Homeowners,04.0001 Condominium Homeowners,23.233%,23.195%,936187,5488,4036224,72.350%,6.493%,rate_change,ALSE-134598852,Approved,2025-07-10,output/pdfs/NV/134598852/filing_summary.pdf,ambest_validated,original,ambest_cross_checked,direct
NV,04/06/2026,Allstate North American Insurance Company,19.0 Personal Auto,19.0001 Private Passenger Auto (PPA),9.615%,3.473%,1191905,17504,34314648,6.425%,0.683%,rate_change,ALSE-134635543,Approved,2025-09-02,output/pdfs/NV/134635543/filing_summary.pdf,ambest_validated,original,ambest_cross_checked,date_relaxed
NV,02/03/2024,GEICO Casualty Company,19.0 Personal Auto,19.0000 Personal Auto Combinations,34.591%,10.693%,7095841,27937,66362571,21.087%,0.000%,rate_change,GECC-133800350,Approved,2023-09-07,output/pdfs/NV/133800350/filing_summary.pdf,pipeline_only,extension,pipeline_extracted,
NV,02/03/2024,GEICO Advantage Insurance Company,19.0 Personal Auto,19.0000 Personal Auto Combinations,34.591%,16.784%,43189647,82241,257319717,34.516%,0.000%,rate_change,GECC-133800350,Approved,2023-09-07,output/pdfs/NV/133800350/filing_summary.pdf,pipeline_only,extension,pipeline_extracted,
NV,02/03/2024,GEICO Choice Insurance Company,19.0 Personal Auto,19.0000 Personal Auto Combinations,34.591%,16.070%,15703744,29544,97723183,30.475%,0.000%,rate_change,GECC-133800350,Approved,2023-09-07,output/pdfs/NV/133800350/filing_summary.pdf,pipeline_only,extension,pipeline_extracted,
NV,02/03/2024,GEICO Secure Insurance Company,19.0 Personal Auto,19.0000 Personal Auto Combinations,30.986%,20.181%,42333354,73711,209768324,41.297%,3.771%,rate_change,GECC-133800350,Approved,2023-09-07,output/pdfs/NV/133800350/filing_summary.pdf,pipeline_only,extension,pipeline_extracted,
NV,01/09/2025,GEICO Indemnity Company,19.0 Personal Auto,19.0001 Private Passenger Auto (PPA),0.000%,0.000%,0,2596,6967367,22.358%,-15.084%,rate_change,GECC-134012732,Approved with Stipulations,2024-03-15,output/pdfs/NV/134012732/filing_summary.pdf,pipeline_only,extension,pipeline_extracted_in_validated_window,
NV,01/09/2025,GEICO Casualty Company,19.0 Personal Auto,19.0001 Private Passenger Auto (PPA),0.000%,0.000%,0,26744,64594518,27.011%,-21.927%,rate_change,GECC-134012732,Approved with Stipulations,2024-03-15,output/pdfs/NV/134012732/filing_summary.pdf,pipeline_only,extension,pipeline_extracted_in_validated_window,
NV,01/09/2025,GEICO General Insurance Company,19.0 Personal Auto,19.0001 Private Passenger Auto (PPA),0.000%,0.000%,0,12312,24877707,32.045%,-24.637%,rate_change,GECC-134012732,Approved with Stipulations,2024-03-15,output/pdfs/NV/134012732/filing_summary.pdf,pipeline_only,extension,pipeline_extracted_in_validated_window,
NV,01/09/2025,Government Employees Insurance Company,19.0 Personal Auto,19.0001 Private Passenger Auto (PPA),0.000%,0.000%,0,4480,9324766,21.704%,-26.917%,rate_change,GECC-134012732,Approved with Stipulations,2024-03-15,output/pdfs/NV/134012732/filing_summary.pdf,pipeline_only,extension,pipeline_extracted_in_validated_window,
NV,01/09/2025,GEICO Advantage Insurance Company,19.0 Personal Auto,19.0001 Private Passenger Auto (PPA),0.000%,0.000%,0,71323,211974888,32.194%,-24.944%,rate_change,GECC-134012732,Approved with Stipulations,2024-03-15,output/pdfs/NV/134012732/filing_summary.pdf,pipeline_only,extension,pipeline_extracted_in_validated_window,
NV,01/09/2025,GEICO Choice Insurance Company,19.0 Personal Auto,19.0001 Private Passenger Auto (PPA),0.000%,0.000%,0,25260,78205161,31.679%,-16.869%,rate_change,GECC-134012732,Approved with Stipulations,2024-03-15,output/pdfs/NV/134012732/filing_summary.pdf,pipeline_only,extension,pipeline_extracted_in_validated_window,
NV,01/09/2025,GEICO Secure Insurance,19.0 Personal Auto,19.0001 Private Passenger Auto (PPA),0.000%,0.000%,0,70869,20336786,40.318%,-32.351%,rate_change,GECC-134012732,Approved with Stipulations,2024-03-15,output/pdfs/NV/134012732/filing_summary.pdf,pipeline_only,extension,pipeline_extracted_in_validated_window,
NV,01/09/2025,GEICO Secure Insurance Company,19.0 Personal Auto,19.0001 Private Passenger Auto (PPA),0.000%,0.000%,0,70869,20336786,40.318%,-32.351%,rate_change,GECC-134012732,Approved with Stipulations,2024-03-15,output/pdfs/NV/134012732/filing_summary.pdf,pipeline_only,extension,pipeline_extracted_in_validated_window,
NV,03/31/2025,GEICO Indemnity Company,19.0 Personal Auto,19.0001 Private Passenger Auto (PPA),14.013%,11.954%,848778,2449,7100190,44.037%,-0.661%,rate_change,GECC-134376338,Approved,2025-01-16,output/pdfs/NV/134376338/filing_summary.pdf,ambest_validated,original,ambest_cross_checked,direct
NV,03/31/2025,GEICO General Insurance Company,19.0 Personal Auto,19.0001 Private Passenger Auto (PPA),40.673%,17.274%,4264933,11746,24689228,51.634%,-2.432%,rate_change,GECC-134376338,Approved,2025-01-16,output/pdfs/NV/134376338/filing_summary.pdf,ambest_validated,original,ambest_cross_checked,direct
NV,03/31/2025,Government Employees Insurance Company,19.0 Personal Auto,19.0001 Private Passenger Auto (PPA),40.673%,0.000%,0,0,9112247,0.000%,0.000%,rate_change,GECC-134376338,Approved,2025-01-16,output/pdfs/NV/134376338/filing_summary.pdf,ambest_validated,original,ambest_cross_checked,direct
NV,03/26/2026,GEICO Casualty Company,19.0 Personal Auto,19.0001 Private Passenger Auto (PPA),41.000%,10.575%,7746706,22451,73251862,52.330%,-15.584%,rate_change,GECC-134604501,Approved,2025-07-21,output/pdfs/NV/134604501/filing_summary.pdf,pipeline_only,original,pipeline_extracted_in_validated_window,
NV,03/26/2026,GEICO Advantage Insurance Company,19.0 Personal Auto,19.0001 Private Passenger Auto (PPA),20.100%,6.431%,12099296,47423,188142494,41.520%,-16.865%,rate_change,GECC-134604501,Approved,2025-07-21,output/pdfs/NV/134604501/filing_summary.pdf,pipeline_only,original,pipeline_extracted_in_validated_window,
NV,03/26/2026,GEICO Choice Insurance Company,19.0 Personal Auto,19.0001 Private Passenger Auto (PPA),10.600%,1.019%,668230,15791,65553924,32.408%,-16.925%,rate_change,GECC-134604501,Approved,2025-07-21,output/pdfs/NV/134604501/filing_summary.pdf,pipeline_only,original,pipeline_extracted_in_validated_window,
NV,03/26/2026,GEICO Indemnity Company,19.0 Personal Auto,19.0001 Private Passenger Auto (PPA),34.091%,30.489%,2410417,2351,7905887,81.915%,-11.679%,rate_change_pending,GECC-134661852,Open,2025-09-10,output/pdfs/NV/134661852/filing_summary.pdf,pipeline_only,original,pipeline_extracted_in_validated_window,
NV,03/26/2026,GEICO General Insurance Company,19.0 Personal Auto,19.0001 Private Passenger Auto (PPA),74.348%,56.469%,16269829,13269,28812212,135.921%,-24.946%,rate_change_pending,GECC-134661852,Open,2025-09-10,output/pdfs/NV/134661852/filing_summary.pdf,pipeline_only,original,pipeline_extracted_in_validated_window,
NV,04/11/2024,Liberty Mutual Insurance Company,19.0 Personal Auto,19.0000 Personal Auto Combinations,28.915%,6.035%,30485,184,505145,9.677%,3.354%,rate_change,LBPM-133813014,Approved,2023-09-14,output/pdfs/NV/133813014/filing_summary.pdf,pipeline_only,extension,pipeline_extracted,
NV,04/11/2024,Liberty Mutual Personal Insurance Company,19.0 Personal Auto,19.0000 Personal Auto Combinations,28.915%,12.464%,2561016,8004,20547982,22.044%,0.997%,rate_change,LBPM-133813014,Approved,2023-09-14,output/pdfs/NV/133813014/filing_summary.pdf,pipeline_only,extension,pipeline_extracted,
NV,03/18/2024,Liberty Mutual Insurance Company,19.0 Personal Auto,19.0000 Personal Auto Combinations,0.000%,0.000%,0,184,505145,0.000%,0.000%,rate_change_withdrawn,LBPM-133917124,Withdrawn,2023-12-13,output/pdfs/NV/133917124/filing_summary.pdf,pipeline_only,extension,pipeline_extracted,
NV,03/18/2024,Liberty Mutual Personal Insurance Company,19.0 Personal Auto,19.0000 Personal Auto Combinations,0.000%,0.000%,0,8004,20547982,0.000%,0.000%,rate_change_withdrawn,LBPM-133917124,Withdrawn,2023-12-13,output/pdfs/NV/133917124/filing_summary.pdf,pipeline_only,extension,pipeline_extracted,
NV,05/20/2024,Liberty Mutual Insurance Company,19.0 Personal Auto,19.0000 Personal Auto Combinations,0.000%,0.000%,0,184,505145,0.000%,0.000%,rate_change,LBPM-133917345,Approved,2023-12-15,output/pdfs/NV/133917345/filing_summary.pdf,pipeline_only,extension,pipeline_extracted,
NV,05/20/2024,Liberty Mutual Personal Insurance Company,19.0 Personal Auto,19.0000 Personal Auto Combinations,0.000%,0.000%,0,8004,20547982,0.000%,0.000%,rate_change,LBPM-133917345,Approved,2023-12-15,output/pdfs/NV/133917345/filing_summary.pdf,pipeline_only,extension,pipeline_extracted,
NV,06/23/2025,Liberty Mutual Insurance Company,19.0 Personal Auto,19.0000 Personal Auto Combinations,8.109%,8.109%,22376,97,275931,86.140%,-26.742%,rate_change,LBPM-133959002,Approved,2024-01-24,output/pdfs/NV/133959002/filing_summary.pdf,ambest_validated,extension,ambest_cross_checked,direct
NV,06/23/2025,Liberty Mutual Personal Insurance Company,19.0 Personal Auto,19.0000 Personal Auto Combinations,-0.093%,-0.093%,-22376,7911,23950642,202.705%,-44.485%,rate_change,LBPM-133959002,Approved,2024-01-24,output/pdfs/NV/133959002/filing_summary.pdf,ambest_validated,extension,ambest_cross_checked,direct
NV,07/02/2024,Liberty Mutual Insurance Company,04.0 Homeowners,04.0004 Tenant Homeowners,44.500%,25.010%,700756,23600,2801932,29.690%,0.000%,rate_change,LBPM-134070855,Approved,2024-04-17,output/pdfs/NV/134070855/filing_summary.pdf,pipeline_only,extension,pipeline_extracted,
NV,07/02/2024,Liberty Mutual Personal Insurance Company,04.0 Homeowners,04.0004 Tenant Homeowners,44.500%,26.230%,2484,21,9470,28.320%,16.410%,rate_change,LBPM-134070855,Approved,2024-04-17,output/pdfs/NV/134070855/filing_summary.pdf,pipeline_only,extension,pipeline_extracted,
NV,03/11/2026,Liberty Mutual Insurance Company,19.0 Personal Auto,19.0000 Personal Auto Combinations,21.800%,11.200%,61748,165,552597,21.000%,3.500%,rate_change_pending,LBPM-134825266,Open,2026-02-11,output/pdfs/NV/134825266/filing_summary.pdf,pipeline_only,original,pipeline_extracted_in_validated_window,
NV,03/11/2026,Liberty Mutual Personal Insurance Company,19.0 Personal Auto,19.0000 Personal Auto Combinations,21.800%,10.000%,3151047,10266,31426248,22.500%,2.200%,rate_change_pending,LBPM-134825266,Open,2026-02-11,output/pdfs/NV/134825266/filing_summary.pdf,pipeline_only,original,pipeline_extracted_in_validated_window,
NV,05/17/2024,Progressive Direct Insurance Company,19.0 Personal Auto,19.0002 Motorcycle,20.800%,8.464%,809365,20514,9562952,42.967%,-7.911%,rate_change,PRGS-133796059,Approved,2023-09-28,output/pdfs/NV/133796059/filing_summary.pdf,pipeline_only,extension,pipeline_extracted,
NV,05/17/2024,Progressive Northern Insurance Company,19.0 Personal Auto,19.0002 Motorcycle,20.800%,7.720%,404153,11559,5235063,48.534%,-8.216%,rate_change,PRGS-133796059,Approved,2023-09-28,output/pdfs/NV/133796059/filing_summary.pdf,pipeline_only,extension,pipeline_extracted,
NV,06/14/2024,Progressive Direct Insurance Company,19.0 Personal Auto,19.0001 Private Passenger Auto (PPA),9.657%,2.767%,5190745,131147,187628409,28.839%,-14.718%,rate_change,PRGS-133908022,Approved,2023-12-20,output/pdfs/NV/133908022/filing_summary.pdf,pipeline_only,extension,pipeline_extracted,
NV,06/14/2024,Progressive Northern Insurance Company,19.0 Personal Auto,19.0001 Private Passenger Auto (PPA),15.044%,4.857%,6334810,77006,130426345,35.330%,-19.014%,rate_change,PRGS-133908022,Approved,2023-12-20,output/pdfs/NV/133908022/filing_summary.pdf,pipeline_only,extension,pipeline_extracted,
NV,01/09/2026,Progressive Direct Insurance Company,19.0 Personal Auto,19.0001 Private Passenger Auto (PPA),0.000%,-0.094%,-311663,212801,331679622,139.114%,-58.224%,rate_change_pending,PRGS-134206539,Open,2025-06-06,output/pdfs/NV/134206539/filing_summary.pdf,pipeline_only,original,pipeline_extracted_in_validated_window,
NV,01/09/2026,Progressive Northern Insurance Company,19.0 Personal Auto,19.0001 Private Passenger Auto (PPA),0.000%,-0.034%,-48815,84134,144277657,151.139%,-54.884%,rate_change_pending,PRGS-134206539,Open,2025-06-06,output/pdfs/NV/134206539/filing_summary.pdf,pipeline_only,original,pipeline_extracted_in_validated_window,
NV,01/24/2025,Progressive Direct Insurance Company,19.0 Personal Auto,19.0001 Private Passenger Auto (PPA),10.078%,4.976%,12436677,178171,249949453,20.960%,-8.513%,rate_change,PRGS-134304882,Approved,2024-12-04,output/pdfs/NV/134304882/filing_summary.pdf,ambest_validated,original,ambest_cross_checked,date_relaxed
NV,01/24/2025,Progressive Northern Insurance Company,19.0 Personal Auto,19.0001 Private Passenger Auto (PPA),4.514%,4.415%,5696155,73976,129010874,17.679%,-4.703%,rate_change,PRGS-134304882,Approved,2024-12-04,output/pdfs/NV/134304882/filing_summary.pdf,ambest_validated,original,ambest_cross_checked,date_relaxed
NV,10/03/2025,Progressive Direct Insurance Company,19.0 Personal Auto,19.0001 Private Passenger Auto (PPA),8.410%,6.865%,23229304,212801,338370673,15.444%,-5.214%,rate_change,PRGS-134617486,Approved,2025-08-05,output/pdfs/NV/134617486/filing_summary.pdf,ambest_validated,original,ambest_cross_checked,direct
NV,10/03/2025,Progressive Northern Insurance Company,19.0 Personal Auto,19.0001 Private Passenger Auto (PPA),4.300%,-0.003%,-4282,84134,145129258,22.222%,-12.417%,rate_change,PRGS-134617486,Approved,2025-08-05,output/pdfs/NV/134617486/filing_summary.pdf,ambest_validated,original,ambest_cross_checked,direct
NV,11/21/2025,Progressive Direct Insurance Company,19.0 Personal Auto,19.0002 Motorcycle,15.000%,12.637%,1529646,24758,12104575,35.507%,-4.255%,rate_change,PRGS-134618970,Approved,2025-09-29,output/pdfs/NV/134618970/filing_summary.pdf,ambest_validated,original,ambest_cross_checked,date_relaxed
NV,11/21/2025,Progressive Northern Insurance Company,19.0 Personal Auto,19.0002 Motorcycle,15.000%,11.765%,721225,12489,6130291,35.429%,-3.540%,rate_change,PRGS-134618970,Approved,2025-09-29,output/pdfs/NV/134618970/filing_summary.pdf,ambest_validated,original,ambest_cross_checked,date_relaxed
NV,06/27/2024,Safeco Insurance Company of America,04.0 Homeowners,04.0000 Homeowners Sub-TOI Combinations,17.600%,15.963%,1591348,7054,9968913,108.729%,-47.427%,rate_change_withdrawn,LBPM-134016380,Withdrawn,2024-03-06,output/pdfs/NV/134016380/filing_summary.pdf,pipeline_only,extension,pipeline_extracted,
NV,10/02/2024,Safeco Insurance Company of America,04.0 Homeowners,04.0001 Condominium Homeowners,32.700%,7.136%,91374,1570,1280535,108.945%,-13.265%,rate_change,LBPM-134016692,Approved,2024-03-04,output/pdfs/NV/134016692/filing_summary.pdf,pipeline_only,extension,pipeline_extracted,
NV,06/21/2025,Safeco Insurance Company of Illinois,19.0 Personal Auto,19.0000 Personal Auto Combinations,15.079%,9.604%,4089402,11770,42579372,103.005%,-37.335%,rate_change,LBPM-134446500,Approved,2025-03-10,output/pdfs/NV/134446500/filing_summary.pdf,ambest_validated,original,ambest_cross_checked,direct
NV,10/30/2025,Safeco Insurance Company of America,04.0 Homeowners,04.0000 Homeowners Sub-TOI Combinations,34.200%,14.979%,1260251,5203,8413197,90.241%,-38.215%,rate_change,LBPM-134587304,Approved,2025-06-30,output/pdfs/NV/134587304/filing_summary.pdf,ambest_validated,original,ambest_cross_checked,direct
NV,08/15/2024,State Farm Fire and Casualty Company,04.0 Homeowners,04.0005 Other Homeowners,-7.429%,-0.002%,-444,42178,25637633,21.016%,-18.946%,rate_change,SFMA-133718498,Approved,2023-07-21,output/pdfs/NV/133718498/filing_summary.pdf,pipeline_only,extension,pipeline_extracted,
NV,02/15/2024,State Farm Fire and Casualty Company,19.0 Personal Auto,19.0001 Private Passenger Auto (PPA),0.000%,0.000%,0,12973,26934045,23.298%,-19.292%,rate_change,SFMA-133804248,Approved,2023-11-02,output/pdfs/NV/133804248/filing_summary.pdf,pipeline_only,extension,pipeline_extracted,
NV,02/15/2024,State Farm Mutual Automobile Insurance Company,19.0 Personal Auto,19.0001 Private Passenger Auto (PPA),0.000%,0.000%,0,457151,509230586,29.298%,-29.626%,rate_change,SFMA-133804248,Approved,2023-11-02,output/pdfs/NV/133804248/filing_summary.pdf,pipeline_only,extension,pipeline_extracted,
NV,01/01/2024,State Farm Fire and Casualty Company,04.0 Homeowners,04.0002 Mobile Homeowners,,-0.037%,-877,3459,2390223,12.982%,-4.962%,rate_change,SFMA-133834795,Approved,2023-09-29,output/pdfs/NV/133834795/filing_summary.pdf,pipeline_only,extension,pipeline_extracted,
NV,05/06/2024,State Farm Fire and Casualty Company,19.0 Personal Auto,19.0001 Private Passenger Auto (PPA),22.500%,6.256%,2031260,13731,32467635,25.093%,-0.135%,rate_change,SFMA-133866614,Approved,2023-10-26,output/pdfs/NV/133866614/filing_summary.pdf,pipeline_only,extension,pipeline_extracted,
NV,05/06/2024,State Farm Mutual Automobile Insurance Company,19.0 Personal Auto,19.0001 Private Passenger Auto (PPA),21.943%,16.114%,107538939,472743,667363585,26.465%,-0.149%,rate_change,SFMA-133866614,Approved,2023-10-26,output/pdfs/NV/133866614/filing_summary.pdf,pipeline_only,extension,pipeline_extracted,
NV,05/06/2024,State Farm Fire and Casualty Company,19.0 Personal Auto,19.0002 Motorcycle,,0.019%,113,993,587917,0.081%,0.000%,rate_change,SFMA-133866656,Approved,2023-10-26,output/pdfs/NV/133866656/filing_summary.pdf,pipeline_only,extension,pipeline_extracted,
NV,05/06/2024,State Farm Mutual Automobile Insurance Company,19.0 Personal Auto,19.0002 Motorcycle,,0.026%,1212,12453,4693200,0.088%,0.000%,rate_change,SFMA-133866656,Approved,2023-10-26,output/pdfs/NV/133866656/filing_summary.pdf,pipeline_only,extension,pipeline_extracted,
NV,05/06/2024,State Farm Fire and Casualty Company,19.0 Personal Auto,19.0003 Recreational Vehicle (RV),,0.013%,1,90,7945,0.056%,0.000%,rate_change,SFMA-133866769,Approved,2023-10-26,output/pdfs/NV/133866769/filing_summary.pdf,pipeline_only,extension,pipeline_extracted,
NV,05/06/2024,State Farm Mutual Automobile Insurance Company,19.0 Personal Auto,19.0003 Recreational Vehicle (RV),,-0.002%,-88,23353,5303794,0.000%,-0.044%,rate_change,SFMA-133866769,Approved,2023-10-26,output/pdfs/NV/133866769/filing_summary.pdf,pipeline_only,extension,pipeline_extracted,
NV,03/21/2024,State Farm Fire and Casualty Company,04.0 Homeowners,04.0000 Homeowners Sub-TOI Combinations,,0.000%,0,213904,135349235,0.000%,0.000%,rate_change,SFMA-133905060,Approved,2023-12-08,output/pdfs/NV/133905060/filing_summary.pdf,pipeline_only,extension,pipeline_extracted,
NV,05/15/2025,State Farm Fire and Casualty Company,04.0 Homeowners,04.0000 Homeowners Sub-TOI Combinations,14.275%,9.943%,13494733,214157,135725334,44.648%,-44.541%,rate_change,SFMA-133937492,Approved,2024-01-12,output/pdfs/NV/133937492/filing_summary.pdf,ambest_validated,extension,ambest_cross_checked,direct
NV,02/13/2025,State Farm Fire and Casualty Company,19.0 Personal Auto,19.0002 Motorcycle,12.565%,0.239%,1483,988,620002,10.539%,-8.078%,rate_change,SFMA-134076824,Approved,2024-05-24,output/pdfs/NV/134076824/filing_summary.pdf,ambest_validated,extension,ambest_cross_checked,direct
NV,02/13/2025,State Farm Mutual Automobile Insurance Company,19.0 Personal Auto,19.0002 Motorcycle,12.565%,0.053%,2505,12302,4752472,10.905%,-9.657%,rate_change,SFMA-134076824,Approved,2024-05-24,output/pdfs/NV/134076824/filing_summary.pdf,ambest_validated,extension,ambest_cross_checked,direct
NV,01/30/2025,State Farm Fire and Casualty Company,19.0 Personal Auto,19.0001 Private Passenger Auto (PPA),19.515%,5.562%,2131676,14992,38322893,31.358%,-11.312%,rate_change,SFMA-134207336,Approved,2024-08-23,output/pdfs/NV/134207336/filing_summary.pdf,ambest_validated,original,ambest_cross_checked,direct
NV,01/30/2025,State Farm Mutual Automobile Insurance Company,19.0 Personal Auto,19.0001 Private Passenger Auto (PPA),12.802%,8.451%,65333740,471771,773123310,39.658%,-10.532%,rate_change,SFMA-134207336,Approved,2024-08-23,output/pdfs/NV/134207336/filing_summary.pdf,ambest_validated,original,ambest_cross_checked,direct
NV,01/30/2025,State Farm Fire and Casualty Company,19.0 Personal Auto,19.0002 Motorcycle,15.860%,3.928%,24307,988,618865,24.824%,-10.038%,rate_change,SFMA-134207352,Approved,2024-08-23,output/pdfs/NV/134207352/filing_summary.pdf,ambest_validated,original,ambest_cross_checked,direct
NV,01/30/2025,State Farm Mutual Automobile Insurance Company,19.0 Personal Auto,19.0002 Motorcycle,15.860%,0.935%,45139,12302,4826799,17.063%,-15.535%,rate_change,SFMA-134207352,Approved,2024-08-23,output/pdfs/NV/134207352/filing_summary.pdf,ambest_validated,original,ambest_cross_checked,direct
NV,01/30/2025,State Farm Fire and Casualty Company,19.0 Personal Auto,19.0003 Recreational Vehicle (RV),33.352%,9.953%,4823,60,48460,20.430%,-0.321%,rate_change,SFMA-134207394,Approved,2024-08-23,output/pdfs/NV/134207394/filing_summary.pdf,ambest_validated,original,ambest_cross_checked,reclassified
NV,01/30/2025,State Farm Mutual Automobile Insurance Company,19.0 Personal Auto,19.0003 Recreational Vehicle (RV),33.352%,9.987%,275821,3997,2761789,24.641%,-3.157%,rate_change,SFMA-134207394,Approved,2024-08-23,output/pdfs/NV/134207394/filing_summary.pdf,ambest_validated,original,ambest_cross_checked,reclassified
NV,01/30/2025,State Farm Fire and Casualty Company,19.0 Personal Auto,19.0003 Recreational Vehicle (RV),44.880%,15.049%,1131,89,7515,25.000%,7.963%,rate_change,SFMA-134207400,Approved,2024-08-23,output/pdfs/NV/134207400/filing_summary.pdf,ambest_validated,original,ambest_cross_checked,reclassified
NV,01/30/2025,State Farm Mutual Automobile Insurance Company,19.0 Personal Auto,19.0003 Recreational Vehicle (RV),44.880%,10.492%,569929,23890,5432068,50.000%,0.000%,rate_change,SFMA-134207400,Approved,2024-08-23,output/pdfs/NV/134207400/filing_summary.pdf,ambest_validated,original,ambest_cross_checked,reclassified
NV,06/10/2025,State Farm Fire and Casualty Company,19.0 Personal Auto,19.0001 Private Passenger Auto (PPA),0.000%,0.000%,0,19632,32973867,22.218%,-29.296%,rate_change,SFMA-134293428,Approved,2025-01-30,output/pdfs/NV/134293428/filing_summary.pdf,ambest_validated,original,ambest_cross_checked,date_relaxed
NV,06/10/2025,State Farm Mutual Automobile Insurance Company,19.0 Personal Auto,19.0001 Private Passenger Auto (PPA),0.000%,0.000%,0,461410,574804392,31.288%,-29.283%,rate_change,SFMA-134293428,Approved,2025-01-30,output/pdfs/NV/134293428/filing_summary.pdf,ambest_validated,original,ambest_cross_checked,date_relaxed
NV,11/15/2025,State Farm Fire and Casualty Company,04.0 Homeowners,04.0005 Other Homeowners,29.236%,24.908%,1227629,10157,4928614,29.493%,15.948%,rate_change,SFMA-134400219,Approved,2025-02-20,output/pdfs/NV/134400219/filing_summary.pdf,ambest_validated,original,ambest_cross_checked,direct
NV,01/02/2026,State Farm Fire and Casualty Company,19.0 Personal Auto,19.0001 Private Passenger Auto (PPA),21.094%,2.861%,987176,20202,34509460,387.674%,-85.971%,rate_change,SFMA-134576755,Approved,2025-07-30,output/pdfs/NV/134576755/filing_summary.pdf,ambest_validated,original,ambest_cross_checked,direct
NV,01/02/2026,State Farm Mutual Automobile Insurance Company,19.0 Personal Auto,19.0001 Private Passenger Auto (PPA),8.538%,2.694%,22650482,464314,840691111,521.639%,-93.331%,rate_change,SFMA-134576755,Approved,2025-07-30,output/pdfs/NV/134576755/filing_summary.pdf,ambest_validated,original,ambest_cross_checked,direct
NV,01/02/2026,State Farm Fire and Casualty Company,19.0 Personal Auto,19.0002 Motorcycle,,-0.001%,-8,1098,650459,27.169%,-22.150%,rate_change,SFMA-134657574,Approved,2025-09-03,output/pdfs/NV/134657574/filing_summary.pdf,ambest_validated,original,ambest_cross_checked,direct
NV,01/02/2026,State Farm Mutual Automobile Insurance Company,19.0 Personal Auto,19.0002 Motorcycle,,0.000%,-8,12013,4813803,29.143%,-23.280%,rate_change,SFMA-134657574,Approved,2025-09-03,output/pdfs/NV/134657574/filing_summary.pdf,ambest_validated,original,ambest_cross_checked,direct
NV,01/02/2026,State Farm Fire and Casualty Company,19.0 Personal Auto,19.0003 Recreational Vehicle (RV),,0.000%,0,93,11416,0.000%,0.000%,rate_change,SFMA-134657690,Approved,2025-09-04,output/pdfs/NV/134657690/filing_summary.pdf,ambest_validated,original,ambest_cross_checked,reclassified
NV,01/02/2026,State Farm Mutual Automobile Insurance Company,19.0 Personal Auto,19.0003 Recreational Vehicle (RV),,0.000%,-15,22159,6226337,0.112%,-0.019%,rate_change,SFMA-134657690,Approved,2025-09-04,output/pdfs/NV/134657690/filing_summary.pdf,pipeline_only,original,pipeline_extracted_in_validated_window,
NV,01/02/2026,State Farm Fire and Casualty Company,19.0 Personal Auto,19.0003 Recreational Vehicle (RV),,0.000%,0,129,100484,25.385%,-14.527%,rate_change,SFMA-134657829,Approved,2025-09-03,output/pdfs/NV/134657829/filing_summary.pdf,ambest_validated,original,ambest_cross_checked,reclassified
NV,01/02/2026,State Farm Mutual Automobile Insurance Company,19.0 Personal Auto,19.0003 Recreational Vehicle (RV),,-0.001%,-35,3383,3157064,21.703%,-19.559%,rate_change,SFMA-134657829,Approved,2025-09-03,output/pdfs/NV/134657829/filing_summary.pdf,ambest_validated,original,ambest_cross_checked,reclassified
NV,02/23/2024,Travelers Property Casualty Insurance Company,04.0 Homeowners,04.0000 Homeowners Sub-TOI Combinations,27.500%,14.469%,7425268,61714,51317960,70.800%,-5.346%,rate_change,TRVD-133837636,Approved,2023-10-25,output/pdfs/NV/133837636/filing_summary.pdf,pipeline_only,extension,pipeline_extracted,
NV,02/16/2025,Travelers Property Casualty Insurance Company,04.0 Homeowners,04.0000 Homeowners Sub-TOI Combinations,1.600%,0.007%,4082,63226,62314056,25.324%,-25.317%,rate_change,TRVD-134105768,Approved,2024-06-03,output/pdfs/NV/134105768/filing_summary.pdf,ambest_validated,extension,ambest_cross_checked,direct
NV,09/26/2025,Travelers Property Casualty Insurance Company,04.0 Homeowners,04.0000 Homeowners Sub-TOI Combinations,21.499%,14.416%,8787343,58932,60957168,27.673%,-11.978%,rate_change,TRVD-G134570380,Approved,2025-07-03,output/pdfs/NV/134594460/filing_summary.pdf,ambest_validated,original,ambest_cross_checked,direct
NM,03/04/2024,Allstate Fire and Casualty Insurance Company,19.0 Personal Auto,19.0001 Private Passenger Auto (PPA),2.700%,2.700%,3325303,42197,123159356,29.500%,-4.600%,rate_change,ALSE-133990584,File & Use With Review,2024-02-12,output/pdfs/NM/133990584/filing_summary.pdf,pipeline_only,extension,pipeline_extracted,
NM,06/03/2024,Allstate Fire and Casualty Insurance Company,19.0 Personal Auto,19.0001 Private Passenger Auto (PPA),0.000%,0.000%,0,0,100860917,0.000%,0.000%,rate_change,ALSE-134108387,File & Use With Review,2024-05-14,output/pdfs/NM/134108387/filing_summary.pdf,pipeline_only,extension,pipeline_extracted,
NM,09/09/2024,Allstate Fire and Casualty Insurance Company,19.0 Personal Auto,19.0001 Private Passenger Auto (PPA),,0.000%,0,42009,127458993,27.200%,-9.000%,rate_change,ALSE-134209197,File & Use With Review,2024-08-12,output/pdfs/NM/134209197/filing_summary.pdf,pipeline_only,extension,pipeline_extracted,
NM,09/09/2024,Allstate Insurance Company,19.0 Personal Auto,19.0001 Private Passenger Auto (PPA),0.000%,0.000%,0,0,8770789,0.000%,0.000%,rate_change,ALSE-134217987,File & Use With Review,2024-08-19,output/pdfs/NM/134217987/filing_summary.pdf,pipeline_only,extension,pipeline_extracted,
NM,09/09/2024,Allstate Property and Casualty Insurance Company,19.0 Personal Auto,19.0001 Private Passenger Auto (PPA),0.000%,0.000%,0,0,1939679,0.000%,0.000%,rate_change,ALSE-134217987,File & Use With Review,2024-08-19,output/pdfs/NM/134217987/filing_summary.pdf,pipeline_only,extension,pipeline_extracted,
NM,09/09/2024,Allstate Indemnity Company,19.0 Personal Auto,19.0001 Private Passenger Auto (PPA),0.000%,0.000%,0,0,8502190,0.000%,0.000%,rate_change,ALSE-134217987,File & Use With Review,2024-08-19,output/pdfs/NM/134217987/filing_summary.pdf,pipeline_only,extension,pipeline_extracted,
NM,11/11/2024,Allstate Insurance Company,04.0 Homeowners,04.0003 Owner Occupied Homeowners,5.300%,5.300%,394241,5153,7438501,6.000%,1.800%,rate_change,ALSE-134280602,File & Use With Review,2024-10-11,output/pdfs/NM/134280602/filing_summary.pdf,pipeline_only,extension,pipeline_extracted,
NM,11/11/2024,Allstate Property and Casualty Insurance Company,04.0 Homeowners,04.0003 Owner Occupied Homeowners,15.900%,15.900%,1391156,5144,8749410,18.400%,11.200%,rate_change,ALSE-134286620,File & Use With Review,2024-10-16,output/pdfs/NM/134286620/filing_summary.pdf,pipeline_only,extension,pipeline_extracted,
NM,11/11/2024,Allstate Indemnity Company,04.0 Homeowners,04.0000 Homeowners Sub-TOI Combinations,11.000%,11.000%,582635,3515,5296684,11.900%,8.200%,rate_change,ALSE-134286662,File & Use With Review,2024-10-16,output/pdfs/NM/134286662/filing_summary.pdf,pipeline_only,extension,pipeline_extracted,
NM,11/11/2024,Allstate Vehicle and Property Insurance Company,04.0 Homeowners,04.0003 Owner Occupied Homeowners,18.900%,18.900%,8567835,32229,45332461,46.100%,-6.800%,rate_change,ALSE-134287264,File & Use With Review,2024-10-17,output/pdfs/NM/134287264/filing_summary.pdf,pipeline_only,extension,pipeline_extracted,
NM,12/16/2024,Allstate Indemnity Company,04.0 Homeowners,04.0002 Mobile Homeowners,8.300%,8.300%,135997,973,1632844,9.600%,5.300%,rate_change,ALSE-134326430,File & Use With Review,2024-11-20,output/pdfs/NM/134326430/filing_summary.pdf,pipeline_only,extension,pipeline_extracted,
NM,12/16/2024,Allstate Insurance Company,04.0 Homeowners,04.0002 Mobile Homeowners,15.800%,15.800%,138255,706,873740,19.000%,4.900%,rate_change,ALSE-134328167,File & Use With Review,2024-11-21,output/pdfs/NM/134328167/filing_summary.pdf,pipeline_only,extension,pipeline_extracted,
NM,03/10/2025,Allstate Fire and Casualty Insurance Company,19.0 Personal Auto,19.0001 Private Passenger Auto (PPA),2.300%,2.300%,2777652,42058,120767471,8.400%,-0.300%,rate_change,ALSE-134422238,File & Use With Review,2025-02-17,output/pdfs/NM/134422238/filing_summary.pdf,ambest_validated,original,ambest_cross_checked,direct
NM,03/10/2025,Allstate Indemnity Company,19.0 Personal Auto,19.0001 Private Passenger Auto (PPA),2.200%,2.200%,42280,920,1921817,4.300%,0.000%,rate_change,ALSE-134422258,File & Use With Review,2025-02-17,output/pdfs/NM/134422258/filing_summary.pdf,ambest_validated,original,ambest_cross_checked,direct
NM,05/05/2025,Allstate Fire and Casualty Insurance Company,19.0 Personal Auto,19.0001 Private Passenger Auto (PPA),0.000%,0.000%,0,0,108352796,0.000%,0.000%,rate_change,ALSE-134494530,File & Use With Review,2025-04-12,output/pdfs/NM/134494530/filing_summary.pdf,ambest_validated,original,ambest_cross_checked,direct
NM,08/07/2025,Allstate North American Insurance Company,04.0 Homeowners,04.0003 Owner Occupied Homeowners,0.000%,-5.000%,-130322,1161,2606445,30.400%,-28.500%,rate_change,ALSE-134614219,File & Use With Review,2025-07-23,output/pdfs/NM/134614219/filing_summary.pdf,ambest_validated,original,ambest_cross_checked,direct
NM,08/18/2025,Allstate Insurance Company,19.0 Personal Auto,19.0001 Private Passenger Auto (PPA),0.000%,0.000%,0,0,8269610,0.000%,0.000%,rate_change,ALSE-134629045,File & Use With Review,2025-08-05,output/pdfs/NM/134629045/filing_summary.pdf,ambest_validated,original,ambest_cross_checked,direct
NM,08/18/2025,Allstate Property and Casualty Insurance Company,19.0 Personal Auto,19.0001 Private Passenger Auto (PPA),0.000%,0.000%,0,0,8151710,0.000%,0.000%,rate_change,ALSE-134629045,File & Use With Review,2025-08-05,output/pdfs/NM/134629045/filing_summary.pdf,ambest_validated,original,ambest_cross_checked,direct
NM,08/18/2025,Allstate Indemnity Company,19.0 Personal Auto,19.0001 Private Passenger Auto (PPA),0.000%,0.000%,0,0,1841586,0.000%,0.000%,rate_change,ALSE-134629045,File & Use With Review,2025-08-05,output/pdfs/NM/134629045/filing_summary.pdf,ambest_validated,original,ambest_cross_checked,direct
NM,08/07/2025,Allstate North American Insurance Company,04.0 Homeowners,04.0003 Owner Occupied Homeowners,0.000%,0.000%,0,1161,2606445,0.000%,0.000%,rate_change,ALSE-134651218,File & Use With Review,2025-08-26,output/pdfs/NM/134651218/filing_summary.pdf,ambest_validated,original,ambest_cross_checked,direct
NM,10/20/2025,Allstate North American Insurance Company,19.0 Personal Auto,19.0001 Private Passenger Auto (PPA),0.000%,-7.000%,-320863,3107,4583751,0.300%,-30.600%,rate_change,ALSE-134689922,File & Use With Review,2025-09-30,output/pdfs/NM/134689922/filing_summary.pdf,ambest_validated,original,ambest_cross_checked,direct
NM,11/17/2025,Allstate Indemnity Company,04.0 Homeowners,04.0000 Homeowners Sub-TOI Combinations,11.500%,11.500%,613313,3175,5333153,12.000%,8.200%,rate_change,ALSE-134706613,File & Use With Review,2025-10-15,output/pdfs/NM/134706613/filing_summary.pdf,ambest_validated,original,ambest_cross_checked,direct
NM,11/17/2025,Allstate Vehicle and Property Insurance Company,04.0 Homeowners,04.0003 Owner Occupied Homeowners,6.200%,6.200%,4224977,32993,68144795,10.700%,1.800%,rate_change,ALSE-134714016,File & Use With Review,2025-10-22,output/pdfs/NM/134714016/filing_summary.pdf,ambest_validated,original,ambest_cross_checked,direct
NM,11/17/2025,Allstate Insurance Company,04.0 Homeowners,04.0000 Homeowners Sub-TOI Combinations,5.200%,5.200%,372059,4657,7154984,5.500%,1.700%,rate_change,ALSE-134714032,File & Use With Review,2025-10-22,output/pdfs/NM/134714032/filing_summary.pdf,ambest_validated,original,ambest_cross_checked,direct
NM,01/12/2026,Allstate Vehicle and Property Insurance Company,04.0 Homeowners,04.0003 Owner Occupied Homeowners,0.000%,0.000%,0,35169,74117120,8.100%,-5.200%,rate_change,ALSE-134774586,File & Use With Review,2025-12-16,output/pdfs/NM/134774586/filing_summary.pdf,ambest_validated,original,ambest_cross_checked,direct
NM,02/02/2026,Allstate Indemnity Company,04.0 Homeowners,04.0002 Mobile Homeowners,17.600%,17.600%,320168,979,1817447,19.800%,9.900%,rate_change,ALSE-134790550,File & Use With Review,2026-01-06,output/pdfs/NM/134790550/filing_summary.pdf,ambest_validated,original,ambest_cross_checked,direct
NM,07/15/2024,Encompass Indemnity Company,19.0 Personal Auto,19.0001 Private Passenger Auto (PPA),0.000%,0.000%,0,0,908405,0.000%,0.000%,rate_change,ALSE-134113978,File & Use With Review,2024-05-17,output/pdfs/NM/134113978/filing_summary.pdf,pipeline_only,extension,pipeline_extracted,
NM,06/23/2025,Encompass Indemnity Company,19.0 Personal Auto,19.0001 Private Passenger Auto (PPA),0.000%,0.000%,0,0,928120,0.000%,0.000%,rate_change,GMMX-134490358,File & Use With Review,2025-04-09,output/pdfs/NM/134490358/filing_summary.pdf,ambest_validated,original,ambest_cross_checked,direct
NM,05/12/2025,Encompass Indemnity Company,19.0 Personal Auto,19.0000 Personal Auto Combinations,10.100%,10.100%,89085,344,882034,34.200%,-4.500%,rate_change,GMMX-134513161,File & Use With Review,2025-04-29,output/pdfs/NM/134513161/filing_summary.pdf,ambest_validated,original,ambest_cross_checked,direct
NM,05/12/2025,Encompass Indemnity Company,04.0 Homeowners,04.0003 Owner Occupied Homeowners,18.600%,18.600%,150536,549,809336,20.800%,7.200%,rate_change,GMMX-134513633,File & Use With Review,2025-04-29,output/pdfs/NM/134513633/filing_summary.pdf,ambest_validated,original,ambest_cross_checked,direct
NM,03/14/2024,GEICO Indemnity Company,19.0 Personal Auto,19.0001 Private Passenger Auto (PPA),0.000%,0.000%,0,2503,9103241,31.300%,-11.400%,rate_change,GECC-133985623,File & Use With Review,2024-02-13,output/pdfs/NM/133985623/filing_summary.pdf,pipeline_only,extension,pipeline_extracted,
NM,03/14/2024,GEICO Casualty Company,19.0 Personal Auto,19.0001 Private Passenger Auto (PPA),0.000%,0.000%,0,33,169459,17.600%,-10.300%,rate_change,GECC-133985623,File & Use With Review,2024-02-13,output/pdfs/NM/133985623/filing_summary.pdf,pipeline_only,extension,pipeline_extracted,
NM,03/14/2024,GEICO General Insurance Company,19.0 Personal Auto,19.0001 Private Passenger Auto (PPA),0.000%,0.000%,0,9723,25241642,42.600%,-14.400%,rate_change,GECC-133985623,File & Use With Review,2024-02-13,output/pdfs/NM/133985623/filing_summary.pdf,pipeline_only,extension,pipeline_extracted,
NM,03/14/2024,Government Employees Insurance Company,19.0 Personal Auto,19.0001 Private Passenger Auto (PPA),0.000%,0.000%,0,5555,15184180,67.300%,-20.900%,rate_change,GECC-133985623,File & Use With Review,2024-02-13,output/pdfs/NM/133985623/filing_summary.pdf,pipeline_only,extension,pipeline_extracted,
NM,03/14/2024,GEICO Advantage Insurance Company,19.0 Personal Auto,19.0001 Private Passenger Auto (PPA),0.000%,0.000%,0,23373,63489072,124.400%,-24.300%,rate_change,GECC-133985623,File & Use With Review,2024-02-13,output/pdfs/NM/133985623/filing_summary.pdf,pipeline_only,extension,pipeline_extracted,
NM,03/14/2024,GEICO Choice Insurance Company,19.0 Personal Auto,19.0001 Private Passenger Auto (PPA),0.000%,0.000%,0,8575,25734654,43.900%,-18.200%,rate_change,GECC-133985623,File & Use With Review,2024-02-13,output/pdfs/NM/133985623/filing_summary.pdf,pipeline_only,extension,pipeline_extracted,
NM,03/14/2024,GEICO Secure Insurance Company,19.0 Personal Auto,19.0001 Private Passenger Auto (PPA),0.000%,0.000%,0,29734,73162886,121.700%,-22.400%,rate_change,GECC-133985623,File & Use With Review,2024-02-13,output/pdfs/NM/133985623/filing_summary.pdf,pipeline_only,extension,pipeline_extracted,
NM,04/11/2024,GEICO Secure Insurance Company,19.0 Personal Auto,19.0001 Private Passenger Auto (PPA),0.000%,-0.700%,-512140,33945,73162886,11.900%,-32.600%,rate_change,GECC-134027727,File & Use With Review,2024-03-15,output/pdfs/NM/134027727/filing_summary.pdf,pipeline_only,extension,pipeline_extracted,
NM,03/06/2025,GEICO Indemnity Company,19.0 Personal Auto,19.0003 Recreational Vehicle (RV),1.400%,0.800%,1159,131,144931,27.700%,-33.700%,rate_change,GECC-134394042,File & Use With Review,2025-02-04,output/pdfs/NM/134394042/filing_summary.pdf,ambest_validated,original,ambest_cross_checked,reclassified
NM,03/06/2025,GEICO General Insurance Company,19.0 Personal Auto,19.0003 Recreational Vehicle (RV),1.400%,0.800%,3489,699,436114,33.300%,-38.800%,rate_change,GECC-134394042,File & Use With Review,2025-02-04,output/pdfs/NM/134394042/filing_summary.pdf,ambest_validated,original,ambest_cross_checked,reclassified
NM,03/06/2025,Government Employees Insurance Company,19.0 Personal Auto,19.0003 Recreational Vehicle (RV),1.400%,0.800%,2583,505,322849,33.980%,-37.030%,rate_change,GECC-134394042,File & Use With Review,2025-02-04,output/pdfs/NM/134394042/filing_summary.pdf,ambest_validated,original,ambest_cross_checked,reclassified
NM,03/06/2025,GEICO Advantage Insurance Company,19.0 Personal Auto,19.0003 Recreational Vehicle (RV),12.600%,2.000%,21115,1669,1055745,149.100%,-58.700%,rate_change,GECC-134394042,File & Use With Review,2025-02-04,output/pdfs/NM/134394042/filing_summary.pdf,ambest_validated,original,ambest_cross_checked,reclassified
NM,03/06/2025,GEICO Choice Insurance Company,19.0 Personal Auto,19.0003 Recreational Vehicle (RV),12.600%,2.000%,5673,315,283656,145.300%,-56.800%,rate_change,GECC-134394042,File & Use With Review,2025-02-04,output/pdfs/NM/134394042/filing_summary.pdf,ambest_validated,original,ambest_cross_checked,reclassified
NM,03/06/2025,GEICO Secure Insurance Company,19.0 Personal Auto,19.0003 Recreational Vehicle (RV),-0.800%,-0.400%,-3359,1238,839750,47.200%,-28.500%,rate_change,GECC-134394042,File & Use With Review,2025-02-04,output/pdfs/NM/134394042/filing_summary.pdf,ambest_validated,original,ambest_cross_checked,reclassified
NM,09/22/2025,GEICO Secure Insurance Company,19.0 Personal Auto,19.0001 Private Passenger Auto (PPA),3.900%,2.500%,2665366,44348,106614632,34.300%,-19.500%,rate_change,GECC-134652522,File & Use With Review,2025-09-19,output/pdfs/NM/134652522/filing_summary.pdf,ambest_validated,original,ambest_cross_checked,direct
NM,02/05/2024,Liberty Mutual Fire Insurance Company,04.0 Homeowners,04.0000 Homeowners Sub-TOI Combinations,32.000%,27.000%,791460,937,2932388,40.290%,21.600%,rate_change,LBPM-133912699,File & Use With Review,2023-12-07,output/pdfs/NM/133912699/filing_summary.pdf,pipeline_only,extension,pipeline_extracted,
NM,01/01/2024,Liberty Insurance Corporation,04.0 Homeowners,04.0000 Homeowners Sub-TOI Combinations,32.000%,27.000%,7632993,12137,28270124,27.800%,14.200%,rate_change,LBPM-133912871,File & Use With Review,2023-12-06,output/pdfs/NM/133912871/filing_summary.pdf,pipeline_only,extension,pipeline_extracted,
NM,01/01/2024,Liberty Mutual Insurance Company,04.0 Homeowners,04.0000 Homeowners Sub-TOI Combinations,32.000%,0.000%,0,0,0,0.000%,0.000%,rate_change,LBPM-133912871,File & Use With Review,2023-12-06,output/pdfs/NM/133912871/filing_summary.pdf,pipeline_only,extension,pipeline_extracted,
NM,01/01/2024,Liberty Mutual Personal Insurance Company,04.0 Homeowners,04.0000 Homeowners Sub-TOI Combinations,32.000%,27.000%,101488,2429,375928,29.500%,0.000%,rate_change,LBPM-133912871,File & Use With Review,2023-12-06,output/pdfs/NM/133912871/filing_summary.pdf,pipeline_only,extension,pipeline_extracted,
NM,01/22/2024,Liberty Mutual Insurance Company,19.0 Personal Auto,19.0000 Personal Auto Combinations,0.000%,0.000%,0,51,93342,0.000%,0.000%,rate_change,LBPM-133915768,File & Use With Review,2023-12-15,output/pdfs/NM/133915768/filing_summary.pdf,pipeline_only,extension,pipeline_extracted,
NM,01/22/2024,Liberty Mutual Personal Insurance Company,19.0 Personal Auto,19.0000 Personal Auto Combinations,0.000%,0.000%,0,10089,23362666,0.000%,0.000%,rate_change,LBPM-133915768,File & Use With Review,2023-12-15,output/pdfs/NM/133915768/filing_summary.pdf,pipeline_only,extension,pipeline_extracted,
NM,02/26/2024,Liberty Insurance Corporation,19.0 Personal Auto,19.0000 Personal Auto Combinations,21.800%,22.000%,7799,5,35404,24.000%,19.200%,rate_change,LBPM-133923739,File & Use With Review,2023-12-18,output/pdfs/NM/133923739/filing_summary.pdf,pipeline_only,extension,pipeline_extracted,
NM,02/26/2024,Liberty Mutual Fire Insurance Company,19.0 Personal Auto,19.0000 Personal Auto Combinations,21.800%,19.900%,367317,408,1842924,25.600%,7.500%,rate_change,LBPM-133923739,File & Use With Review,2023-12-18,output/pdfs/NM/133923739/filing_summary.pdf,pipeline_only,extension,pipeline_extracted,
NM,02/26/2024,The First Liberty Insurance Corporation,19.0 Personal Auto,19.0000 Personal Auto Combinations,21.800%,20.800%,10501,14,50555,25.000%,18.000%,rate_change,LBPM-133923739,File & Use With Review,2023-12-18,output/pdfs/NM/133923739/filing_summary.pdf,pipeline_only,extension,pipeline_extracted,
NM,07/02/2024,Liberty Mutual Insurance Company,19.0 Personal Auto,19.0000 Personal Auto Combinations,-11.200%,-7.000%,-3364,26,48014,-3.900%,13.100%,rate_change,LBPM-134160476,File & Use With Review,2024-06-27,output/pdfs/NM/134160476/filing_summary.pdf,pipeline_only,extension,pipeline_extracted,
NM,07/02/2024,Liberty Mutual Personal Insurance Company,19.0 Personal Auto,19.0000 Personal Auto Combinations,-11.200%,-10.500%,-2651043,8285,25306266,-2.900%,-17.000%,rate_change,LBPM-134160476,File & Use With Review,2024-06-27,output/pdfs/NM/134160476/filing_summary.pdf,pipeline_only,extension,pipeline_extracted,
NM,08/06/2024,Liberty Insurance Corporation,19.0 Personal Auto,19.0000 Personal Auto Combinations,-11.200%,-3.300%,-1342,5,40283,0.000%,-8.600%,rate_change,LBPM-134160588,File & Use With Review,2024-06-27,output/pdfs/NM/134160588/filing_summary.pdf,pipeline_only,extension,pipeline_extracted,
NM,08/06/2024,Liberty Mutual Fire Insurance Company,19.0 Personal Auto,19.0000 Personal Auto Combinations,-11.200%,-7.300%,-114010,323,1568516,0.000%,-20.100%,rate_change,LBPM-134160588,File & Use With Review,2024-06-27,output/pdfs/NM/134160588/filing_summary.pdf,pipeline_only,extension,pipeline_extracted,
NM,08/06/2024,The First Liberty Insurance Corporation,19.0 Personal Auto,19.0000 Personal Auto Combinations,-11.200%,-6.500%,-2986,11,45782,0.000%,-12.400%,rate_change,LBPM-134160588,File & Use With Review,2024-06-27,output/pdfs/NM/134160588/filing_summary.pdf,pipeline_only,extension,pipeline_extracted,
NM,11/18/2024,Liberty Mutual Insurance Company,19.0 Personal Auto,19.0000 Personal Auto Combinations,0.000%,0.000%,0,26,48014,0.000%,0.000%,rate_change,LBPM-134276691,File & Use With Review,2024-10-10,output/pdfs/NM/134276691/filing_summary.pdf,pipeline_only,extension,pipeline_extracted,
NM,11/18/2024,Liberty Mutual Personal Insurance Company,19.0 Personal Auto,19.0000 Personal Auto Combinations,0.000%,0.000%,0,8285,25306266,0.000%,0.000%,rate_change,LBPM-134276691,File & Use With Review,2024-10-10,output/pdfs/NM/134276691/filing_summary.pdf,pipeline_only,extension,pipeline_extracted,
NM,01/09/2025,Liberty Mutual Insurance Company,04.0 Homeowners,04.0000 Homeowners Sub-TOI Combinations,2.100%,-6.200%,-1085,8,17400,-5.700%,-6.500%,rate_change,LBPM-134314003,File & Use With Review,2024-11-18,output/pdfs/NM/134314003/filing_summary.pdf,ambest_validated,original,ambest_cross_checked,direct
NM,01/09/2025,Liberty Mutual Personal Insurance Company,04.0 Homeowners,04.0000 Homeowners Sub-TOI Combinations,2.100%,-6.300%,-22922,179,364804,-4.300%,-6.700%,rate_change,LBPM-134314003,File & Use With Review,2024-11-18,output/pdfs/NM/134314003/filing_summary.pdf,ambest_validated,original,ambest_cross_checked,direct
NM,02/13/2025,Liberty Mutual Fire Insurance Company,04.0 Homeowners,04.0000 Homeowners Sub-TOI Combinations,2.100%,-6.300%,-195097,762,3111067,-5.200%,-9.300%,rate_change,LBPM-134314125,File & Use With Review,2024-11-18,output/pdfs/NM/134314125/filing_summary.pdf,ambest_validated,original,ambest_cross_checked,direct
NM,07/18/2025,Liberty Mutual Insurance Company,19.0 Personal Auto,19.0000 Personal Auto Combinations,0.000%,0.000%,-243,15,29701,7.430%,-19.460%,rate_change,LBPM-134571022,File & Use With Review,2025-06-16,output/pdfs/NM/134571022/filing_summary.pdf,ambest_validated,original,ambest_cross_checked,direct
NM,07/18/2025,Liberty Mutual Personal Insurance Company,19.0 Personal Auto,19.0000 Personal Auto Combinations,0.000%,0.000%,419,8474,22886274,15.560%,-74.610%,rate_change,LBPM-134571022,File & Use With Review,2025-06-16,output/pdfs/NM/134571022/filing_summary.pdf,ambest_validated,original,ambest_cross_checked,direct
NM,11/17/2025,Liberty Mutual Insurance Company,04.0 Homeowners,04.0000 Homeowners Sub-TOI Combinations,0.000%,0.000%,0,54,26844,0.000%,0.000%,rate_change,LBPM-134656574,File & Use With Review,2025-09-03,output/pdfs/NM/134656574/filing_summary.pdf,pipeline_only,original,pipeline_extracted_in_validated_window,
NM,11/17/2025,Liberty Mutual Personal Insurance Company,04.0 Homeowners,04.0000 Homeowners Sub-TOI Combinations,0.000%,0.000%,0,1977,599305,0.000%,0.000%,rate_change,LBPM-134656574,File & Use With Review,2025-09-03,output/pdfs/NM/134656574/filing_summary.pdf,pipeline_only,original,pipeline_extracted_in_validated_window,
NM,02/13/2026,Liberty Mutual Fire Insurance Company,04.0 Homeowners,04.0000 Homeowners Sub-TOI Combinations,4.200%,3.000%,75129,591,2480741,4.510%,2.540%,rate_change,LBPM-134758200,File & Use With Review,2025-12-04,output/pdfs/NM/134758200/filing_summary.pdf,ambest_validated,original,ambest_cross_checked,direct
NM,01/09/2026,Liberty Mutual Insurance Company,04.0 Homeowners,04.0000 Homeowners Sub-TOI Combinations,4.200%,3.100%,5303,80,173604,3.300%,2.800%,rate_change,LBPM-134758580,File & Use With Review,2025-12-04,output/pdfs/NM/134758580/filing_summary.pdf,ambest_validated,original,ambest_cross_checked,direct
NM,01/09/2026,Liberty Mutual Personal Insurance Company,04.0 Homeowners,04.0000 Homeowners Sub-TOI Combinations,4.200%,3.000%,143251,2822,4726797,3.500%,2.100%,rate_change,LBPM-134758580,File & Use With Review,2025-12-04,output/pdfs/NM/134758580/filing_summary.pdf,ambest_validated,original,ambest_cross_checked,direct
NM,03/27/2026,Liberty Mutual Insurance Company,19.0 Personal Auto,19.0000 Personal Auto Combinations,4.000%,4.200%,858,11,20537,5.600%,2.500%,rate_change_disapproved,LBPM-134861413,Disapproved,2026-03-02,output/pdfs/NM/134861413/filing_summary.pdf,pipeline_only,original,pipeline_extracted_in_validated_window,
NM,03/27/2026,Liberty Mutual Personal Insurance Company,19.0 Personal Auto,19.0000 Personal Auto Combinations,4.000%,3.000%,1017819,14025,33777535,8.400%,0.000%,rate_change_disapproved,LBPM-134861413,Disapproved,2026-03-02,output/pdfs/NM/134861413/filing_summary.pdf,pipeline_only,original,pipeline_extracted_in_validated_window,
NM,02/25/2024,"MGA Insurance Company, Inc.",19.0 Personal Auto,19.0001 Private Passenger Auto (PPA),9.200%,9.100%,993217,8022,10910112,39.500%,-14.600%,rate_change,GNSC-134003220,File & Use With Review,2024-02-23,output/pdfs/NM/134003220/filing_summary.pdf,pipeline_only,extension,pipeline_extracted,
NM,04/18/2024,"MGA Insurance Company, Inc.",19.0 Personal Auto,19.0001 Private Passenger Auto (PPA),0.000%,0.000%,-12996,8117,10055393,0.000%,0.000%,rate_change,GNSC-134070488,File & Use With Review,2024-04-17,output/pdfs/NM/134070488/filing_summary.pdf,pipeline_only,extension,pipeline_extracted,
NM,12/06/2024,"MGA Insurance Company, Inc.",19.0 Personal Auto,19.0001 Private Passenger Auto (PPA),9.000%,0.000%,0,7864,14939879,17.400%,-30.800%,rate_change,GNSC-134334623,File & Use With Review,2024-12-04,output/pdfs/NM/134334623/filing_summary.pdf,pipeline_only,extension,pipeline_extracted,
NM,06/20/2025,"MGA Insurance Company, Inc.",19.0 Personal Auto,19.0001 Private Passenger Auto (PPA),-9.700%,-10.600%,-1430107,7811,13504504,24.200%,-43.800%,rate_change,GNSC-134571446,File & Use With Review,2025-06-18,output/pdfs/NM/134571446/filing_summary.pdf,ambest_validated,original,ambest_cross_checked,direct
NM,01/23/2026,"MGA Insurance Company, Inc.",19.0 Personal Auto,19.0001 Private Passenger Auto (PPA),-12.100%,-11.200%,-1214409,7748,10832110,-60.500%,97.600%,rate_change,GNSC-134767424,File & Use With Review,2026-01-21,output/pdfs/NM/134767424/filing_summary.pdf,ambest_validated,original,ambest_cross_checked,direct
NM,03/15/2024,Progressive Casualty Insurance Company,19.0 Personal Auto,19.0001 Private Passenger Auto (PPA),0.000%,0.000%,0,91,295184,0.000%,0.000%,rate_change,PRGS-134031926,File & Use With Review,2024-03-14,output/pdfs/NM/134031926/filing_summary.pdf,pipeline_only,extension,pipeline_extracted,
NM,03/15/2024,Progressive Direct Insurance Company,19.0 Personal Auto,19.0001 Private Passenger Auto (PPA),0.000%,0.000%,0,98329,203186617,0.000%,0.000%,rate_change,PRGS-134031926,File & Use With Review,2024-03-14,output/pdfs/NM/134031926/filing_summary.pdf,pipeline_only,extension,pipeline_extracted,
NM,03/15/2024,Progressive Northern Insurance Company,19.0 Personal Auto,19.0001 Private Passenger Auto (PPA),0.000%,0.000%,0,63211,161863513,0.000%,0.000%,rate_change,PRGS-134031926,File & Use With Review,2024-03-14,output/pdfs/NM/134031926/filing_summary.pdf,pipeline_only,extension,pipeline_extracted,
NM,03/15/2024,Progressive Preferred Insurance Company,19.0 Personal Auto,19.0001 Private Passenger Auto (PPA),0.000%,0.000%,0,475,1404748,0.000%,0.000%,rate_change,PRGS-134031926,File & Use With Review,2024-03-14,output/pdfs/NM/134031926/filing_summary.pdf,pipeline_only,extension,pipeline_extracted,
NM,05/10/2024,Progressive Casualty Insurance Company,19.0 Personal Auto,19.0001 Private Passenger Auto (PPA),-5.600%,-1.900%,-4470,92,239789,0.700%,-9.000%,rate_change,PRGS-134054508,File & Use With Review,2024-05-09,output/pdfs/NM/134054508/filing_summary.pdf,pipeline_only,extension,pipeline_extracted,
NM,05/10/2024,Progressive Direct Insurance Company,19.0 Personal Auto,19.0001 Private Passenger Auto (PPA),-1.400%,0.000%,-2792,102325,216881869,9.900%,-5.600%,rate_change,PRGS-134054508,File & Use With Review,2024-05-09,output/pdfs/NM/134054508/filing_summary.pdf,pipeline_only,extension,pipeline_extracted,
NM,05/10/2024,Progressive Northern Insurance Company,19.0 Personal Auto,19.0001 Private Passenger Auto (PPA),-5.600%,-2.800%,-4060259,63651,144828955,7.500%,-15.000%,rate_change,PRGS-134054508,File & Use With Review,2024-05-09,output/pdfs/NM/134054508/filing_summary.pdf,pipeline_only,extension,pipeline_extracted,
NM,05/10/2024,Progressive Preferred Insurance Company,19.0 Personal Auto,19.0001 Private Passenger Auto (PPA),-5.600%,-2.200%,-25052,464,1114353,4.600%,-9.500%,rate_change,PRGS-134054508,File & Use With Review,2024-05-09,output/pdfs/NM/134054508/filing_summary.pdf,pipeline_only,extension,pipeline_extracted,
NM,01/24/2025,Progressive Casualty Insurance Company,19.0 Personal Auto,19.0001 Private Passenger Auto (PPA),-8.600%,-5.500%,-13290,92,243492,34.300%,-29.800%,rate_change,PRGS-134348046,File & Use With Review,2025-01-23,output/pdfs/NM/134348046/filing_summary.pdf,ambest_validated,original,ambest_cross_checked,direct
NM,01/24/2025,Progressive Direct Insurance Company,19.0 Personal Auto,19.0001 Private Passenger Auto (PPA),-6.200%,0.000%,-95481,105202,222574274,128.100%,-38.700%,rate_change,PRGS-134348046,File & Use With Review,2025-01-23,output/pdfs/NM/134348046/filing_summary.pdf,ambest_validated,original,ambest_cross_checked,direct
NM,01/24/2025,Progressive Northern Insurance Company,19.0 Personal Auto,19.0001 Private Passenger Auto (PPA),-8.600%,-2.100%,-3002770,64093,146150249,89.000%,-48.800%,rate_change,PRGS-134348046,File & Use With Review,2025-01-23,output/pdfs/NM/134348046/filing_summary.pdf,ambest_validated,original,ambest_cross_checked,direct
NM,01/24/2025,Progressive Preferred Insurance Company,19.0 Personal Auto,19.0001 Private Passenger Auto (PPA),-8.600%,1.400%,15455,455,1101540,33.100%,-27.000%,rate_change,PRGS-134348046,File & Use With Review,2025-01-23,output/pdfs/NM/134348046/filing_summary.pdf,ambest_validated,original,ambest_cross_checked,direct
NM,10/10/2025,Progressive Direct Insurance Company,19.0 Personal Auto,19.0003 Recreational Vehicle (RV),8.900%,6.100%,656375,18176,10760245,12.400%,-1.800%,rate_change,PRGS-134641885,File & Use With Review,2025-09-02,output/pdfs/NM/134641885/filing_summary.pdf,ambest_validated,original,ambest_cross_checked,reclassified
NM,08/29/2025,Progressive Casualty Insurance Company,19.0 Personal Auto,19.0001 Private Passenger Auto (PPA),-7.600%,-8.500%,-19709,83,230824,-1.300%,-23.400%,rate_change,PRGS-134642589,File & Use With Review,2025-08-28,output/pdfs/NM/134642589/filing_summary.pdf,ambest_validated,original,ambest_cross_checked,direct
NM,08/29/2025,Progressive Direct Insurance Company,19.0 Personal Auto,19.0001 Private Passenger Auto (PPA),-2.900%,-0.500%,-1307976,121648,257201321,24.000%,-17.100%,rate_change,PRGS-134642589,File & Use With Review,2025-08-28,output/pdfs/NM/134642589/filing_summary.pdf,ambest_validated,original,ambest_cross_checked,direct
NM,08/29/2025,Progressive Northern Insurance Company,19.0 Personal Auto,19.0001 Private Passenger Auto (PPA),-7.600%,-2.800%,-4318663,67332,154925920,18.100%,-26.900%,rate_change,PRGS-134642589,File & Use With Review,2025-08-28,output/pdfs/NM/134642589/filing_summary.pdf,ambest_validated,original,ambest_cross_checked,direct
NM,08/29/2025,Progressive Preferred Insurance Company,19.0 Personal Auto,19.0001 Private Passenger Auto (PPA),-7.600%,-7.500%,-76837,419,1026481,12.300%,-22.500%,rate_change,PRGS-134642589,File & Use With Review,2025-08-28,output/pdfs/NM/134642589/filing_summary.pdf,ambest_validated,original,ambest_cross_checked,direct
NM,12/19/2025,Progressive Casualty Insurance Company,19.0 Personal Auto,19.0001 Private Passenger Auto (PPA),-9.200%,-6.900%,-16750,92,243457,-2.500%,-9.900%,rate_change,PRGS-134749112,File & Use With Review,2025-12-18,output/pdfs/NM/134749112/filing_summary.pdf,ambest_validated,original,ambest_cross_checked,direct
NM,12/19/2025,Progressive Direct Insurance Company,19.0 Personal Auto,19.0001 Private Passenger Auto (PPA),-4.900%,-1.900%,-4200780,105181,222476700,1.900%,-6.300%,rate_change,PRGS-134749112,File & Use With Review,2025-12-18,output/pdfs/NM/134749112/filing_summary.pdf,ambest_validated,original,ambest_cross_checked,direct
NM,12/19/2025,Progressive Northern Insurance Company,19.0 Personal Auto,19.0001 Private Passenger Auto (PPA),-9.200%,-7.100%,-10399755,64079,146018053,-1.300%,-12.600%,rate_change,PRGS-134749112,File & Use With Review,2025-12-18,output/pdfs/NM/134749112/filing_summary.pdf,ambest_validated,original,ambest_cross_checked,direct
NM,12/19/2025,Progressive Preferred Insurance Company,19.0 Personal Auto,19.0001 Private Passenger Auto (PPA),-9.200%,-6.500%,-72059,455,1101243,-2.800%,-10.100%,rate_change,PRGS-134749112,File & Use With Review,2025-12-18,output/pdfs/NM/134749112/filing_summary.pdf,ambest_validated,original,ambest_cross_checked,direct
NM,03/05/2024,Safeco Insurance Company of America,04.0 Homeowners,04.0000 Homeowners Sub-TOI Combinations,34.000%,30.300%,9355910,13420,30875074,33.700%,0.900%,rate_change,LBPM-133977587,File & Use With Review,2024-02-02,output/pdfs/NM/133977587/filing_summary.pdf,pipeline_only,extension,pipeline_extracted,
NM,04/19/2024,Safeco Insurance Company of America,19.0 Personal Auto,19.0000 Personal Auto Combinations,21.500%,21.000%,8391587,16040,39942262,28.000%,1.000%,rate_change,LBPM-133982853,File & Use With Review,2024-02-07,output/pdfs/NM/133982853/filing_summary.pdf,pipeline_only,extension,pipeline_extracted,
NM,08/06/2024,Safeco Insurance Company of America,19.0 Personal Auto,19.0000 Personal Auto Combinations,-6.100%,-10.000%,-4569788,15144,45822088,0.000%,-19.200%,rate_change,LBPM-134145620,File & Use With Review,2024-06-13,output/pdfs/NM/134145620/filing_summary.pdf,pipeline_only,extension,pipeline_extracted,
NM,04/19/2025,Safeco Insurance Company of America,19.0 Personal Auto,19.0000 Personal Auto Combinations,0.000%,0.000%,-11267,11780,32446765,24.500%,-19.700%,rate_change,LBPM-134397565,File & Use With Review,2025-02-03,output/pdfs/NM/134397565/filing_summary.pdf,ambest_validated,original,ambest_cross_checked,direct
NM,03/12/2026,Safeco Insurance Company of America,04.0 Homeowners,04.0000 Homeowners Sub-TOI Combinations,10.100%,3.000%,784538,7487,26239345,3.100%,1.900%,rate_change,LBPM-134783263,File & Use With Review,2025-12-24,output/pdfs/NM/134783263/filing_summary.pdf,ambest_validated,original,ambest_cross_checked,direct
NM,01/01/2024,State Farm Fire and Casualty Company,19.0 Personal Auto,19.0001 Private Passenger Auto (PPA),0.000%,0.000%,0,15050,20485620,23.500%,-24.000%,rate_change,SFMA-133807566,File & Use With Review,2023-10-17,output/pdfs/NM/133807566/filing_summary.pdf,pipeline_only,extension,pipeline_extracted,
NM,01/01/2024,State Farm Mutual Automobile Insurance Company,19.0 Personal Auto,19.0001 Private Passenger Auto (PPA),0.000%,0.000%,0,397514,304287317,20.800%,-20.600%,rate_change,SFMA-133807566,File & Use With Review,2023-10-17,output/pdfs/NM/133807566/filing_summary.pdf,pipeline_only,extension,pipeline_extracted,
NM,03/01/2024,State Farm Fire and Casualty Company,04.0 Homeowners,04.0000 Homeowners Sub-TOI Combinations,,9.700%,12870134,142862,133162559,15.500%,0.000%,rate_change,SFMA-133947505,File & Use With Review,2024-01-17,output/pdfs/NM/133947505/filing_summary.pdf,pipeline_only,extension,pipeline_extracted,
NM,04/22/2024,State Farm Fire and Casualty Company,19.0 Personal Auto,19.0000 Personal Auto Combinations,,6.700%,1764571,16751,26191300,17.900%,-2.000%,rate_change,SFMA-133966121,File & Use With Review,2024-02-14,output/pdfs/NM/133966121/filing_summary.pdf,pipeline_only,extension,pipeline_extracted,
NM,04/22/2024,State Farm Mutual Automobile Insurance Company,19.0 Personal Auto,19.0000 Personal Auto Combinations,,7.200%,30386407,458115,424475776,19.000%,-2.500%,rate_change,SFMA-133966121,File & Use With Review,2024-02-14,output/pdfs/NM/133966121/filing_summary.pdf,pipeline_only,extension,pipeline_extracted,
NM,08/01/2024,State Farm Fire and Casualty Company,19.0 Personal Auto,19.0002 Motorcycle,0.000%,0.000%,0,1424,681609,10.000%,-9.500%,rate_change,SFMA-134076527,File & Use With Review,2024-05-22,output/pdfs/NM/134076527/filing_summary.pdf,pipeline_only,extension,pipeline_extracted,
NM,08/01/2024,State Farm Mutual Automobile Insurance Company,19.0 Personal Auto,19.0002 Motorcycle,0.000%,0.000%,0,12633,3466761,9.500%,-9.000%,rate_change,SFMA-134076527,File & Use With Review,2024-05-22,output/pdfs/NM/134076527/filing_summary.pdf,pipeline_only,extension,pipeline_extracted,
NM,10/07/2024,State Farm Fire and Casualty Company,19.0 Personal Auto,19.0000 Personal Auto Combinations,,3.700%,1107556,17573,29788983,16.000%,-1.200%,rate_change,SFMA-134179096,File & Use With Review,2024-08-08,output/pdfs/NM/134179096/filing_summary.pdf,pipeline_only,extension,pipeline_extracted,
NM,10/07/2024,State Farm Mutual Automobile Insurance Company,19.0 Personal Auto,19.0000 Personal Auto Combinations,,3.200%,14846422,469783,468472056,16.000%,-2.900%,rate_change,SFMA-134179096,File & Use With Review,2024-08-08,output/pdfs/NM/134179096/filing_summary.pdf,pipeline_only,extension,pipeline_extracted,
NM,04/15/2025,State Farm Fire and Casualty Company,19.0 Personal Auto,19.0001 Private Passenger Auto (PPA),0.000%,0.000%,0,17621,30592463,22.100%,-18.900%,rate_change,SFMA-134294039,File & Use With Review,2025-01-28,output/pdfs/NM/134294039/filing_summary.pdf,ambest_validated,original,ambest_cross_checked,direct
NM,04/15/2025,State Farm Mutual Automobile Insurance Company,19.0 Personal Auto,19.0001 Private Passenger Auto (PPA),0.000%,0.000%,0,476034,490040250,20.000%,-18.200%,rate_change,SFMA-134294039,File & Use With Review,2025-01-28,output/pdfs/NM/134294039/filing_summary.pdf,ambest_validated,original,ambest_cross_checked,direct
NM,01/01/2025,State Farm Fire and Casualty Company,04.0 Homeowners,04.0005 Other Homeowners,,16.600%,2738303,19624,16513321,21.400%,0.000%,rate_change,SFMA-134295579,File & Use With Review,2024-10-29,output/pdfs/NM/134295579/filing_summary.pdf,ambest_validated,original,ambest_cross_checked,direct
NM,04/21/2025,State Farm Fire and Casualty Company,19.0 Personal Auto,19.0000 Personal Auto Combinations,,-0.100%,-29700,17621,30592463,37.800%,-13.700%,rate_change,SFMA-134369514,File & Use With Review,2025-01-09,output/pdfs/NM/134369514/filing_summary.pdf,ambest_validated,original,ambest_cross_checked,direct
NM,04/21/2025,State Farm Mutual Automobile Insurance Company,19.0 Personal Auto,19.0000 Personal Auto Combinations,,-1.400%,-6636957,476034,490040250,158.400%,-15.900%,rate_change,SFMA-134369514,File & Use With Review,2025-01-09,output/pdfs/NM/134369514/filing_summary.pdf,ambest_validated,original,ambest_cross_checked,direct
NM,04/01/2025,State Farm Fire and Casualty Company,04.0 Homeowners,04.0002 Mobile Homeowners,,0.000%,-2109,8631,9123557,0.800%,-2.900%,rate_change,SFMA-134394212,File & Use With Review,2025-02-07,output/pdfs/NM/134394212/filing_summary.pdf,ambest_validated,original,ambest_cross_checked,direct
NM,03/15/2025,State Farm Fire and Casualty Company,04.0 Homeowners,04.0000 Homeowners Sub-TOI Combinations,,4.500%,7197471,150410,158634713,93.800%,-22.600%,rate_change,SFMA-134400419,File & Use With Review,2025-02-07,output/pdfs/NM/134400419/filing_summary.pdf,ambest_validated,original,ambest_cross_checked,direct
NM,04/21/2025,State Farm Fire and Casualty Company,19.0 Personal Auto,19.0000 Personal Auto Combinations,,0.000%,3148,17621,30595611,1.800%,0.700%,rate_change,SFMA-134419736,File & Use With Review,2025-02-14,output/pdfs/NM/134419736/filing_summary.pdf,ambest_validated,original,ambest_cross_checked,direct
NM,04/21/2025,State Farm Mutual Automobile Insurance Company,19.0 Personal Auto,19.0000 Personal Auto Combinations,,0.000%,92607,476034,490132857,2.800%,-0.800%,rate_change,SFMA-134419736,File & Use With Review,2025-02-14,output/pdfs/NM/134419736/filing_summary.pdf,ambest_validated,original,ambest_cross_checked,direct
NM,09/15/2025,State Farm Fire and Casualty Company,04.0 Homeowners,04.0000 Homeowners Sub-TOI Combinations,,0.000%,0,152584,164970936,0.000%,0.000%,rate_change,SFMA-134606450,File & Use With Review,2025-08-11,output/pdfs/NM/134606450/filing_summary.pdf,ambest_validated,original,ambest_cross_checked,direct
NM,11/15/2025,State Farm Fire and Casualty Company,04.0 Homeowners,04.0002 Mobile Homeowners,,15.100%,1536746,9244,10177117,22.100%,-6.500%,rate_change,SFMA-134693034,File & Use With Review,2025-10-07,output/pdfs/NM/134693034/filing_summary.pdf,ambest_validated,original,ambest_cross_checked,direct
NM,11/10/2025,State Farm Fire and Casualty Company,19.0 Personal Auto,19.0000 Personal Auto Combinations,,-15.200%,-4188319,14397,27621127,-1.900%,-26.600%,rate_change,SFMA-134703558,File & Use With Review,2025-10-14,output/pdfs/NM/134703558/filing_summary.pdf,ambest_validated,original,ambest_cross_checked,direct
NM,11/10/2025,State Farm Mutual Automobile Insurance Company,19.0 Personal Auto,19.0000 Personal Auto Combinations,,-8.600%,-41929845,490552,486996977,13.300%,-25.900%,rate_change,SFMA-134703558,File & Use With Review,2025-10-14,output/pdfs/NM/134703558/filing_summary.pdf,ambest_validated,original,ambest_cross_checked,direct
NM,04/06/2026,State Farm Fire and Casualty Company,19.0 Personal Auto,19.0000 Personal Auto Combinations,,1.200%,239541,13306,20737333,60.900%,-46.400%,rate_change,SFMA-134810677,File & Use With Review,2026-01-30,output/pdfs/NM/134810677/filing_summary.pdf,ambest_validated,original,ambest_cross_checked,direct
NM,04/06/2026,State Farm Mutual Automobile Insurance Company,19.0 Personal Auto,19.0000 Personal Auto Combinations,,-0.800%,-3731940,493455,450887261,62.900%,-49.500%,rate_change,SFMA-134810677,File & Use With Review,2026-01-30,output/pdfs/NM/134810677/filing_summary.pdf,ambest_validated,original,ambest_cross_checked,direct
NM,05/11/2024,The Travelers Home and Marine Insurance Company,04.0 Homeowners,04.0000 Homeowners Sub-TOI Combinations,8.500%,6.800%,875484,7749,12874769,11.300%,0.000%,rate_change,TRVD-134003616,File & Use With Review,2024-02-27,output/pdfs/NM/134003616/filing_summary.pdf,pipeline_only,extension,pipeline_extracted,
NM,05/11/2024,Travelers Commercial Insurance Company,04.0 Homeowners,04.0000 Homeowners Sub-TOI Combinations,8.500%,7.300%,30863,357,422776,10.000%,3.000%,rate_change,TRVD-134003616,File & Use With Review,2024-02-27,output/pdfs/NM/134003616/filing_summary.pdf,pipeline_only,extension,pipeline_extracted,
NM,02/28/2025,Travelers Personal Insurance Company,04.0 Homeowners,04.0000 Homeowners Sub-TOI Combinations,,0.000%,0,27859,46814316,20.600%,-18.100%,rate_change,TRVD-G134414176,File & Use With Review,2025-02-12,output/pdfs/NM/134415411/filing_summary.pdf,ambest_validated,original,ambest_cross_checked,direct
NM,06/10/2025,Allstate North American Insurance Company,19.0 Personal Auto,19.0001 Private Passenger Auto (PPA),0.000%,0.000%,0,,0,4.100%,-1.100%,rate_change,ALSE-134500230,File & Use With Review,2025-04-17,output/pdfs/NM/134500230/filing_summary.pdf,pipeline_only,original,pipeline_extracted_in_validated_window,
GA,09/09/2024,Allstate Vehicle and Property Insurance Company,04.0 Homeowners,04.0003 Owner Occupied Homeowners,29.600%,19.900%,87786599,260610,441138688,29.900%,13.400%,rate_change,ALSE-133963434,Acknowledged,2024-01-23,output/pdfs/GA/133963434/filing_summary.pdf,pipeline_only,extension,pipeline_extracted,
GA,04/29/2024,Allstate Property and Casualty Insurance Company,19.0 Personal Auto,19.0001 Private Passenger Auto (PPA),18.800%,15.800%,179917243,322740,1138716726,28.600%,1.800%,rate_change,ALSE-134011252,Filed,2024-02-27,output/pdfs/GA/134011252/filing_summary.pdf,pipeline_only,extension,pipeline_extracted,
GA,05/27/2024,Allstate Insurance Company,19.0 Personal Auto,19.0001 Private Passenger Auto (PPA),3.600%,3.600%,3312298,28660,92008271,10.200%,0.000%,rate_change,ALSE-134047596,Filed,2024-03-27,output/pdfs/GA/134047596/filing_summary.pdf,pipeline_only,extension,pipeline_extracted,
GA,05/27/2024,Allstate Fire and Casualty Insurance Company,19.0 Personal Auto,19.0001 Private Passenger Auto (PPA),4.300%,4.300%,7526089,46669,175025337,8.500%,0.000%,rate_change,ALSE-134049478,Filed,2024-03-28,output/pdfs/GA/134049478/filing_summary.pdf,pipeline_only,extension,pipeline_extracted,
GA,08/05/2024,Allstate Property and Casualty Insurance Company,19.0 Personal Auto,19.0001 Private Passenger Auto (PPA),0.000%,0.000%,0,0,858042935,0.000%,0.000%,rate_change_pending,ALSE-134143152,Received,2024-06-12,output/pdfs/GA/134143152/filing_summary.pdf,pipeline_only,extension,pipeline_extracted,
GA,10/14/2024,Allstate Insurance Company,19.0 Personal Auto,19.0001 Private Passenger Auto (PPA),0.000%,0.000%,0,0,84941924,0.000%,0.000%,rate_change_pending,ALSE-134217949,Received,2024-08-21,output/pdfs/GA/134217949/filing_summary.pdf,pipeline_only,extension,pipeline_extracted,
GA,10/14/2024,Allstate Fire and Casualty Insurance Company,19.0 Personal Auto,19.0001 Private Passenger Auto (PPA),0.000%,0.000%,0,0,160531903,0.000%,0.000%,rate_change_pending,ALSE-134217949,Received,2024-08-21,output/pdfs/GA/134217949/filing_summary.pdf,pipeline_only,extension,pipeline_extracted,
GA,10/14/2024,Allstate Indemnity Company,19.0 Personal Auto,19.0001 Private Passenger Auto (PPA),0.000%,0.000%,0,0,2086208,0.000%,0.000%,rate_change_pending,ALSE-134217949,Received,2024-08-21,output/pdfs/GA/134217949/filing_summary.pdf,pipeline_only,extension,pipeline_extracted,
GA,10/14/2024,Allstate Northbrook Indemnity Company,19.0 Personal Auto,19.0001 Private Passenger Auto (PPA),0.000%,0.000%,0,0,10110671,0.000%,0.000%,rate_change_pending,ALSE-134217949,Received,2024-08-21,output/pdfs/GA/134217949/filing_summary.pdf,pipeline_only,extension,pipeline_extracted,
GA,11/11/2024,Allstate Property and Casualty Insurance Company,19.0 Personal Auto,19.0001 Private Passenger Auto (PPA),13.400%,9.900%,131407235,322656,1327345811,59.900%,-2.700%,rate_change,ALSE-134243354,Filed,2024-09-10,output/pdfs/GA/134243354/filing_summary.pdf,pipeline_only,extension,pipeline_extracted,
GA,02/17/2025,Allstate Insurance Company,04.0 Homeowners,04.0001 Condominium Homeowners,40.000%,24.900%,229030,1166,919691,29.400%,8.300%,rate_change,ALSE-134255227,Acknowledged,2024-09-19,output/pdfs/GA/134255227/filing_summary.pdf,ambest_validated,original,ambest_cross_checked,date_relaxed
GA,02/17/2025,Allstate Indemnity Company,04.0 Homeowners,04.0001 Condominium Homeowners,54.700%,24.900%,905220,4747,3622816,34.700%,12.300%,rate_change,ALSE-134255248,Acknowledged,2024-09-19,output/pdfs/GA/134255248/filing_summary.pdf,ambest_validated,original,ambest_cross_checked,date_relaxed
GA,02/17/2025,Allstate Vehicle and Property Insurance Company,04.0 Homeowners,04.0001 Condominium Homeowners,73.100%,24.900%,2283982,11376,9171785,30.200%,9.200%,rate_change,ALSE-134255284,Acknowledged,,output/pdfs/GA/134255284/filing_summary.pdf,ambest_validated,original,ambest_cross_checked,date_relaxed
GA,12/02/2024,Allstate Insurance Company,19.0 Personal Auto,19.0001 Private Passenger Auto (PPA),1.300%,1.300%,1205884,27327,92760282,10.700%,-12.500%,rate_change,ALSE-134269695,Filed,2024-10-02,output/pdfs/GA/134269695/filing_summary.pdf,pipeline_only,extension,pipeline_extracted,
GA,05/19/2025,Allstate Property and Casualty Insurance Company,04.0 Homeowners,04.0003 Owner Occupied Homeowners,18.900%,9.900%,6271620,27784,63349701,12.800%,7.500%,rate_change,ALSE-134383250,Acknowledged,2025-01-16,output/pdfs/GA/134383250/filing_summary.pdf,ambest_validated,original,ambest_cross_checked,direct
GA,05/19/2025,Allstate Indemnity Company,04.0 Homeowners,04.0003 Owner Occupied Homeowners,25.900%,12.900%,1937626,6785,15020355,15.600%,9.900%,rate_change,ALSE-134383342,Acknowledged,2025-01-16,output/pdfs/GA/134383342/filing_summary.pdf,ambest_validated,original,ambest_cross_checked,direct
GA,05/19/2025,Allstate Fire and Casualty Insurance Company,04.0 Homeowners,04.0003 Owner Occupied Homeowners,22.500%,12.900%,4598728,14294,35649056,19.000%,8.700%,rate_change,ALSE-134383358,Acknowledged,,output/pdfs/GA/134383358/filing_summary.pdf,ambest_validated,original,ambest_cross_checked,direct
GA,05/19/2025,Allstate Insurance Company,04.0 Homeowners,04.0003 Owner Occupied Homeowners,24.000%,9.900%,6204338,30833,62670082,12.300%,6.400%,rate_change,ALSE-134383361,Acknowledged,2025-01-16,output/pdfs/GA/134383361/filing_summary.pdf,ambest_validated,original,ambest_cross_checked,direct
GA,05/12/2025,Allstate Property and Casualty Insurance Company,19.0 Personal Auto,19.0001 Private Passenger Auto (PPA),9.100%,7.400%,104763489,293823,1415722818,29.300%,-1.000%,rate_change_pending,ALSE-134449748,Received,,output/pdfs/GA/134449748/filing_summary.pdf,ambest_validated,original,ambest_cross_checked,direct
GA,09/22/2025,Allstate Vehicle and Property Insurance Company,04.0 Homeowners,04.0003 Owner Occupied Homeowners,14.900%,12.400%,74531343,306116,601059216,25.000%,2.800%,rate_change,ALSE-134450768,Acknowledged,2025-03-12,output/pdfs/GA/134450768/filing_summary.pdf,ambest_validated,original,ambest_cross_checked,direct
GA,05/13/2025,Allstate North American Insurance Company,19.0 Personal Auto,19.0001 Private Passenger Auto (PPA),7.700%,4.500%,7703823,45750,171196058,20.000%,-0.900%,rate_change_pending,ALSE-134458966,Received,2025-03-14,output/pdfs/GA/134458966/filing_summary.pdf,ambest_validated,original,ambest_cross_checked,direct
GA,07/07/2025,Allstate Northbrook Indemnity Company,19.0 Personal Auto,19.0001 Private Passenger Auto (PPA),52.600%,12.300%,819539,2361,6662915,14.200%,0.000%,rate_change,ALSE-134474838,Approved,,output/pdfs/GA/134474838/filing_summary.pdf,ambest_validated,original,ambest_cross_checked,direct
GA,07/07/2025,Allstate Northbrook Indemnity Company,19.0 Personal Auto,19.0001 Private Passenger Auto (PPA),40.200%,9.900%,1013438,2361,10236744,16.100%,1.300%,rate_change_pending,ALSE-134475035,Received,,output/pdfs/GA/134475035/filing_summary.pdf,ambest_validated,original,ambest_cross_checked,direct
GA,07/07/2025,Allstate Indemnity Company,19.0 Personal Auto,19.0001 Private Passenger Auto (PPA),88.100%,20.200%,298639,564,1478410,22.500%,0.000%,rate_change,ALSE-134475529,Approved,2025-03-27,output/pdfs/GA/134475529/filing_summary.pdf,ambest_validated,original,ambest_cross_checked,direct
GA,07/07/2025,Allstate Indemnity Company,19.0 Personal Auto,19.0001 Private Passenger Auto (PPA),47.300%,14.900%,333413,564,2237673,22.000%,0.000%,rate_change_pending,ALSE-134475551,Received,2025-03-27,output/pdfs/GA/134475551/filing_summary.pdf,ambest_validated,original,ambest_cross_checked,direct
GA,06/09/2025,Allstate Property and Casualty Insurance Company,19.0 Personal Auto,19.0001 Private Passenger Auto (PPA),0.000%,0.000%,0,0,1026030931,0.000%,0.000%,rate_change_pending,ALSE-134493977,Received,,output/pdfs/GA/134493977/filing_summary.pdf,ambest_validated,original,ambest_cross_checked,direct
GA,11/24/2025,Allstate Insurance Company,04.0 Homeowners,04.0002 Mobile Homeowners,20.600%,14.900%,266653,2389,1789454,16.100%,5.600%,rate_change,ALSE-134505145,Acknowledged,2025-04-22,output/pdfs/GA/134505145/filing_summary.pdf,ambest_validated,original,ambest_cross_checked,direct
GA,11/24/2025,Allstate Indemnity Company,04.0 Homeowners,04.0002 Mobile Homeowners,24.900%,14.900%,1860122,10564,12481782,17.800%,7.300%,rate_change,ALSE-134505218,Acknowledged,2025-04-22,output/pdfs/GA/134505218/filing_summary.pdf,ambest_validated,original,ambest_cross_checked,direct
GA,11/24/2025,Allstate Insurance Company,04.0 Homeowners,04.0004 Tenant Homeowners,9.300%,9.300%,1117544,59547,12011548,10.100%,4.200%,rate_change,ALSE-134505274,Acknowledged,2025-04-22,output/pdfs/GA/134505274/filing_summary.pdf,ambest_validated,original,ambest_cross_checked,direct
GA,07/22/2025,Allstate North American Insurance Company,19.0 Personal Auto,19.0001 Private Passenger Auto (PPA),,0.000%,0,70620,284363873,0.200%,-2.200%,rate_change,ALSE-134546946,Filed,2025-05-23,output/pdfs/GA/134546946/filing_summary.pdf,ambest_validated,original,ambest_cross_checked,direct
GA,10/20/2025,Allstate Insurance Company,19.0 Personal Auto,19.0001 Private Passenger Auto (PPA),0.000%,0.000%,0,0,87596757,0.000%,0.000%,rate_change_pending,ALSE-134645688,Received,,output/pdfs/GA/134645688/filing_summary.pdf,ambest_validated,original,ambest_cross_checked,direct
GA,10/20/2025,Allstate Fire and Casualty Insurance Company,19.0 Personal Auto,19.0001 Private Passenger Auto (PPA),0.000%,0.000%,0,0,163261190,0.000%,0.000%,rate_change_pending,ALSE-134645688,Received,,output/pdfs/GA/134645688/filing_summary.pdf,ambest_validated,original,ambest_cross_checked,direct
GA,10/20/2025,Allstate Indemnity Company,19.0 Personal Auto,19.0001 Private Passenger Auto (PPA),0.000%,0.000%,0,0,1868852,0.000%,0.000%,rate_change_pending,ALSE-134645688,Received,,output/pdfs/GA/134645688/filing_summary.pdf,ambest_validated,original,ambest_cross_checked,direct
GA,10/20/2025,Allstate Northbrook Indemnity Company,19.0 Personal Auto,19.0001 Private Passenger Auto (PPA),0.000%,0.000%,0,0,8305060,0.000%,0.000%,rate_change_pending,ALSE-134645688,Received,,output/pdfs/GA/134645688/filing_summary.pdf,ambest_validated,original,ambest_cross_checked,direct
GA,10/21/2025,Allstate North American Insurance Company,19.0 Personal Auto,19.0001 Private Passenger Auto (PPA),,0.000%,0,96961,385607604,8.800%,0.200%,rate_change,ALSE-134647745,Filed,2025-08-22,output/pdfs/GA/134647745/filing_summary.pdf,ambest_validated,original,ambest_cross_checked,direct
GA,12/01/2025,Allstate Property and Casualty Insurance Company,19.0 Personal Auto,19.0001 Private Passenger Auto (PPA),6.000%,4.500%,58585855,235266,1301907881,32.700%,0.000%,rate_change_pending,ALSE-134677014,Received,,output/pdfs/GA/134677014/filing_summary.pdf,ambest_validated,original,ambest_cross_checked,direct
GA,11/24/2025,Allstate Property and Casualty Insurance Company,19.0 Personal Auto,19.0002 Motorcycle,3.900%,3.900%,329513,14628,8449041,58.000%,-20.500%,rate_change,ALSE-134681805,Approved,,output/pdfs/GA/134681805/filing_summary.pdf,ambest_validated,original,ambest_cross_checked,direct
GA,01/12/2026,Allstate Northbrook Indemnity Company,19.0 Personal Auto,19.0001 Private Passenger Auto (PPA),27.900%,11.800%,1070655,1367,9073351,23.100%,0.700%,rate_change,ALSE-134746590,Approved,2025-11-21,output/pdfs/GA/134746590/filing_summary.pdf,ambest_validated,original,ambest_cross_checked,direct
GA,01/12/2026,Allstate Northbrook Indemnity Company,19.0 Personal Auto,19.0001 Private Passenger Auto (PPA),39.400%,11.300%,679818,1367,6005232,12.600%,0.000%,rate_change,ALSE-134747805,Approved,,output/pdfs/GA/134747805/filing_summary.pdf,ambest_validated,original,ambest_cross_checked,direct
GA,01/12/2026,Allstate Indemnity Company,19.0 Personal Auto,19.0001 Private Passenger Auto (PPA),51.100%,4.000%,64004,502,1607804,4.600%,0.000%,rate_change,ALSE-134749100,Approved,2025-11-24,output/pdfs/GA/134749100/filing_summary.pdf,ambest_validated,original,ambest_cross_checked,direct
GA,01/12/2026,Allstate Indemnity Company,19.0 Personal Auto,19.0001 Private Passenger Auto (PPA),24.500%,7.000%,162891,502,2327011,16.600%,0.000%,rate_change,ALSE-134749181,Approved,2025-11-24,output/pdfs/GA/134749181/filing_summary.pdf,ambest_validated,original,ambest_cross_checked,direct
GA,03/01/2026,Allstate North American Insurance Company,19.0 Personal Auto,19.0001 Private Passenger Auto (PPA),,-5.000%,-17664358,89629,353287162,-3.800%,-4.900%,rate_change_pending,ALSE-134827619,Received,2026-02-04,output/pdfs/GA/134827619/filing_summary.pdf,ambest_validated,original,ambest_cross_checked,direct
GA,03/29/2024,Encompass Insurance Company of America,19.0 Personal Auto,19.0001 Private Passenger Auto (PPA),13.100%,12.500%,173234,309,1385871,22.900%,4.600%,rate_change_pending,ALSE-133920285,Received,2023-12-13,output/pdfs/GA/133920285/filing_summary.pdf,pipeline_only,extension,pipeline_extracted,
GA,03/29/2024,Encompass Indemnity Company,19.0 Personal Auto,19.0001 Private Passenger Auto (PPA),13.100%,12.500%,524493,1084,4195943,24.300%,5.700%,rate_change_pending,ALSE-133920285,Received,2023-12-13,output/pdfs/GA/133920285/filing_summary.pdf,pipeline_only,extension,pipeline_extracted,
GA,03/29/2024,Encompass Home and Auto Insurance Company,19.0 Personal Auto,19.0001 Private Passenger Auto (PPA),13.100%,12.500%,3841880,6710,30735037,22.700%,0.000%,rate_change_pending,ALSE-133920285,Received,2023-12-13,output/pdfs/GA/133920285/filing_summary.pdf,pipeline_only,extension,pipeline_extracted,
GA,03/24/2024,Encompass Independent Insurance Company,19.0 Personal Auto,19.0001 Private Passenger Auto (PPA),79.100%,12.500%,3832648,10814,30661885,20.000%,0.000%,rate_change_pending,ALSE-133932028,Received,2023-12-21,output/pdfs/GA/133932028/filing_summary.pdf,pipeline_only,extension,pipeline_extracted,
GA,05/15/2024,Encompass Independent Insurance Company,19.0 Personal Auto,19.0001 Private Passenger Auto (PPA),0.000%,0.000%,0,0,30661885,0.000%,0.000%,rate_change_pending,ALSE-134032060,Received,2024-03-14,output/pdfs/GA/134032060/filing_summary.pdf,pipeline_only,extension,pipeline_extracted,
GA,09/16/2024,Encompass Independent Insurance Company,19.0 Personal Auto,19.0001 Private Passenger Auto (PPA),0.000%,0.000%,0,0,35048335,0.000%,0.000%,rate_change_pending,ALSE-134144230,Received,2024-06-12,output/pdfs/GA/134144230/filing_summary.pdf,pipeline_only,extension,pipeline_extracted,
GA,09/16/2024,Encompass Home and Auto Insurance Company,19.0 Personal Auto,19.0001 Private Passenger Auto (PPA),0.000%,0.000%,0,0,26988756,0.000%,0.000%,rate_change_pending,ALSE-134144288,Received,2024-06-12,output/pdfs/GA/134144288/filing_summary.pdf,pipeline_only,extension,pipeline_extracted,
GA,09/11/2024,Encompass Independent Insurance Company,04.0 Homeowners,04.0003 Owner Occupied Homeowners,27.900%,12.900%,2464001,8015,19100784,14.900%,5.100%,rate_change,ALSE-134175885,Acknowledged,2024-07-12,output/pdfs/GA/134175885/filing_summary.pdf,pipeline_only,extension,pipeline_extracted,
GA,10/27/2024,Encompass Independent Insurance Company,19.0 Personal Auto,19.0001 Private Passenger Auto (PPA),78.300%,12.500%,5211307,10108,41690453,18.500%,0.000%,rate_change_pending,ALSE-134176029,Received,2024-07-12,output/pdfs/GA/134176029/filing_summary.pdf,pipeline_only,extension,pipeline_extracted,
GA,11/10/2024,Encompass Home and Auto Insurance Company,19.0 Personal Auto,19.0001 Private Passenger Auto (PPA),13.100%,12.300%,3486768,6223,28347711,20.000%,5.300%,rate_change_pending,ALSE-134183977,Received,2024-07-18,output/pdfs/GA/134183977/filing_summary.pdf,pipeline_only,extension,pipeline_extracted,
GA,05/05/2025,Encompass Independent Insurance Company,19.0 Personal Auto,19.0001 Private Passenger Auto (PPA),57.400%,12.500%,4243847,8317,33950772,20.000%,3.000%,rate_change_pending,ALSE-134355124,Received,2024-12-17,output/pdfs/GA/134355124/filing_summary.pdf,ambest_validated,original,ambest_cross_checked,direct
GA,07/21/2025,Encompass Independent Insurance Company,19.0 Personal Auto,19.0001 Private Passenger Auto (PPA),0.000%,0.000%,0,0,33847404,0.000%,0.000%,rate_change_pending,GMMX-134491672,Received,2025-04-10,output/pdfs/GA/134491672/filing_summary.pdf,ambest_validated,original,ambest_cross_checked,direct
GA,07/21/2025,Encompass Home and Auto Insurance Company,19.0 Personal Auto,19.0001 Private Passenger Auto (PPA),0.000%,0.000%,0,0,25686808,0.000%,0.000%,rate_change_pending,GMMX-134492978,Received,2025-04-10,output/pdfs/GA/134492978/filing_summary.pdf,ambest_validated,original,ambest_cross_checked,direct
GA,12/15/2025,Encompass Independent Insurance Company,19.0 Personal Auto,19.0001 Private Passenger Auto (PPA),35.300%,12.500%,4809502,5626,38476017,18.700%,4.000%,rate_change_pending,GMMX-134671840,Received,2025-09-15,output/pdfs/GA/134671840/filing_summary.pdf,ambest_validated,original,ambest_cross_checked,date_relaxed
GA,12/22/2025,Encompass Independent Insurance Company,04.0 Homeowners,04.0003 Owner Occupied Homeowners,27.100%,25.000%,6773216,10719,27092864,27.100%,11.800%,rate_change_pending,GMMX-134690801,Exam,2025-10-01,output/pdfs/GA/134690801/filing_summary.pdf,pipeline_only,original,pipeline_extracted_in_validated_window,
GA,02/23/2026,Encompass Insurance Company,19.0 Personal Auto,19.0001 Private Passenger Auto (PPA),0.000%,-28.900%,-2329,1,7266,-32.100%,-32.100%,rate_change_pending,GMMX-134778608,Received,2025-12-18,output/pdfs/GA/134778608/filing_summary.pdf,ambest_validated,original,ambest_cross_checked,direct
GA,02/23/2026,Encompass Insurance Company,04.0 Homeowners,04.0000 Homeowners Sub-TOI Combinations,0.000%,-26.000%,-4854,5,19158,-22.800%,-27.600%,rate_change,GMMX-134802306,Acknowledged,2026-01-15,output/pdfs/GA/134802306/filing_summary.pdf,ambest_validated,original,ambest_cross_checked,direct
GA,12/10/2024,GEICO Indemnity Company,19.0 Personal Auto,19.0001 Private Passenger Auto (PPA),7.100%,2.000%,6266708,58508,313335416,30.000%,-17.000%,rate_change_pending,GECC-133801223,Received,2023-09-12,output/pdfs/GA/133801223/filing_summary.pdf,pipeline_only,extension,pipeline_extracted,
GA,12/10/2024,GEICO Casualty Company,19.0 Personal Auto,19.0001 Private Passenger Auto (PPA),6.200%,6.200%,3733429,34283,60216593,18.000%,0.000%,rate_change_pending,GECC-133801223,Received,2023-09-12,output/pdfs/GA/133801223/filing_summary.pdf,pipeline_only,extension,pipeline_extracted,
GA,12/10/2024,GEICO General Insurance Company,19.0 Personal Auto,19.0001 Private Passenger Auto (PPA),13.600%,4.700%,27892685,200454,593461393,30.000%,-7.800%,rate_change_pending,GECC-133801223,Received,2023-09-12,output/pdfs/GA/133801223/filing_summary.pdf,pipeline_only,extension,pipeline_extracted,
GA,12/10/2024,Government Employees Insurance Company,19.0 Personal Auto,19.0001 Private Passenger Auto (PPA),13.600%,4.700%,9104826,61259,193719704,30.000%,-7.100%,rate_change_pending,GECC-133801223,Received,2023-09-12,output/pdfs/GA/133801223/filing_summary.pdf,pipeline_only,extension,pipeline_extracted,
GA,12/10/2024,GEICO Secure Insurance Company,19.0 Personal Auto,19.0001 Private Passenger Auto (PPA),6.200%,6.200%,5868388,41061,94651413,18.000%,0.000%,rate_change_pending,GECC-133801223,Received,2023-09-12,output/pdfs/GA/133801223/filing_summary.pdf,pipeline_only,extension,pipeline_extracted,
GA,12/17/2024,GEICO Indemnity Company,19.0 Personal Auto,19.0001 Private Passenger Auto (PPA),11.000%,0.000%,0,51240,313335416,18.050%,-13.220%,rate_change,GECC-133801687,Approved,2023-09-12,output/pdfs/GA/133801687/filing_summary.pdf,pipeline_only,extension,pipeline_extracted,
GA,12/17/2024,GEICO Casualty Company,19.0 Personal Auto,19.0001 Private Passenger Auto (PPA),0.300%,0.300%,180650,45182,60216593,1.850%,0.000%,rate_change,GECC-133801687,Approved,2023-09-12,output/pdfs/GA/133801687/filing_summary.pdf,pipeline_only,extension,pipeline_extracted,
GA,12/17/2024,GEICO General Insurance Company,19.0 Personal Auto,19.0001 Private Passenger Auto (PPA),12.800%,0.000%,0,188374,593461393,20.470%,-15.670%,rate_change,GECC-133801687,Approved,2023-09-12,output/pdfs/GA/133801687/filing_summary.pdf,pipeline_only,extension,pipeline_extracted,
GA,12/17/2024,Government Employees Insurance Company,19.0 Personal Auto,19.0001 Private Passenger Auto (PPA),12.800%,0.000%,0,57301,193719704,19.220%,-15.640%,rate_change,GECC-133801687,Approved,2023-09-12,output/pdfs/GA/133801687/filing_summary.pdf,pipeline_only,extension,pipeline_extracted,
GA,12/17/2024,GEICO Secure Insurance Company,19.0 Personal Auto,19.0001 Private Passenger Auto (PPA),0.300%,0.300%,283954,55233,94651413,1.800%,0.000%,rate_change,GECC-133801687,Approved,2023-09-12,output/pdfs/GA/133801687/filing_summary.pdf,pipeline_only,extension,pipeline_extracted,
GA,04/04/2024,GEICO Indemnity Company,19.0 Personal Auto,19.0001 Private Passenger Auto (PPA),,0.000%,0,50771,261932723,20.000%,-42.700%,rate_change_pending,GECC-133917322,Received,2024-01-03,output/pdfs/GA/133917322/filing_summary.pdf,pipeline_only,extension,pipeline_extracted,
GA,04/04/2024,GEICO General Insurance Company,19.0 Personal Auto,19.0001 Private Passenger Auto (PPA),,0.000%,0,187059,562559384,20.000%,-36.700%,rate_change_pending,GECC-133917322,Received,2024-01-03,output/pdfs/GA/133917322/filing_summary.pdf,pipeline_only,extension,pipeline_extracted,
GA,04/04/2024,Government Employees Insurance Company,19.0 Personal Auto,19.0001 Private Passenger Auto (PPA),,0.000%,0,59259,184839863,20.000%,-26.200%,rate_change_pending,GECC-133917322,Received,2024-01-03,output/pdfs/GA/133917322/filing_summary.pdf,pipeline_only,extension,pipeline_extracted,
GA,04/04/2024,GEICO Indemnity Company,19.0 Personal Auto,19.0001 Private Passenger Auto (PPA),0.000%,0.000%,0,50771,261932723,20.000%,-42.700%,rate_change,GECC-133917326,Approved,2024-01-03,output/pdfs/GA/133917326/filing_summary.pdf,pipeline_only,extension,pipeline_extracted,
GA,04/04/2024,GEICO General Insurance Company,19.0 Personal Auto,19.0001 Private Passenger Auto (PPA),0.000%,0.000%,0,187059,562559384,20.000%,-36.700%,rate_change,GECC-133917326,Approved,2024-01-03,output/pdfs/GA/133917326/filing_summary.pdf,pipeline_only,extension,pipeline_extracted,
GA,04/04/2024,Government Employees Insurance Company,19.0 Personal Auto,19.0001 Private Passenger Auto (PPA),0.000%,0.000%,0,59259,184839863,20.000%,-26.200%,rate_change,GECC-133917326,Approved,2024-01-03,output/pdfs/GA/133917326/filing_summary.pdf,pipeline_only,extension,pipeline_extracted,
GA,08/10/2024,GEICO Indemnity Company,19.0 Personal Auto,19.0001 Private Passenger Auto (PPA),0.000%,0.000%,0,0,95174599,0.000%,0.000%,rate_change_pending,GECC-134107684,Received,2024-05-17,output/pdfs/GA/134107684/filing_summary.pdf,pipeline_only,extension,pipeline_extracted,
GA,08/10/2024,GEICO General Insurance Company,19.0 Personal Auto,19.0001 Private Passenger Auto (PPA),0.000%,0.000%,0,0,246173440,0.000%,0.000%,rate_change_pending,GECC-134107684,Received,2024-05-17,output/pdfs/GA/134107684/filing_summary.pdf,pipeline_only,extension,pipeline_extracted,
GA,08/10/2024,Government Employees Insurance Company,19.0 Personal Auto,19.0001 Private Passenger Auto (PPA),0.000%,0.000%,0,0,81744132,0.000%,0.000%,rate_change_pending,GECC-134107684,Received,2024-05-17,output/pdfs/GA/134107684/filing_summary.pdf,pipeline_only,extension,pipeline_extracted,
GA,08/10/2024,GEICO Indemnity Company,19.0 Personal Auto,19.0001 Private Passenger Auto (PPA),0.000%,0.000%,0,0,95174599,0.000%,0.000%,rate_change,GECC-134108258,Approved,2024-05-17,output/pdfs/GA/134108258/filing_summary.pdf,pipeline_only,extension,pipeline_extracted,
GA,08/10/2024,GEICO General Insurance Company,19.0 Personal Auto,19.0001 Private Passenger Auto (PPA),0.000%,0.000%,0,0,246173440,0.000%,0.000%,rate_change,GECC-134108258,Approved,2024-05-17,output/pdfs/GA/134108258/filing_summary.pdf,pipeline_only,extension,pipeline_extracted,
GA,08/10/2024,Government Employees Insurance Company,19.0 Personal Auto,19.0001 Private Passenger Auto (PPA),0.000%,0.000%,0,0,81744132,0.000%,0.000%,rate_change,GECC-134108258,Approved,2024-05-17,output/pdfs/GA/134108258/filing_summary.pdf,pipeline_only,extension,pipeline_extracted,
GA,12/26/2024,GEICO Casualty Company,19.0 Personal Auto,19.0001 Private Passenger Auto (PPA),0.000%,-1.400%,-2162264,42617,154447421,0.000%,-7.000%,rate_change_pending,GECC-134247548,Received,2024-09-17,output/pdfs/GA/134247548/filing_summary.pdf,pipeline_only,extension,pipeline_extracted,
GA,12/26/2024,GEICO Secure Insurance Company,19.0 Personal Auto,19.0001 Private Passenger Auto (PPA),0.000%,-1.400%,-3399939,48648,242852752,0.000%,-7.000%,rate_change_pending,GECC-134247548,Received,2024-09-17,output/pdfs/GA/134247548/filing_summary.pdf,pipeline_only,extension,pipeline_extracted,
GA,01/18/2025,GEICO Indemnity Company,19.0 Personal Auto,19.0003 Recreational Vehicle (RV),0.000%,0.000%,0,247,283079,20.000%,-54.900%,rate_change_pending,GECC-134337863,Received,2024-12-04,output/pdfs/GA/134337863/filing_summary.pdf,ambest_validated,original,ambest_cross_checked,reclassified
GA,01/18/2025,GEICO Casualty Company,19.0 Personal Auto,19.0003 Recreational Vehicle (RV),0.000%,0.000%,0,615,338010,20.000%,-17.200%,rate_change_pending,GECC-134337863,Received,2024-12-04,output/pdfs/GA/134337863/filing_summary.pdf,ambest_validated,original,ambest_cross_checked,reclassified
GA,01/18/2025,GEICO General Insurance Company,19.0 Personal Auto,19.0003 Recreational Vehicle (RV),0.000%,0.000%,0,3174,2161865,20.000%,-66.900%,rate_change_pending,GECC-134337863,Received,2024-12-04,output/pdfs/GA/134337863/filing_summary.pdf,ambest_validated,original,ambest_cross_checked,reclassified
GA,01/18/2025,Government Employees Insurance Company,19.0 Personal Auto,19.0003 Recreational Vehicle (RV),0.000%,0.000%,0,1540,110618,20.000%,-62.400%,rate_change_pending,GECC-134337863,Received,2024-12-04,output/pdfs/GA/134337863/filing_summary.pdf,ambest_validated,original,ambest_cross_checked,reclassified
GA,01/18/2025,GEICO Secure Insurance Company,19.0 Personal Auto,19.0003 Recreational Vehicle (RV),0.000%,0.000%,0,483,363678,20.000%,-21.200%,rate_change_pending,GECC-134337863,Received,2024-12-04,output/pdfs/GA/134337863/filing_summary.pdf,ambest_validated,original,ambest_cross_checked,reclassified
GA,01/23/2025,GEICO Indemnity Company,19.0 Personal Auto,19.0001 Private Passenger Auto (PPA),0.000%,0.000%,0,0,182327915,0.000%,0.000%,rate_change_pending,GECC-134341394,Received,2024-12-09,output/pdfs/GA/134341394/filing_summary.pdf,pipeline_only,original,pipeline_extracted_in_validated_window,
GA,01/23/2025,GEICO General Insurance Company,19.0 Personal Auto,19.0001 Private Passenger Auto (PPA),0.000%,0.000%,0,0,472820652,0.000%,0.000%,rate_change_pending,GECC-134341394,Received,2024-12-09,output/pdfs/GA/134341394/filing_summary.pdf,pipeline_only,original,pipeline_extracted_in_validated_window,
GA,01/23/2025,Government Employees Insurance Company,19.0 Personal Auto,19.0001 Private Passenger Auto (PPA),0.000%,0.000%,0,0,158172062,0.000%,0.000%,rate_change_pending,GECC-134341394,Received,2024-12-09,output/pdfs/GA/134341394/filing_summary.pdf,pipeline_only,original,pipeline_extracted_in_validated_window,
GA,01/23/2025,GEICO Indemnity Company,19.0 Personal Auto,19.0001 Private Passenger Auto (PPA),0.000%,0.000%,0,0,182327915,0.000%,0.000%,rate_change,GECC-134342306,Approved,2024-12-09,output/pdfs/GA/134342306/filing_summary.pdf,ambest_validated,original,ambest_cross_checked,direct
GA,01/23/2025,GEICO General Insurance Company,19.0 Personal Auto,19.0001 Private Passenger Auto (PPA),0.000%,0.000%,0,0,472820652,0.000%,0.000%,rate_change,GECC-134342306,Approved,2024-12-09,output/pdfs/GA/134342306/filing_summary.pdf,ambest_validated,original,ambest_cross_checked,direct
GA,01/23/2025,Government Employees Insurance Company,19.0 Personal Auto,19.0001 Private Passenger Auto (PPA),0.000%,0.000%,0,0,158172062,0.000%,0.000%,rate_change,GECC-134342306,Approved,2024-12-09,output/pdfs/GA/134342306/filing_summary.pdf,ambest_validated,original,ambest_cross_checked,direct
GA,02/16/2025,GEICO Indemnity Company,19.0 Personal Auto,19.0001 Private Passenger Auto (PPA),0.000%,0.000%,0,31136,0,0.000%,0.000%,rate_change_pending,GECC-134378423,Received,2025-01-17,output/pdfs/GA/134378423/filing_summary.pdf,pipeline_only,original,pipeline_extracted_in_validated_window,
GA,02/16/2025,GEICO Indemnity Company,19.0 Personal Auto,19.0001 Private Passenger Auto (PPA),0.000%,0.000%,0,31136,0,0.000%,0.000%,rate_change,GECC-134380217,Approved,2025-01-17,output/pdfs/GA/134380217/filing_summary.pdf,ambest_validated,original,ambest_cross_checked,direct
GA,05/26/2025,GEICO Casualty Company,19.0 Personal Auto,19.0001 Private Passenger Auto (PPA),19.200%,7.800%,17919256,78243,229734046,44.300%,-24.900%,rate_change_withdrawn,GECC-134479273,Withdrawn,2025-04-10,output/pdfs/GA/134479273/filing_summary.pdf,pipeline_only,original,pipeline_extracted_in_validated_window,
GA,05/26/2025,GEICO Secure Insurance Company,19.0 Personal Auto,19.0001 Private Passenger Auto (PPA),19.200%,7.800%,27167611,98376,348302705,74.000%,-25.000%,rate_change_withdrawn,GECC-134479273,Withdrawn,2025-04-10,output/pdfs/GA/134479273/filing_summary.pdf,pipeline_only,original,pipeline_extracted_in_validated_window,
GA,08/21/2025,GEICO Casualty Company,19.0 Personal Auto,19.0001 Private Passenger Auto (PPA),7.700%,4.600%,10567766,78243,229734046,30.000%,-27.190%,rate_change,GECC-134514872,Approved,2025-05-01,output/pdfs/GA/134514872/filing_summary.pdf,ambest_validated,original,ambest_cross_checked,direct
GA,08/21/2025,GEICO Secure Insurance Company,19.0 Personal Auto,19.0001 Private Passenger Auto (PPA),7.700%,4.600%,16021924,98376,348302705,30.000%,-27.230%,rate_change,GECC-134514872,Approved,2025-05-01,output/pdfs/GA/134514872/filing_summary.pdf,ambest_validated,original,ambest_cross_checked,direct
GA,09/23/2024,The First Liberty Insurance Corporation,19.0 Personal Auto,19.0000 Personal Auto Combinations,0.000%,0.000%,296,19890,80583109,20.000%,-20.000%,rate_change,LBPM-133953198,Approved,,output/pdfs/GA/133953198/filing_summary.pdf,pipeline_only,extension,pipeline_extracted,
GA,09/23/2024,Liberty Mutual Personal Insurance Company,19.0 Personal Auto,19.0000 Personal Auto Combinations,0.000%,0.089%,95203,23372,106925266,20.000%,-20.000%,rate_change,LBPM-133953198,Approved,,output/pdfs/GA/133953198/filing_summary.pdf,pipeline_only,extension,pipeline_extracted,
GA,04/06/2024,The First Liberty Insurance Corporation,19.0 Personal Auto,19.0000 Personal Auto Combinations,43.900%,12.500%,2707833,6417,21662666,17.000%,4.000%,rate_change,LBPM-133979176,Approved,,output/pdfs/GA/133979176/filing_summary.pdf,pipeline_only,extension,pipeline_extracted,
GA,04/06/2024,Liberty Mutual Personal Insurance Company,19.0 Personal Auto,19.0000 Personal Auto Combinations,43.900%,12.500%,17070166,35282,136561326,17.000%,4.000%,rate_change,LBPM-133979176,Approved,,output/pdfs/GA/133979176/filing_summary.pdf,pipeline_only,extension,pipeline_extracted,
GA,05/15/2024,The First Liberty Insurance Corporation,19.0 Personal Auto,19.0000 Personal Auto Combinations,0.000%,0.000%,0,0,0,0.000%,0.000%,rate_change_pending,LBPM-134030059,Received,,output/pdfs/GA/134030059/filing_summary.pdf,ambest_validated,extension,ambest_cross_checked,reclassified
GA,05/15/2024,Liberty Mutual Personal Insurance Company,19.0 Personal Auto,19.0000 Personal Auto Combinations,0.000%,0.000%,0,0,0,0.000%,0.000%,rate_change_pending,LBPM-134030059,Received,,output/pdfs/GA/134030059/filing_summary.pdf,pipeline_only,extension,pipeline_extracted,
GA,06/01/2024,Liberty Insurance Corporation,19.0 Personal Auto,19.0000 Personal Auto Combinations,32.200%,15.000%,42489,33,283263,20.000%,5.000%,rate_change,LBPM-134031339,Approved,,output/pdfs/GA/134031339/filing_summary.pdf,pipeline_only,extension,pipeline_extracted,
GA,06/01/2024,Liberty Mutual Fire Insurance Company,19.0 Personal Auto,19.0000 Personal Auto Combinations,32.200%,15.000%,4679290,5733,31195267,20.000%,5.000%,rate_change,LBPM-134031339,Approved,,output/pdfs/GA/134031339/filing_summary.pdf,pipeline_only,extension,pipeline_extracted,
GA,10/08/2024,The First Liberty Insurance Corporation,19.0 Personal Auto,19.0000 Personal Auto Combinations,0.000%,0.000%,0,4956,17622530,0.000%,0.000%,rate_change,LBPM-134192818,Approved,,output/pdfs/GA/134192818/filing_summary.pdf,pipeline_only,extension,pipeline_extracted,
GA,10/08/2024,Liberty Mutual Personal Insurance Company,19.0 Personal Auto,19.0000 Personal Auto Combinations,0.000%,0.000%,0,20308,78411022,0.000%,0.000%,rate_change,LBPM-134192818,Approved,,output/pdfs/GA/134192818/filing_summary.pdf,pipeline_only,extension,pipeline_extracted,
GA,11/09/2024,Liberty Mutual Fire Insurance Company,04.0 Homeowners,04.0000 Homeowners Sub-TOI Combinations,19.200%,13.300%,1466289,3275,11015425,19.900%,7.700%,rate_change,LBPM-134203450,Acknowledged,,output/pdfs/GA/134203450/filing_summary.pdf,pipeline_only,extension,pipeline_extracted,
GA,10/05/2024,Liberty Mutual Insurance Company,04.0 Homeowners,04.0004 Tenant Homeowners,19.200%,14.900%,986620,39400,6622735,17.200%,0.000%,rate_change,LBPM-134204300,Acknowledged,,output/pdfs/GA/134204300/filing_summary.pdf,pipeline_only,extension,pipeline_extracted,
GA,12/16/2024,Liberty Insurance Corporation,19.0 Personal Auto,19.0000 Personal Auto Combinations,33.700%,10.000%,11275,17,113316,13.300%,6.600%,rate_change_withdrawn,LBPM-134244510,Withdrawn,,output/pdfs/GA/134244510/filing_summary.pdf,pipeline_only,extension,pipeline_extracted,
GA,12/16/2024,Liberty Mutual Fire Insurance Company,19.0 Personal Auto,19.0000 Personal Auto Combinations,33.700%,10.000%,1398649,2899,13986471,14.400%,3.600%,rate_change_withdrawn,LBPM-134244510,Withdrawn,,output/pdfs/GA/134244510/filing_summary.pdf,pipeline_only,extension,pipeline_extracted,
GA,11/11/2024,The First Liberty Insurance Corporation,19.0 Personal Auto,19.0000 Personal Auto Combinations,33.700%,12.500%,2249510,4261,17990585,18.200%,6.100%,rate_change_withdrawn,LBPM-134244527,Withdrawn,,output/pdfs/GA/134244527/filing_summary.pdf,pipeline_only,extension,pipeline_extracted,
GA,11/11/2024,Liberty Mutual Personal Insurance Company,19.0 Personal Auto,19.0000 Personal Auto Combinations,33.700%,12.500%,12946260,21911,103546687,17.900%,5.000%,rate_change_withdrawn,LBPM-134244527,Withdrawn,,output/pdfs/GA/134244527/filing_summary.pdf,pipeline_only,extension,pipeline_extracted,
GA,03/01/2025,Liberty Mutual Insurance Company,04.0 Homeowners,04.0000 Homeowners Sub-TOI Combinations,0.000%,0.000%,0,6,268520,0.000%,0.000%,rate_change,LBPM-134339984,Acknowledged,,output/pdfs/GA/134339984/filing_summary.pdf,ambest_validated,original,ambest_cross_checked,direct
GA,03/01/2025,Liberty Mutual Personal Insurance Company,04.0 Homeowners,04.0000 Homeowners Sub-TOI Combinations,0.000%,0.000%,0,245,533753,0.000%,0.000%,rate_change,LBPM-134339984,Acknowledged,,output/pdfs/GA/134339984/filing_summary.pdf,ambest_validated,original,ambest_cross_checked,direct
GA,04/30/2025,The First Liberty Insurance Corporation,19.0 Personal Auto,19.0000 Personal Auto Combinations,0.000%,0.000%,0,7451,30276539,0.000%,0.000%,rate_change,LBPM-134438805,Approved,,output/pdfs/GA/134438805/filing_summary.pdf,ambest_validated,original,ambest_cross_checked,direct
GA,04/30/2025,Liberty Mutual Personal Insurance Company,19.0 Personal Auto,19.0000 Personal Auto Combinations,0.000%,0.000%,0,12729,58811806,0.000%,0.000%,rate_change,LBPM-134438805,Approved,,output/pdfs/GA/134438805/filing_summary.pdf,ambest_validated,original,ambest_cross_checked,direct
GA,07/26/2025,Liberty Insurance Corporation,19.0 Personal Auto,19.0000 Personal Auto Combinations,0.000%,0.000%,0,0,0,0.000%,0.000%,rate_change,LBPM-134446688,Approved,,output/pdfs/GA/134446688/filing_summary.pdf,ambest_validated,original,ambest_cross_checked,direct
GA,07/26/2025,Liberty Mutual Fire Insurance Company,19.0 Personal Auto,19.0000 Personal Auto Combinations,0.000%,0.000%,0,0,0,0.000%,0.000%,rate_change,LBPM-134446688,Approved,,output/pdfs/GA/134446688/filing_summary.pdf,ambest_validated,original,ambest_cross_checked,direct
GA,06/21/2025,Liberty Mutual Insurance Company,04.0 Homeowners,04.0000 Homeowners Sub-TOI Combinations,0.000%,0.000%,0,0,0,0.000%,0.000%,rate_change,LBPM-134447335,Acknowledged,,output/pdfs/GA/134447335/filing_summary.pdf,ambest_validated,original,ambest_cross_checked,direct
GA,06/21/2025,Liberty Mutual Personal Insurance Company,04.0 Homeowners,04.0000 Homeowners Sub-TOI Combinations,0.000%,0.000%,0,0,0,0.000%,0.000%,rate_change,LBPM-134447335,Acknowledged,,output/pdfs/GA/134447335/filing_summary.pdf,ambest_validated,original,ambest_cross_checked,direct
GA,07/26/2025,Liberty Mutual Fire Insurance Company,04.0 Homeowners,04.0000 Homeowners Sub-TOI Combinations,0.000%,0.000%,0,0,0,0.000%,0.000%,rate_change,LBPM-134449044,Acknowledged,,output/pdfs/GA/134449044/filing_summary.pdf,ambest_validated,original,ambest_cross_checked,direct
GA,08/09/2025,The First Liberty Insurance Corporation,19.0 Personal Auto,19.0000 Personal Auto Combinations,0.000%,0.000%,0,5691,22736054,0.000%,0.000%,rate_change,LBPM-134560214,Approved,,output/pdfs/GA/134560214/filing_summary.pdf,ambest_validated,original,ambest_cross_checked,direct
GA,08/09/2025,Liberty Mutual Personal Insurance Company,19.0 Personal Auto,19.0000 Personal Auto Combinations,0.000%,0.000%,0,10673,43203153,0.000%,0.000%,rate_change,LBPM-134560214,Approved,,output/pdfs/GA/134560214/filing_summary.pdf,ambest_validated,original,ambest_cross_checked,direct
GA,10/05/2025,Liberty Mutual Insurance Company,04.0 Homeowners,04.0004 Tenant Homeowners,21.100%,9.900%,491737,26451,4964995,11.800%,0.000%,rate_change,LBPM-134613660,Acknowledged,,output/pdfs/GA/134613660/filing_summary.pdf,ambest_validated,original,ambest_cross_checked,direct
GA,10/05/2025,Liberty Mutual Insurance Company,04.0 Homeowners,04.0000 Homeowners Sub-TOI Combinations,0.000%,0.100%,126,52,227605,0.400%,-0.300%,rate_change,LBPM-134618541,Acknowledged,,output/pdfs/GA/134618541/filing_summary.pdf,ambest_validated,original,ambest_cross_checked,direct
GA,10/05/2025,Liberty Mutual Personal Insurance Company,04.0 Homeowners,04.0000 Homeowners Sub-TOI Combinations,0.000%,0.000%,1169,1649,4511704,1.900%,-0.400%,rate_change,LBPM-134618541,Acknowledged,,output/pdfs/GA/134618541/filing_summary.pdf,ambest_validated,original,ambest_cross_checked,direct
GA,10/22/2025,The First Liberty Insurance Corporation,19.0 Personal Auto,19.0000 Personal Auto Combinations,0.000%,11.000%,3343813,7451,30276539,19.990%,-46.800%,rate_change,LBPM-134632964,Approved,,output/pdfs/GA/134632964/filing_summary.pdf,ambest_validated,original,ambest_cross_checked,direct
GA,10/22/2025,Liberty Mutual Personal Insurance Company,19.0 Personal Auto,19.0000 Personal Auto Combinations,0.000%,-5.700%,-3372514,12729,58811806,5.900%,-67.200%,rate_change,LBPM-134632964,Approved,,output/pdfs/GA/134632964/filing_summary.pdf,ambest_validated,original,ambest_cross_checked,direct
GA,01/19/2026,Liberty Mutual Personal Insurance Company,04.0 Homeowners,04.0000 Homeowners Sub-TOI Combinations,0.000%,0.000%,0,1914,930279,0.000%,0.000%,rate_change,LBPM-134662995,Acknowledged,,output/pdfs/GA/134662995/filing_summary.pdf,ambest_validated,original,ambest_cross_checked,direct
GA,03/24/2024,"MGA Insurance Company, Inc.",19.0 Personal Auto,19.0001 Private Passenger Auto (PPA),14.400%,9.000%,5230086,18440,58975575,12.000%,-3.000%,rate_change,GNSC-133940279,Approved,2024-01-17,output/pdfs/GA/133940279/filing_summary.pdf,pipeline_only,extension,pipeline_extracted,
GA,05/02/2024,"MGA Insurance Company, Inc.",19.0 Personal Auto,19.0001 Private Passenger Auto (PPA),0.000%,0.000%,0,0,0,0.000%,0.000%,rate_change,GNSC-134053139,Approved,2024-04-02,output/pdfs/GA/134053139/filing_summary.pdf,pipeline_only,extension,pipeline_extracted,
GA,07/19/2024,"MGA Insurance Company, Inc.",19.0 Personal Auto,19.0001 Private Passenger Auto (PPA),-7.300%,-3.100%,-1868738,17610,60281884,0.000%,-5.000%,rate_change,GNSC-134162462,Approved,2024-07-04,output/pdfs/GA/134162462/filing_summary.pdf,pipeline_only,extension,pipeline_extracted,
GA,09/19/2024,"MGA Insurance Company, Inc.",19.0 Personal Auto,19.0001 Private Passenger Auto (PPA),-5.500%,-5.200%,-2985560,17352,59184629,-2.200%,-5.000%,rate_change,GNSC-134236190,Approved,2024-09-06,output/pdfs/GA/134236190/filing_summary.pdf,pipeline_only,extension,pipeline_extracted,
GA,02/20/2025,"MGA Insurance Company, Inc.",19.0 Personal Auto,19.0001 Private Passenger Auto (PPA),2.300%,-5.900%,-2372349,14520,42192262,10.000%,-3.000%,rate_change,GNSC-134398936,Approved,2025-02-04,output/pdfs/GA/134398936/filing_summary.pdf,ambest_validated,original,ambest_cross_checked,date_relaxed
GA,08/22/2025,"MGA Insurance Company, Inc.",19.0 Personal Auto,19.0001 Private Passenger Auto (PPA),7.200%,0.000%,0,18600,49578255,10.000%,-3.000%,rate_change,GNSC-134614271,Approved,2025-07-25,output/pdfs/GA/134614271/filing_summary.pdf,ambest_validated,original,ambest_cross_checked,direct
GA,03/22/2026,"MGA Insurance Company, Inc.",19.0 Personal Auto,19.0001 Private Passenger Auto (PPA),8.600%,2.400%,1325492,21576,56380583,28.000%,-11.700%,rate_change,GNSC-134812248,Approved,2026-01-26,output/pdfs/GA/134812248/filing_summary.pdf,ambest_validated,original,ambest_cross_checked,direct
GA,02/02/2024,Progressive Advanced Insurance Company,19.0 Personal Auto,19.0001 Private Passenger Auto (PPA),18.000%,9.900%,465466,1246,4701675,12.680%,8.310%,rate_change,PRGS-133782729,Approved,2023-09-22,output/pdfs/GA/133782729/filing_summary.pdf,pipeline_only,extension,pipeline_extracted,
GA,02/02/2024,Progressive American Insurance Company,19.0 Personal Auto,19.0001 Private Passenger Auto (PPA),18.300%,9.900%,676654,2044,6834887,13.210%,7.640%,rate_change,PRGS-133782729,Approved,2023-09-22,output/pdfs/GA/133782729/filing_summary.pdf,pipeline_only,extension,pipeline_extracted,
GA,02/02/2024,Progressive Bayside Insurance Company,19.0 Personal Auto,19.0001 Private Passenger Auto (PPA),18.300%,9.900%,363653,1255,3673264,11.720%,7.380%,rate_change,PRGS-133782729,Approved,2023-09-22,output/pdfs/GA/133782729/filing_summary.pdf,pipeline_only,extension,pipeline_extracted,
GA,02/02/2024,Progressive Choice Insurance Company,19.0 Personal Auto,19.0001 Private Passenger Auto (PPA),18.000%,9.900%,15448817,53241,156048660,13.560%,5.240%,rate_change,PRGS-133782729,Approved,2023-09-22,output/pdfs/GA/133782729/filing_summary.pdf,pipeline_only,extension,pipeline_extracted,
GA,02/02/2024,Progressive Classic Insurance Company,19.0 Personal Auto,19.0001 Private Passenger Auto (PPA),18.300%,9.900%,443732,1430,4482140,11.670%,6.820%,rate_change,PRGS-133782729,Approved,2023-09-22,output/pdfs/GA/133782729/filing_summary.pdf,pipeline_only,extension,pipeline_extracted,
GA,02/02/2024,Progressive Direct Insurance Company,19.0 Personal Auto,19.0001 Private Passenger Auto (PPA),18.000%,9.900%,327048,795,3303513,12.240%,8.100%,rate_change,PRGS-133782729,Approved,2023-09-22,output/pdfs/GA/133782729/filing_summary.pdf,pipeline_only,extension,pipeline_extracted,
GA,02/02/2024,Progressive Freedom Insurance Company,19.0 Personal Auto,19.0001 Private Passenger Auto (PPA),18.300%,9.900%,11153224,34767,112658827,13.280%,-1.470%,rate_change,PRGS-133782729,Approved,2023-09-22,output/pdfs/GA/133782729/filing_summary.pdf,pipeline_only,extension,pipeline_extracted,
GA,02/02/2024,Progressive Premier Insurance Company of Illinois,19.0 Personal Auto,19.0001 Private Passenger Auto (PPA),18.000%,9.900%,88896279,350915,897942214,15.040%,-0.440%,rate_change,PRGS-133782729,Approved,2023-09-22,output/pdfs/GA/133782729/filing_summary.pdf,pipeline_only,extension,pipeline_extracted,
GA,02/02/2024,Progressive Southeastern Insurance Company,19.0 Personal Auto,19.0001 Private Passenger Auto (PPA),18.300%,9.900%,410614,1586,4147614,11.610%,7.650%,rate_change,PRGS-133782729,Approved,2023-09-22,output/pdfs/GA/133782729/filing_summary.pdf,pipeline_only,extension,pipeline_extracted,
GA,02/02/2024,Progressive Mountain Insurance Company,19.0 Personal Auto,19.0001 Private Passenger Auto (PPA),18.300%,9.900%,93349759,363752,942926861,19.750%,3.170%,rate_change,PRGS-133782729,Approved,2023-09-22,output/pdfs/GA/133782729/filing_summary.pdf,pipeline_only,extension,pipeline_extracted,
GA,10/11/2024,Progressive Premier Insurance Company of Illinois,19.0 Personal Auto,19.0002 Motorcycle,2.500%,0.680%,119308,41575,17501480,17.800%,-43.700%,rate_change,PRGS-133944444,Approved,2024-05-03,output/pdfs/GA/133944444/filing_summary.pdf,ambest_validated,extension,ambest_cross_checked,date_relaxed
GA,10/11/2024,Progressive Mountain Insurance Company,19.0 Personal Auto,19.0002 Motorcycle,2.500%,3.850%,847495,50425,22023268,17.800%,-51.500%,rate_change,PRGS-133944444,Approved,2024-05-03,output/pdfs/GA/133944444/filing_summary.pdf,ambest_validated,extension,ambest_cross_checked,date_relaxed
GA,10/11/2024,Progressive Premier Insurance Company of Illinois,19.0 Personal Auto,19.0003 Recreational Vehicle (RV),1.500%,2.400%,358932,18913,14955496,20.000%,-20.500%,rate_change,PRGS-133954091,Approved,2024-05-02,output/pdfs/GA/133954091/filing_summary.pdf,pipeline_only,extension,pipeline_extracted,
GA,10/11/2024,Progressive Mountain Insurance Company,19.0 Personal Auto,19.0003 Recreational Vehicle (RV),1.500%,2.000%,228454,16784,11422704,20.000%,-23.400%,rate_change,PRGS-133954091,Approved,2024-05-02,output/pdfs/GA/133954091/filing_summary.pdf,pipeline_only,extension,pipeline_extracted,
GA,05/11/2024,Progressive Advanced Insurance Company,19.0 Personal Auto,19.0001 Private Passenger Auto (PPA),0.000%,0.000%,0,1127,4694354,,,rate_change,PRGS-134089316,Approved,2024-05-01,output/pdfs/GA/134089316/filing_summary.pdf,pipeline_only,extension,pipeline_extracted,
GA,05/11/2024,Progressive American Insurance Company,19.0 Personal Auto,19.0001 Private Passenger Auto (PPA),0.000%,0.000%,0,1924,7253608,,,rate_change,PRGS-134089316,Approved,2024-05-01,output/pdfs/GA/134089316/filing_summary.pdf,pipeline_only,extension,pipeline_extracted,
GA,05/11/2024,Progressive Bayside Insurance Company,19.0 Personal Auto,19.0001 Private Passenger Auto (PPA),0.000%,0.000%,0,1171,3801659,,,rate_change,PRGS-134089316,Approved,2024-05-01,output/pdfs/GA/134089316/filing_summary.pdf,pipeline_only,extension,pipeline_extracted,
GA,05/11/2024,Progressive Choice Insurance Company,19.0 Personal Auto,19.0001 Private Passenger Auto (PPA),0.000%,0.000%,0,62764,195293740,,,rate_change,PRGS-134089316,Approved,2024-05-01,output/pdfs/GA/134089316/filing_summary.pdf,pipeline_only,extension,pipeline_extracted,
GA,05/11/2024,Progressive Classic Insurance Company,19.0 Personal Auto,19.0001 Private Passenger Auto (PPA),0.000%,0.000%,0,1311,4579595,,,rate_change,PRGS-134089316,Approved,2024-05-01,output/pdfs/GA/134089316/filing_summary.pdf,pipeline_only,extension,pipeline_extracted,
GA,05/11/2024,Progressive Direct Insurance Company,19.0 Personal Auto,19.0001 Private Passenger Auto (PPA),0.000%,0.000%,0,711,3339979,,,rate_change,PRGS-134089316,Approved,2024-05-01,output/pdfs/GA/134089316/filing_summary.pdf,pipeline_only,extension,pipeline_extracted,
GA,05/11/2024,Progressive Freedom Insurance Company,19.0 Personal Auto,19.0001 Private Passenger Auto (PPA),0.000%,0.000%,0,38915,137942027,,,rate_change,PRGS-134089316,Approved,2024-05-01,output/pdfs/GA/134089316/filing_summary.pdf,pipeline_only,extension,pipeline_extracted,
GA,05/11/2024,Progressive Premier Insurance Company of Illinois,19.0 Personal Auto,19.0001 Private Passenger Auto (PPA),0.000%,0.000%,0,365911,995165360,,,rate_change,PRGS-134089316,Approved,2024-05-01,output/pdfs/GA/134089316/filing_summary.pdf,pipeline_only,extension,pipeline_extracted,
GA,05/11/2024,Progressive Southeastern Insurance Company,19.0 Personal Auto,19.0001 Private Passenger Auto (PPA),0.000%,0.000%,0,1730,5016268,,,rate_change,PRGS-134089316,Approved,2024-05-01,output/pdfs/GA/134089316/filing_summary.pdf,pipeline_only,extension,pipeline_extracted,
GA,05/11/2024,Progressive Mountain Insurance Company,19.0 Personal Auto,19.0001 Private Passenger Auto (PPA),0.000%,0.000%,0,364307,1033202918,,,rate_change,PRGS-134089316,Approved,2024-05-01,output/pdfs/GA/134089316/filing_summary.pdf,pipeline_only,extension,pipeline_extracted,
GA,06/23/2025,Progressive Advanced Insurance Company,19.0 Personal Auto,19.0001 Private Passenger Auto (PPA),0.000%,0.000%,0,967,4234627,0.000%,0.000%,rate_change,PRGS-134512695,Approved,2025-05-02,output/pdfs/GA/134512695/filing_summary.pdf,ambest_validated,original,ambest_cross_checked,direct
GA,06/23/2025,Progressive American Insurance Company,19.0 Personal Auto,19.0001 Private Passenger Auto (PPA),0.000%,0.000%,0,1626,7036515,0.000%,0.000%,rate_change,PRGS-134512695,Approved,2025-05-02,output/pdfs/GA/134512695/filing_summary.pdf,ambest_validated,original,ambest_cross_checked,direct
GA,06/23/2025,Progressive Bayside Insurance Company,19.0 Personal Auto,19.0001 Private Passenger Auto (PPA),0.000%,0.000%,0,427,3463050,0.000%,0.000%,rate_change,PRGS-134512695,Approved,2025-05-02,output/pdfs/GA/134512695/filing_summary.pdf,ambest_validated,original,ambest_cross_checked,direct
GA,06/23/2025,Progressive Choice Insurance Company,19.0 Personal Auto,19.0001 Private Passenger Auto (PPA),0.000%,0.000%,0,125188,274835694,0.000%,0.000%,rate_change,PRGS-134512695,Approved,2025-05-02,output/pdfs/GA/134512695/filing_summary.pdf,ambest_validated,original,ambest_cross_checked,direct
GA,06/23/2025,Progressive Classic Insurance Company,19.0 Personal Auto,19.0001 Private Passenger Auto (PPA),0.000%,0.000%,0,575,4220259,0.000%,0.000%,rate_change,PRGS-134512695,Approved,2025-05-02,output/pdfs/GA/134512695/filing_summary.pdf,ambest_validated,original,ambest_cross_checked,direct
GA,06/23/2025,Progressive Direct Insurance Company,19.0 Personal Auto,19.0001 Private Passenger Auto (PPA),0.000%,0.000%,0,597,3052782,0.000%,0.000%,rate_change,PRGS-134512695,Approved,2025-05-02,output/pdfs/GA/134512695/filing_summary.pdf,ambest_validated,original,ambest_cross_checked,direct
GA,06/23/2025,Progressive Freedom Insurance Company,19.0 Personal Auto,19.0001 Private Passenger Auto (PPA),0.000%,0.000%,0,75215,203903419,0.000%,0.000%,rate_change,PRGS-134512695,Approved,2025-05-02,output/pdfs/GA/134512695/filing_summary.pdf,ambest_validated,original,ambest_cross_checked,direct
GA,06/23/2025,Progressive Premier Insurance Company of Illinois,19.0 Personal Auto,19.0001 Private Passenger Auto (PPA),0.000%,0.000%,0,450732,1089897709,0.000%,0.000%,rate_change,PRGS-134512695,Approved,2025-05-02,output/pdfs/GA/134512695/filing_summary.pdf,ambest_validated,original,ambest_cross_checked,direct
GA,06/23/2025,Progressive Southeastern Insurance Company,19.0 Personal Auto,19.0001 Private Passenger Auto (PPA),0.000%,0.000%,0,1579,5242635,0.000%,0.000%,rate_change,PRGS-134512695,Approved,2025-05-02,output/pdfs/GA/134512695/filing_summary.pdf,ambest_validated,original,ambest_cross_checked,direct
GA,06/23/2025,Progressive Mountain Insurance Company,19.0 Personal Auto,19.0001 Private Passenger Auto (PPA),0.000%,0.000%,0,391861,1153842911,0.000%,0.000%,rate_change,PRGS-134512695,Approved,2025-05-02,output/pdfs/GA/134512695/filing_summary.pdf,ambest_validated,original,ambest_cross_checked,direct
GA,12/05/2025,Progressive Advanced Insurance Company,19.0 Personal Auto,19.0001 Private Passenger Auto (PPA),5.100%,0.600%,12946,939,2157673,2.500%,-2.500%,rate_change,PRGS-134611011,Approved,2025-10-01,output/pdfs/GA/134611011/filing_summary.pdf,ambest_validated,original,ambest_cross_checked,direct
GA,12/05/2025,Progressive Choice Insurance Company,19.0 Personal Auto,19.0001 Private Passenger Auto (PPA),15.500%,2.300%,5489936,139214,238692878,8.330%,-3.310%,rate_change,PRGS-134611011,Approved,2025-10-01,output/pdfs/GA/134611011/filing_summary.pdf,ambest_validated,original,ambest_cross_checked,direct
GA,12/05/2025,Progressive Direct Insurance Company,19.0 Personal Auto,19.0001 Private Passenger Auto (PPA),5.100%,0.600%,9843,583,1640491,4.730%,-1.740%,rate_change,PRGS-134611011,Approved,2025-10-01,output/pdfs/GA/134611011/filing_summary.pdf,ambest_validated,original,ambest_cross_checked,direct
GA,12/05/2025,Progressive Premier Insurance Company of Illinois,19.0 Personal Auto,19.0001 Private Passenger Auto (PPA),5.100%,0.600%,3971904,460416,661983930,8.380%,-5.200%,rate_change,PRGS-134611011,Approved,2025-10-01,output/pdfs/GA/134611011/filing_summary.pdf,ambest_validated,original,ambest_cross_checked,direct
GA,12/05/2025,Progressive American Insurance Company,19.0 Personal Auto,19.0001 Private Passenger Auto (PPA),-2.800%,-4.100%,-184816,1584,4507698,0.620%,-0.430%,rate_change,PRGS-134655228,Approved,2025-10-01,output/pdfs/GA/134655228/filing_summary.pdf,ambest_validated,original,ambest_cross_checked,direct
GA,12/05/2025,Progressive Freedom Insurance Company,19.0 Personal Auto,19.0001 Private Passenger Auto (PPA),-2.800%,-4.100%,-6529180,82918,159248283,2.670%,-5.270%,rate_change,PRGS-134655228,Approved,2025-10-01,output/pdfs/GA/134655228/filing_summary.pdf,ambest_validated,original,ambest_cross_checked,direct
GA,12/05/2025,Progressive Southeastern Insurance Company,19.0 Personal Auto,19.0001 Private Passenger Auto (PPA),-2.800%,-4.100%,-176204,1557,4297664,3.140%,-0.450%,rate_change,PRGS-134655228,Approved,2025-10-01,output/pdfs/GA/134655228/filing_summary.pdf,ambest_validated,original,ambest_cross_checked,direct
GA,12/05/2025,Progressive Mountain Insurance Company,19.0 Personal Auto,19.0001 Private Passenger Auto (PPA),-2.800%,-4.100%,-25514172,394829,622296877,6.250%,-15.990%,rate_change,PRGS-134655228,Approved,2025-10-01,output/pdfs/GA/134655228/filing_summary.pdf,ambest_validated,original,ambest_cross_checked,direct
GA,01/22/2024,Safeco National Insurance Company,19.0 Personal Auto,19.0002 Motorcycle,27.600%,4.900%,728,129,14864,15.000%,0.000%,rate_change,LBPM-133860640,Approved,2023-10-25,output/pdfs/GA/133860640/filing_summary.pdf,pipeline_only,extension,pipeline_extracted,
GA,01/22/2024,Safeco National Insurance Company,19.0 Personal Auto,19.0002 Motorcycle,23.500%,14.500%,29998,4584,2075152,15.000%,0.000%,rate_change_pending,LBPM-133860722,Received,2023-10-25,output/pdfs/GA/133860722/filing_summary.pdf,pipeline_only,extension,pipeline_extracted,
GA,01/27/2024,Safeco Insurance Company of Oregon,04.0 Homeowners,04.0000 Homeowners Sub-TOI Combinations,39.800%,17.900%,10839958,24290,60544180,19.100%,8.300%,rate_change,LBPM-133875010,Acknowledged,2023-11-06,output/pdfs/GA/133875010/filing_summary.pdf,pipeline_only,extension,pipeline_extracted,
GA,01/27/2024,Safeco Insurance Company of Indiana,04.0 Homeowners,04.0000 Homeowners Sub-TOI Combinations,39.800%,17.500%,10912657,26803,62400843,29.000%,-9.500%,rate_change,LBPM-133875029,Acknowledged,2023-11-06,output/pdfs/GA/133875029/filing_summary.pdf,pipeline_only,extension,pipeline_extracted,
GA,02/17/2024,Safeco Insurance Company of Indiana,19.0 Personal Auto,19.0000 Personal Auto Combinations,0.000%,0.000%,0,0,0,0.000%,0.000%,rate_change_pending,LBPM-133910457,Received,2023-12-06,output/pdfs/GA/133910457/filing_summary.pdf,pipeline_only,extension,pipeline_extracted,
GA,02/17/2024,Safeco Insurance Company of Illinois,19.0 Personal Auto,19.0000 Personal Auto Combinations,0.000%,0.000%,0,0,0,0.000%,0.000%,rate_change_pending,LBPM-133910457,Received,2023-12-06,output/pdfs/GA/133910457/filing_summary.pdf,pipeline_only,extension,pipeline_extracted,
GA,03/16/2024,Safeco Insurance Company of Oregon,04.0 Homeowners,04.0000 Homeowners Sub-TOI Combinations,0.000%,0.000%,0,0,0,0.000%,0.000%,rate_change,LBPM-133966862,Acknowledged,2024-01-29,output/pdfs/GA/133966862/filing_summary.pdf,pipeline_only,extension,pipeline_extracted,
GA,05/01/2024,Safeco Insurance Company of Indiana,19.0 Personal Auto,19.0000 Personal Auto Combinations,37.500%,12.600%,5726428,11844,45573769,20.000%,0.000%,rate_change,LBPM-133985771,Approved,2024-02-12,output/pdfs/GA/133985771/filing_summary.pdf,pipeline_only,extension,pipeline_extracted,
GA,05/01/2024,Safeco Insurance Company of Illinois,19.0 Personal Auto,19.0000 Personal Auto Combinations,37.500%,12.500%,8653661,21776,69443131,20.000%,0.000%,rate_change,LBPM-133985771,Approved,2024-02-12,output/pdfs/GA/133985771/filing_summary.pdf,pipeline_only,extension,pipeline_extracted,
GA,08/08/2024,Safeco Insurance Company of Indiana,19.0 Personal Auto,19.0000 Personal Auto Combinations,37.500%,15.300%,47961,98,314249,20.000%,10.000%,rate_change,LBPM-133989337,Approved,2024-02-13,output/pdfs/GA/133989337/filing_summary.pdf,pipeline_only,extension,pipeline_extracted,
GA,08/08/2024,General Insurance Company of America,19.0 Personal Auto,19.0000 Personal Auto Combinations,37.500%,13.100%,7370,17,56182,17.000%,10.000%,rate_change,LBPM-133989337,Approved,2024-02-13,output/pdfs/GA/133989337/filing_summary.pdf,pipeline_only,extension,pipeline_extracted,
GA,08/08/2024,American States Preferred Insurance Company,19.0 Personal Auto,19.0000 Personal Auto Combinations,0.000%,0.000%,0,0,0,0.000%,0.000%,rate_change,LBPM-133989337,Approved,2024-02-13,output/pdfs/GA/133989337/filing_summary.pdf,ambest_validated,extension,ambest_cross_checked,date_relaxed
GA,08/08/2024,Safeco National Insurance Company,19.0 Personal Auto,19.0000 Personal Auto Combinations,37.500%,14.900%,262392,684,1755739,20.000%,8.000%,rate_change,LBPM-133989337,Approved,2024-02-13,output/pdfs/GA/133989337/filing_summary.pdf,pipeline_only,extension,pipeline_extracted,
GA,08/08/2024,Safeco Insurance Company of America,19.0 Personal Auto,19.0000 Personal Auto Combinations,37.500%,14.900%,375453,1020,2514510,20.000%,8.000%,rate_change,LBPM-133989337,Approved,2024-02-13,output/pdfs/GA/133989337/filing_summary.pdf,pipeline_only,extension,pipeline_extracted,
GA,08/08/2024,Safeco Insurance Company of Illinois,19.0 Personal Auto,19.0000 Personal Auto Combinations,37.500%,15.200%,160976,365,1060874,20.000%,8.000%,rate_change,LBPM-133989337,Approved,2024-02-13,output/pdfs/GA/133989337/filing_summary.pdf,pipeline_only,extension,pipeline_extracted,
GA,08/08/2024,First National Insurance Company of America,19.0 Personal Auto,19.0000 Personal Auto Combinations,37.500%,15.000%,30180,56,200755,20.000%,10.000%,rate_change,LBPM-133989337,Approved,2024-02-13,output/pdfs/GA/133989337/filing_summary.pdf,pipeline_only,extension,pipeline_extracted,
GA,08/08/2024,American States Insurance Company,19.0 Personal Auto,19.0000 Personal Auto Combinations,37.500%,16.200%,10062,19,62020,20.000%,12.000%,rate_change,LBPM-133989337,Approved,2024-02-13,output/pdfs/GA/133989337/filing_summary.pdf,pipeline_only,extension,pipeline_extracted,
GA,08/08/2024,American States Insurance Company of Texas,19.0 Personal Auto,19.0000 Personal Auto Combinations,37.500%,20.000%,502,1,2508,20.000%,20.000%,rate_change,LBPM-133989337,Approved,2024-02-13,output/pdfs/GA/133989337/filing_summary.pdf,pipeline_only,extension,pipeline_extracted,
GA,04/11/2024,Safeco Insurance Company of Oregon,04.0 Homeowners,04.0000 Homeowners Sub-TOI Combinations,0.000%,0.000%,0,24920,60544180,0.000%,0.000%,rate_change,LBPM-133991454,Acknowledged,2024-02-14,output/pdfs/GA/133991454/filing_summary.pdf,pipeline_only,extension,pipeline_extracted,
GA,06/21/2025,Safeco Insurance Company of Oregon,04.0 Homeowners,04.0000 Homeowners Sub-TOI Combinations,0.000%,0.000%,18004,23706,66990743,31.000%,-19.300%,rate_change,LBPM-134167230,Acknowledged,2024-07-03,output/pdfs/GA/134167230/filing_summary.pdf,ambest_validated,original,ambest_cross_checked,date_relaxed
GA,11/12/2024,Safeco Insurance Company of Indiana,19.0 Personal Auto,19.0003 Recreational Vehicle (RV),25.300%,9.400%,118471,1833,1264798,20.000%,0.000%,rate_change,LBPM-134192744,Approved,2024-07-26,output/pdfs/GA/134192744/filing_summary.pdf,pipeline_only,extension,pipeline_extracted,
GA,11/12/2024,Safeco Insurance Company of Illinois,19.0 Personal Auto,19.0003 Recreational Vehicle (RV),25.300%,9.400%,777532,1295,822856,20.000%,0.000%,rate_change,LBPM-134192744,Approved,2024-07-26,output/pdfs/GA/134192744/filing_summary.pdf,pipeline_only,extension,pipeline_extracted,
GA,02/27/2025,Safeco Insurance Company of Indiana,19.0 Personal Auto,19.0000 Personal Auto Combinations,0.000%,0.000%,0,20292,42376867,0.000%,0.000%,rate_change_pending,LBPM-134197878,Received,2024-07-31,output/pdfs/GA/134197878/filing_summary.pdf,ambest_validated,original,ambest_cross_checked,direct
GA,02/27/2025,Safeco Insurance Company of Illinois,19.0 Personal Auto,19.0000 Personal Auto Combinations,0.000%,0.000%,0,42580,72274690,0.000%,0.000%,rate_change_pending,LBPM-134197878,Received,2024-07-31,output/pdfs/GA/134197878/filing_summary.pdf,ambest_validated,original,ambest_cross_checked,direct
GA,01/22/2025,Safeco National Insurance Company,19.0 Personal Auto,19.0002 Motorcycle,30.800%,19.100%,390894,4429,2051204,20.000%,0.000%,rate_change,LBPM-134226459,Approved,2024-08-27,output/pdfs/GA/134226459/filing_summary.pdf,ambest_validated,original,ambest_cross_checked,direct
GA,11/17/2024,Safeco Insurance Company of Illinois,19.0 Personal Auto,19.0000 Personal Auto Combinations,25.400%,9.900%,7349513,20646,74597875,18.000%,1.000%,rate_change,LBPM-134230084,Approved,2024-08-29,output/pdfs/GA/134230084/filing_summary.pdf,pipeline_only,extension,pipeline_extracted,
GA,11/17/2024,Safeco Insurance Company of Indiana,19.0 Personal Auto,19.0000 Personal Auto Combinations,25.400%,10.000%,4542796,10493,45445030,18.000%,0.000%,rate_change,LBPM-134230084,Approved,2024-08-29,output/pdfs/GA/134230084/filing_summary.pdf,pipeline_only,extension,pipeline_extracted,
GA,02/07/2025,Safeco Insurance Company of Indiana,19.0 Personal Auto,19.0000 Personal Auto Combinations,26.700%,10.200%,32522,81,318442,17.000%,7.000%,rate_change,LBPM-134283476,Approved,2024-10-16,output/pdfs/GA/134283476/filing_summary.pdf,pipeline_only,original,pipeline_extracted_in_validated_window,
GA,02/07/2025,General Insurance Company of America,19.0 Personal Auto,19.0000 Personal Auto Combinations,26.700%,8.600%,4329,14,50633,11.000%,7.000%,rate_change,LBPM-134283476,Approved,2024-10-16,output/pdfs/GA/134283476/filing_summary.pdf,pipeline_only,original,pipeline_extracted_in_validated_window,
GA,02/07/2025,Safeco National Insurance Company,19.0 Personal Auto,19.0000 Personal Auto Combinations,26.700%,10.100%,191191,614,1891622,18.000%,4.000%,rate_change,LBPM-134283476,Approved,2024-10-16,output/pdfs/GA/134283476/filing_summary.pdf,pipeline_only,original,pipeline_extracted_in_validated_window,
GA,02/07/2025,Safeco Insurance Company of America,19.0 Personal Auto,19.0000 Personal Auto Combinations,26.700%,10.000%,274819,935,2759739,18.000%,5.000%,rate_change,LBPM-134283476,Approved,2024-10-16,output/pdfs/GA/134283476/filing_summary.pdf,pipeline_only,original,pipeline_extracted_in_validated_window,
GA,02/07/2025,Safeco Insurance Company of Illinois,19.0 Personal Auto,19.0000 Personal Auto Combinations,26.700%,10.400%,112783,320,1084512,18.000%,2.000%,rate_change,LBPM-134283476,Approved,2024-10-16,output/pdfs/GA/134283476/filing_summary.pdf,pipeline_only,original,pipeline_extracted_in_validated_window,
GA,02/07/2025,First National Insurance Company of America,19.0 Personal Auto,19.0000 Personal Auto Combinations,26.700%,10.200%,19853,46,194397,17.000%,6.000%,rate_change,LBPM-134283476,Approved,2024-10-16,output/pdfs/GA/134283476/filing_summary.pdf,pipeline_only,original,pipeline_extracted_in_validated_window,
GA,02/07/2025,American States Insurance Company,19.0 Personal Auto,19.0000 Personal Auto Combinations,26.700%,10.600%,7018,17,66174,16.000%,8.000%,rate_change,LBPM-134283476,Approved,2024-10-16,output/pdfs/GA/134283476/filing_summary.pdf,pipeline_only,original,pipeline_extracted_in_validated_window,
GA,02/07/2025,American States Insurance Company of Texas,19.0 Personal Auto,19.0000 Personal Auto Combinations,26.700%,13.600%,570,1,4176,14.000%,14.000%,rate_change,LBPM-134283476,Approved,2024-10-16,output/pdfs/GA/134283476/filing_summary.pdf,pipeline_only,original,pipeline_extracted_in_validated_window,
GA,03/01/2025,Safeco Insurance Company of Oregon,04.0 Homeowners,04.0000 Homeowners Sub-TOI Combinations,0.000%,0.000%,0,19981,51973465,0.000%,0.000%,rate_change,LBPM-134333717,Acknowledged,2024-12-02,output/pdfs/GA/134333717/filing_summary.pdf,ambest_validated,original,ambest_cross_checked,direct
GA,07/27/2025,Safeco Insurance Company of Indiana,04.0 Homeowners,04.0000 Homeowners Sub-TOI Combinations,23.300%,19.600%,9508170,20226,48493027,29.000%,-1.000%,rate_change_withdrawn,LBPM-134466356,Withdrawn,2025-04-14,output/pdfs/GA/134466356/filing_summary.pdf,pipeline_only,original,pipeline_extracted_in_validated_window,
GA,07/27/2025,Safeco Insurance Company of Oregon,04.0 Homeowners,04.0000 Homeowners Sub-TOI Combinations,23.300%,19.900%,13906175,24620,69784442,22.300%,8.500%,rate_change_withdrawn,LBPM-134467944,Withdrawn,2025-04-14,output/pdfs/GA/134467944/filing_summary.pdf,pipeline_only,original,pipeline_extracted_in_validated_window,
GA,07/27/2025,Safeco Insurance Company of Indiana,04.0 Homeowners,04.0000 Homeowners Sub-TOI Combinations,23.300%,9.900%,4813127,20226,48493027,19.300%,-1.000%,rate_change,LBPM-134520474,Acknowledged,2025-05-08,output/pdfs/GA/134520474/filing_summary.pdf,ambest_validated,original,ambest_cross_checked,direct
GA,07/27/2025,Safeco Insurance Company of Oregon,04.0 Homeowners,04.0000 Homeowners Sub-TOI Combinations,23.300%,9.900%,6895665,24620,69784442,15.000%,4.200%,rate_change,LBPM-134521388,Acknowledged,2025-05-08,output/pdfs/GA/134521388/filing_summary.pdf,pipeline_only,original,pipeline_extracted_in_validated_window,
GA,08/28/2025,Safeco Insurance Company of Indiana,19.0 Personal Auto,19.0000 Personal Auto Combinations,-6.600%,-4.900%,-1546061,6775,31667318,0.900%,-19.500%,rate_change,LBPM-134556974,Approved,2025-06-09,output/pdfs/GA/134556974/filing_summary.pdf,ambest_validated,original,ambest_cross_checked,direct
GA,08/28/2025,Safeco Insurance Company of Illinois,19.0 Personal Auto,19.0000 Personal Auto Combinations,-6.600%,-5.100%,-3108972,15115,60887424,0.800%,-17.400%,rate_change,LBPM-134556974,Approved,2025-06-09,output/pdfs/GA/134556974/filing_summary.pdf,ambest_validated,original,ambest_cross_checked,direct
GA,11/12/2025,Safeco Insurance Company of Indiana,19.0 Personal Auto,19.0004 Other,6.800%,6.700%,18479,761,273283,21.100%,0.000%,rate_change,LBPM-134614869,Approved,2025-07-25,output/pdfs/GA/134614869/filing_summary.pdf,ambest_validated,original,ambest_cross_checked,direct
GA,11/12/2025,Safeco Insurance Company of Illinois,19.0 Personal Auto,19.0004 Other,6.800%,6.700%,15625,558,232793,22.300%,0.000%,rate_change,LBPM-134614869,Approved,2025-07-25,output/pdfs/GA/134614869/filing_summary.pdf,ambest_validated,original,ambest_cross_checked,direct
GA,10/02/2025,Safeco Insurance Company of Indiana,19.0 Personal Auto,19.0000 Personal Auto Combinations,0.000%,0.000%,0,6775,60887424,0.000%,0.000%,rate_change,LBPM-134667266,Acknowledged,2025-09-11,output/pdfs/GA/134667266/filing_summary.pdf,ambest_validated,original,ambest_cross_checked,direct
GA,10/02/2025,Safeco Insurance Company of Illinois,19.0 Personal Auto,19.0000 Personal Auto Combinations,0.000%,0.000%,0,15115,31667318,0.000%,0.000%,rate_change,LBPM-134667266,Acknowledged,2025-09-11,output/pdfs/GA/134667266/filing_summary.pdf,ambest_validated,original,ambest_cross_checked,direct
GA,01/08/2026,Safeco Insurance Company of Oregon,04.0 Homeowners,04.0000 Homeowners Sub-TOI Combinations,0.000%,0.000%,-2760,14821,56473810,1.200%,-6.700%,rate_change,LBPM-134745559,Acknowledged,2025-11-21,output/pdfs/GA/134745559/filing_summary.pdf,ambest_validated,original,ambest_cross_checked,date_relaxed
GA,01/01/2024,State Farm Fire and Casualty Company,19.0 Personal Auto,19.0001 Private Passenger Auto (PPA),0.000%,0.400%,0,59457,137192531,22.300%,-19.200%,rate_change_pending,SFMA-133804244,Received,2023-10-17,output/pdfs/GA/133804244/filing_summary.pdf,pipeline_only,extension,pipeline_extracted,
GA,01/01/2024,State Farm Mutual Automobile Insurance Company,19.0 Personal Auto,19.0001 Private Passenger Auto (PPA),0.000%,0.000%,0,1922541,2266926620,26.200%,-20.000%,rate_change_pending,SFMA-133804244,Received,2023-10-17,output/pdfs/GA/133804244/filing_summary.pdf,pipeline_only,extension,pipeline_extracted,
GA,02/19/2024,State Farm Fire and Casualty Company,19.0 Personal Auto,19.0000 Personal Auto Combinations,19.700%,7.900%,15751581,67544,198787592,19.400%,-3.200%,rate_change,SFMA-133874449,Approved,2023-11-10,output/pdfs/GA/133874449/filing_summary.pdf,pipeline_only,extension,pipeline_extracted,
GA,02/19/2024,State Farm Mutual Automobile Insurance Company,19.0 Personal Auto,19.0000 Personal Auto Combinations,11.900%,10.000%,323614074,2074402,3248234097,18.000%,-6.700%,rate_change,SFMA-133874449,Approved,2023-11-10,output/pdfs/GA/133874449/filing_summary.pdf,pipeline_only,extension,pipeline_extracted,
GA,03/15/2024,State Farm Fire and Casualty Company,04.0 Homeowners,04.0000 Homeowners Sub-TOI Combinations,13.900%,9.400%,99850854,833775,1067440083,21.100%,0.000%,rate_change,SFMA-133885337,Acknowledged,2023-11-10,output/pdfs/GA/133885337/filing_summary.pdf,pipeline_only,extension,pipeline_extracted,
GA,04/15/2024,State Farm Fire and Casualty Company,04.0 Homeowners,04.0000 Homeowners Sub-TOI Combinations,0.000%,0.000%,0,833775,1067440083,0.000%,0.000%,rate_change,SFMA-133964481,Acknowledged,2024-02-02,output/pdfs/GA/133964481/filing_summary.pdf,pipeline_only,extension,pipeline_extracted,
GA,08/19/2024,State Farm Fire and Casualty Company,19.0 Personal Auto,19.0000 Personal Auto Combinations,18.100%,4.600%,10790762,73925,233191460,21.200%,-6.200%,rate_change,SFMA-134040363,Approved,2024-03-27,output/pdfs/GA/134040363/filing_summary.pdf,pipeline_only,extension,pipeline_extracted,
GA,08/19/2024,State Farm Mutual Automobile Insurance Company,19.0 Personal Auto,19.0000 Personal Auto Combinations,6.600%,5.300%,189194278,2072829,3540928183,24.900%,-10.700%,rate_change,SFMA-134040363,Approved,2024-03-27,output/pdfs/GA/134040363/filing_summary.pdf,pipeline_only,extension,pipeline_extracted,
GA,03/15/2025,State Farm Fire and Casualty Company,04.0 Homeowners,04.0000 Homeowners Sub-TOI Combinations,12.500%,5.600%,67162482,848295,1192702137,47.600%,-39.800%,rate_change,SFMA-134042440,Acknowledged,2024-04-23,output/pdfs/GA/134042440/filing_summary.pdf,ambest_validated,original,ambest_cross_checked,direct
GA,08/01/2024,State Farm Fire and Casualty Company,19.0 Personal Auto,19.0002 Motorcycle,0.000%,0.000%,0,2231,1821417,10.900%,-6.500%,rate_change,SFMA-134075208,Approved,2024-05-16,output/pdfs/GA/134075208/filing_summary.pdf,pipeline_only,extension,pipeline_extracted,
GA,08/01/2024,State Farm Mutual Automobile Insurance Company,19.0 Personal Auto,19.0002 Motorcycle,0.000%,0.000%,0,38341,16751709,10.800%,-9.000%,rate_change,SFMA-134075208,Approved,2024-05-16,output/pdfs/GA/134075208/filing_summary.pdf,pipeline_only,extension,pipeline_extracted,
GA,12/13/2024,State Farm Fire and Casualty Company,19.0 Personal Auto,19.0000 Personal Auto Combinations,9.900%,-2.700%,-6336860,71583,233453435,0.000%,-4.500%,rate_change,SFMA-134247090,Approved,2024-09-13,output/pdfs/GA/134247090/filing_summary.pdf,ambest_validated,extension,ambest_cross_checked,date_relaxed
GA,12/13/2024,State Farm Mutual Automobile Insurance Company,19.0 Personal Auto,19.0000 Personal Auto Combinations,-2.700%,-3.300%,-121099283,2068581,3700633379,0.000%,-8.000%,rate_change,SFMA-134247090,Approved,2024-09-13,output/pdfs/GA/134247090/filing_summary.pdf,ambest_validated,extension,ambest_cross_checked,date_relaxed
GA,08/25/2025,State Farm Fire and Casualty Company,19.0 Personal Auto,19.0000 Personal Auto Combinations,0.000%,0.000%,0,71583,227116576,,,rate_change,SFMA-134249853,Approved,2024-09-20,output/pdfs/GA/134249853/filing_summary.pdf,pipeline_only,original,pipeline_extracted_in_validated_window,
GA,08/25/2025,State Farm Mutual Automobile Insurance Company,19.0 Personal Auto,19.0000 Personal Auto Combinations,0.000%,0.000%,0,2068581,3579534096,,,rate_change,SFMA-134249853,Approved,2024-09-20,output/pdfs/GA/134249853/filing_summary.pdf,pipeline_only,original,pipeline_extracted_in_validated_window,
GA,08/25/2025,State Farm Fire and Casualty Company,19.0 Personal Auto,19.0000 Personal Auto Combinations,0.000%,0.000%,0,71583,227116576,,,rate_change,SFMA-134249896,Approved,2024-09-20,output/pdfs/GA/134249896/filing_summary.pdf,pipeline_only,original,pipeline_extracted_in_validated_window,
GA,08/25/2025,State Farm Mutual Automobile Insurance Company,19.0 Personal Auto,19.0000 Personal Auto Combinations,0.000%,0.000%,0,2068581,3579534096,,,rate_change,SFMA-134249896,Approved,2024-09-20,output/pdfs/GA/134249896/filing_summary.pdf,pipeline_only,original,pipeline_extracted_in_validated_window,
GA,08/25/2025,State Farm Fire and Casualty Company,19.0 Personal Auto,19.0000 Personal Auto Combinations,0.000%,0.000%,0,71583,227116576,,,rate_change,SFMA-134251542,Approved,2024-09-20,output/pdfs/GA/134251542/filing_summary.pdf,pipeline_only,original,pipeline_extracted_in_validated_window,
GA,08/25/2025,State Farm Mutual Automobile Insurance Company,19.0 Personal Auto,19.0000 Personal Auto Combinations,0.000%,0.000%,0,2068581,3579534096,,,rate_change,SFMA-134251542,Approved,2024-09-20,output/pdfs/GA/134251542/filing_summary.pdf,pipeline_only,original,pipeline_extracted_in_validated_window,
GA,08/25/2025,State Farm Fire and Casualty Company,19.0 Personal Auto,19.0000 Personal Auto Combinations,0.000%,0.000%,0,71583,227116576,,,rate_change,SFMA-134251547,Approved,2024-09-20,output/pdfs/GA/134251547/filing_summary.pdf,pipeline_only,original,pipeline_extracted_in_validated_window,
GA,08/25/2025,State Farm Mutual Automobile Insurance Company,19.0 Personal Auto,19.0000 Personal Auto Combinations,0.000%,0.000%,0,2068581,3579534096,,,rate_change,SFMA-134251547,Approved,2024-09-20,output/pdfs/GA/134251547/filing_summary.pdf,pipeline_only,original,pipeline_extracted_in_validated_window,
GA,08/25/2025,State Farm Fire and Casualty Company,19.0 Personal Auto,19.0000 Personal Auto Combinations,0.000%,0.000%,0,71583,227116576,,,rate_change,SFMA-134251568,Approved,2024-09-20,output/pdfs/GA/134251568/filing_summary.pdf,pipeline_only,original,pipeline_extracted_in_validated_window,
GA,08/25/2025,State Farm Mutual Automobile Insurance Company,19.0 Personal Auto,19.0000 Personal Auto Combinations,0.000%,0.000%,0,2068581,3579534096,,,rate_change,SFMA-134251568,Approved,2024-09-20,output/pdfs/GA/134251568/filing_summary.pdf,pipeline_only,original,pipeline_extracted_in_validated_window,
GA,03/01/2025,State Farm Fire and Casualty Company,04.0 Homeowners,04.0002 Mobile Homeowners,0.000%,0.000%,0,23715,21087253,0.000%,0.000%,rate_change,SFMA-134275619,Acknowledged,2024-10-11,output/pdfs/GA/134275619/filing_summary.pdf,ambest_validated,original,ambest_cross_checked,direct
GA,09/04/2025,State Farm Fire and Casualty Company,19.0 Personal Auto,19.0001 Private Passenger Auto (PPA),0.000%,0.000%,0,71555,186755555,31.000%,-20.000%,rate_change,SFMA-134293778,Approved,2025-01-20,output/pdfs/GA/134293778/filing_summary.pdf,ambest_validated,original,ambest_cross_checked,direct
GA,09/04/2025,State Farm Mutual Automobile Insurance Company,19.0 Personal Auto,19.0001 Private Passenger Auto (PPA),0.000%,0.000%,0,1968077,2886008058,24.400%,-27.200%,rate_change,SFMA-134293778,Approved,2025-01-20,output/pdfs/GA/134293778/filing_summary.pdf,ambest_validated,original,ambest_cross_checked,direct
GA,08/25/2025,State Farm Fire and Casualty Company,19.0 Personal Auto,19.0000 Personal Auto Combinations,15.300%,0.000%,0,71699,227116575,28.200%,-11.200%,rate_change_withdrawn,SFMA-134306118,Withdrawn,2024-11-08,output/pdfs/GA/134306118/filing_summary.pdf,pipeline_only,original,pipeline_extracted_in_validated_window,
GA,08/25/2025,State Farm Mutual Automobile Insurance Company,19.0 Personal Auto,19.0000 Personal Auto Combinations,3.000%,0.000%,0,2070767,3579534096,171.200%,-35.100%,rate_change_withdrawn,SFMA-134306118,Withdrawn,2024-11-08,output/pdfs/GA/134306118/filing_summary.pdf,pipeline_only,original,pipeline_extracted_in_validated_window,
GA,08/25/2025,State Farm Fire and Casualty Company,19.0 Personal Auto,19.0000 Personal Auto Combinations,15.300%,0.000%,0,71699,227116575,28.200%,-11.200%,rate_change,SFMA-134315020,Approved,2024-11-11,output/pdfs/GA/134315020/filing_summary.pdf,ambest_validated,original,ambest_cross_checked,direct
GA,08/25/2025,State Farm Mutual Automobile Insurance Company,19.0 Personal Auto,19.0000 Personal Auto Combinations,3.000%,0.000%,0,2070767,3579534096,171.200%,-35.100%,rate_change,SFMA-134315020,Approved,2024-11-11,output/pdfs/GA/134315020/filing_summary.pdf,ambest_validated,original,ambest_cross_checked,direct
GA,06/13/2025,State Farm Fire and Casualty Company,19.0 Personal Auto,19.0000 Personal Auto Combinations,10.400%,-4.600%,-8079922,57873,175964660,0.300%,-12.800%,rate_change,SFMA-134459996,Approved,2025-03-18,output/pdfs/GA/134459996/filing_summary.pdf,ambest_validated,original,ambest_cross_checked,date_relaxed
GA,06/13/2025,State Farm Mutual Automobile Insurance Company,19.0 Personal Auto,19.0000 Personal Auto Combinations,-1.700%,-4.400%,-152111170,2039249,3490462285,1.600%,-10.500%,rate_change,SFMA-134459996,Approved,2025-03-18,output/pdfs/GA/134459996/filing_summary.pdf,ambest_validated,original,ambest_cross_checked,date_relaxed
GA,11/28/2025,State Farm Fire and Casualty Company,19.0 Personal Auto,19.0000 Personal Auto Combinations,18.800%,-1.500%,-2876282,54683,189889171,0.000%,-4.900%,rate_change,SFMA-134677514,Approved,2025-09-22,output/pdfs/GA/134677514/filing_summary.pdf,ambest_validated,original,ambest_cross_checked,date_relaxed
GA,11/28/2025,State Farm Mutual Automobile Insurance Company,19.0 Personal Auto,19.0000 Personal Auto Combinations,4.400%,-3.000%,-101765108,2069411,3390497934,0.000%,-7.300%,rate_change,SFMA-134677514,Approved,2025-09-22,output/pdfs/GA/134677514/filing_summary.pdf,ambest_validated,original,ambest_cross_checked,date_relaxed
GA,02/18/2024,Travelers Personal Insurance Company,04.0 Homeowners,04.0000 Homeowners Sub-TOI Combinations,19.100%,14.500%,38577438,158258,266051299,44.100%,-2.900%,rate_change,TRVD-133778191,Acknowledged,,output/pdfs/GA/133778191/filing_summary.pdf,ambest_validated,extension,ambest_cross_checked,date_relaxed
GA,05/11/2024,The Travelers Home and Marine Insurance Company,04.0 Homeowners,04.0000 Homeowners Sub-TOI Combinations,7.400%,7.100%,7307721,45525,102925647,19.700%,0.000%,rate_change,TRVD-133894014,Acknowledged,,output/pdfs/GA/133894014/filing_summary.pdf,pipeline_only,extension,pipeline_extracted,
GA,05/11/2024,Travelers Commercial Insurance Company,04.0 Homeowners,04.0000 Homeowners Sub-TOI Combinations,7.400%,7.200%,714259,4755,9920262,19.500%,0.000%,rate_change,TRVD-133894014,Acknowledged,,output/pdfs/GA/133894014/filing_summary.pdf,pipeline_only,extension,pipeline_extracted,
GA,07/13/2025,Travelers Personal Insurance Company,04.0 Homeowners,04.0000 Homeowners Sub-TOI Combinations,,0.000%,0,155331,361289185,85.700%,31.800%,rate_change,TRVD-G134201841,Acknowledged,,output/pdfs/GA/134225091/filing_summary.pdf,ambest_validated,original,ambest_cross_checked,direct
GA,02/21/2025,Travelers Personal Insurance Company,04.0 Homeowners,04.0000 Homeowners Sub-TOI Combinations,24.600%,14.900%,46861334,155331,314505599,19.600%,0.000%,rate_change,TRVD-G134332321,Acknowledged,,output/pdfs/GA/134341441/filing_summary.pdf,ambest_validated,original,ambest_cross_checked,date_relaxed
GA,05/01/2024,United Services Automobile Association,19.0 Personal Auto,19.0001 Private Passenger Auto (PPA),,0.000%,0,106574,314801933,48.500%,-20.500%,rate_change,USAA-133943045,Approved,2024-01-11,output/pdfs/GA/133943045/filing_summary.pdf,pipeline_only,extension,pipeline_extracted,
GA,05/01/2024,USAA Casualty Insurance Company,19.0 Personal Auto,19.0001 Private Passenger Auto (PPA),,0.000%,0,110227,304380841,48.600%,-19.100%,rate_change,USAA-133943045,Approved,2024-01-11,output/pdfs/GA/133943045/filing_summary.pdf,pipeline_only,extension,pipeline_extracted,
GA,05/01/2024,USAA General Indemnity Company,19.0 Personal Auto,19.0001 Private Passenger Auto (PPA),,0.000%,0,76323,220074857,43.500%,-22.200%,rate_change,USAA-133943045,Approved,2024-01-11,output/pdfs/GA/133943045/filing_summary.pdf,pipeline_only,extension,pipeline_extracted,
GA,05/01/2024,Garrison Property and Casualty Insurance Company,19.0 Personal Auto,19.0001 Private Passenger Auto (PPA),,0.000%,0,47512,130742767,39.300%,-17.600%,rate_change,USAA-133943045,Approved,2024-01-11,output/pdfs/GA/133943045/filing_summary.pdf,pipeline_only,extension,pipeline_extracted,
GA,08/02/2024,United Services Automobile Association,04.0 Homeowners,04.0000 Homeowners Sub-TOI Combinations,15.800%,9.900%,21166255,84170,213800555,20.000%,-1.000%,rate_change,USAA-133877250,Acknowledged,2023-11-14,output/pdfs/GA/133877250/filing_summary.pdf,pipeline_only,extension,pipeline_extracted,
GA,08/02/2024,USAA Casualty Insurance Company,04.0 Homeowners,04.0000 Homeowners Sub-TOI Combinations,15.800%,9.900%,15619838,60381,157775146,20.000%,-1.000%,rate_change,USAA-133877250,Acknowledged,2023-11-14,output/pdfs/GA/133877250/filing_summary.pdf,pipeline_only,extension,pipeline_extracted,
GA,08/02/2024,USAA General Indemnity Company,04.0 Homeowners,04.0000 Homeowners Sub-TOI Combinations,15.800%,9.900%,10499348,45271,106054021,20.000%,-1.000%,rate_change,USAA-133877250,Acknowledged,2023-11-14,output/pdfs/GA/133877250/filing_summary.pdf,pipeline_only,extension,pipeline_extracted,
GA,08/02/2024,Garrison Property and Casualty Insurance Company,04.0 Homeowners,04.0000 Homeowners Sub-TOI Combinations,15.800%,9.900%,6018596,21456,60793902,20.000%,-1.000%,rate_change,USAA-133877250,Acknowledged,2023-11-14,output/pdfs/GA/133877250/filing_summary.pdf,pipeline_only,extension,pipeline_extracted,
GA,09/14/2024,United Services Automobile Association,04.0 Homeowners,04.0004 Tenant Homeowners,12.600%,9.400%,415635,16111,4411664,12.700%,0.000%,rate_change,USAA-134073334,Acknowledged,2024-04-19,output/pdfs/GA/134073334/filing_summary.pdf,pipeline_only,extension,pipeline_extracted,
GA,09/14/2024,USAA Casualty Insurance Company,04.0 Homeowners,04.0004 Tenant Homeowners,9.300%,9.100%,575862,24781,6641052,11.500%,0.000%,rate_change,USAA-134073334,Acknowledged,2024-04-19,output/pdfs/GA/134073334/filing_summary.pdf,pipeline_only,extension,pipeline_extracted,
GA,09/14/2024,USAA General Indemnity Company,04.0 Homeowners,04.0004 Tenant Homeowners,15.400%,9.400%,491053,19545,5201903,12.900%,0.000%,rate_change,USAA-134073334,Acknowledged,2024-04-19,output/pdfs/GA/134073334/filing_summary.pdf,pipeline_only,extension,pipeline_extracted,
GA,09/14/2024,Garrison Property and Casualty Insurance Company,04.0 Homeowners,04.0004 Tenant Homeowners,20.600%,9.400%,437168,17982,4672178,12.700%,0.000%,rate_change,USAA-134073334,Acknowledged,2024-04-19,output/pdfs/GA/134073334/filing_summary.pdf,pipeline_only,extension,pipeline_extracted,
GA,11/14/2025,Garrison Property and Casualty Insurance Company,04.0 Homeowners,04.0000 Homeowners Sub-TOI Combinations,,0.000%,0,0,0,0.000%,0.000%,rate_change,USAA-134673885,Acknowledged,2025-09-25,output/pdfs/GA/134673885/filing_summary.pdf,ambest_validated,original,ambest_cross_checked,direct
GA,11/14/2025,United Services Automobile Association,04.0 Homeowners,04.0000 Homeowners Sub-TOI Combinations,,0.000%,0,0,0,0.000%,0.000%,rate_change,USAA-134673885,Acknowledged,2025-09-25,output/pdfs/GA/134673885/filing_summary.pdf,ambest_validated,original,ambest_cross_checked,direct
GA,11/14/2025,USAA Casualty Insurance Company,04.0 Homeowners,04.0000 Homeowners Sub-TOI Combinations,,0.000%,0,0,0,0.000%,0.000%,rate_change,USAA-134673885,Acknowledged,2025-09-25,output/pdfs/GA/134673885/filing_summary.pdf,ambest_validated,original,ambest_cross_checked,direct
GA,11/14/2025,USAA General Indemnity Company,04.0 Homeowners,04.0000 Homeowners Sub-TOI Combinations,,0.000%,0,0,0,0.000%,0.000%,rate_change,USAA-134673885,Acknowledged,2025-09-25,output/pdfs/GA/134673885/filing_summary.pdf,ambest_validated,original,ambest_cross_checked,direct
GA,05/17/2025,United Services Automobile Association,04.0 Homeowners,04.0000 Homeowners Sub-TOI Combinations,7.200%,7.100%,14800562,85907,207584956,17.600%,6.300%,rate_change,USAA-134413811,Acknowledged,2025-02-24,output/pdfs/GA/134413811/filing_summary.pdf,ambest_validated,original,ambest_cross_checked,direct
GA,05/17/2025,USAA Casualty Insurance Company,04.0 Homeowners,04.0000 Homeowners Sub-TOI Combinations,4.800%,4.700%,7278647,64006,154870294,15.200%,3.900%,rate_change,USAA-134413811,Acknowledged,2025-02-24,output/pdfs/GA/134413811/filing_summary.pdf,ambest_validated,original,ambest_cross_checked,direct
GA,05/17/2025,USAA General Indemnity Company,04.0 Homeowners,04.0000 Homeowners Sub-TOI Combinations,6.600%,5.800%,6006382,46675,103207579,15.100%,5.100%,rate_change,USAA-134413811,Acknowledged,2025-02-24,output/pdfs/GA/134413811/filing_summary.pdf,ambest_validated,original,ambest_cross_checked,direct
GA,05/17/2025,Garrison Property and Casualty Insurance Company,04.0 Homeowners,04.0000 Homeowners Sub-TOI Combinations,4.100%,4.100%,2388536,23568,58821141,15.100%,3.300%,rate_change,USAA-134413811,Acknowledged,2025-02-24,output/pdfs/GA/134413811/filing_summary.pdf,ambest_validated,original,ambest_cross_checked,direct
GA,11/18/2024,United Services Automobile Association,19.0 Personal Auto,19.0001 Private Passenger Auto (PPA),,0.000%,0,0,0,0.000%,0.000%,rate_change_pending,USAA-134199714,Received,2024-08-05,output/pdfs/GA/134199714/filing_summary.pdf,pipeline_only,extension,pipeline_extracted,
GA,11/18/2024,USAA Casualty Insurance Company,19.0 Personal Auto,19.0001 Private Passenger Auto (PPA),,0.000%,0,0,0,0.000%,0.000%,rate_change_pending,USAA-134199714,Received,2024-08-05,output/pdfs/GA/134199714/filing_summary.pdf,pipeline_only,extension,pipeline_extracted,
GA,11/18/2024,USAA General Indemnity Company,19.0 Personal Auto,19.0001 Private Passenger Auto (PPA),,0.000%,0,0,0,0.000%,0.000%,rate_change_pending,USAA-134199714,Received,2024-08-05,output/pdfs/GA/134199714/filing_summary.pdf,pipeline_only,extension,pipeline_extracted,
GA,11/18/2024,Garrison Property and Casualty Insurance Company,19.0 Personal Auto,19.0001 Private Passenger Auto (PPA),,0.000%,0,0,0,0.000%,0.000%,rate_change_pending,USAA-134199714,Received,2024-08-05,output/pdfs/GA/134199714/filing_summary.pdf,pipeline_only,extension,pipeline_extracted,
GA,05/25/2024,Garrison Property and Casualty Insurance Company,19.0 Personal Auto,19.0001 Private Passenger Auto (PPA),,0.000%,0,0,0,0.000%,0.000%,rate_change,USAA-134047459,Approved,2024-03-28,output/pdfs/GA/134047459/filing_summary.pdf,pipeline_only,extension,pipeline_extracted,
GA,05/25/2024,United Services Automobile Association,19.0 Personal Auto,19.0001 Private Passenger Auto (PPA),,0.000%,0,0,0,0.000%,0.000%,rate_change,USAA-134047459,Approved,2024-03-28,output/pdfs/GA/134047459/filing_summary.pdf,pipeline_only,extension,pipeline_extracted,
GA,05/25/2024,USAA Casualty Insurance Company,19.0 Personal Auto,19.0001 Private Passenger Auto (PPA),,0.000%,0,0,0,0.000%,0.000%,rate_change,USAA-134047459,Approved,2024-03-28,output/pdfs/GA/134047459/filing_summary.pdf,pipeline_only,extension,pipeline_extracted,
GA,05/25/2024,USAA General Indemnity Company,19.0 Personal Auto,19.0001 Private Passenger Auto (PPA),,0.000%,0,0,0,0.000%,0.000%,rate_change,USAA-134047459,Approved,2024-03-28,output/pdfs/GA/134047459/filing_summary.pdf,pipeline_only,extension,pipeline_extracted,
GA,08/01/2025,Garrison Property and Casualty Insurance Company,19.0 Personal Auto,19.0001 Private Passenger Auto (PPA),,0.000%,0,0,0,0.000%,0.000%,rate_change_pending,USAA-134387937,Received,2025-01-29,output/pdfs/GA/134387937/filing_summary.pdf,ambest_validated,original,ambest_cross_checked,direct
GA,08/01/2025,United Services Automobile Association,19.0 Personal Auto,19.0001 Private Passenger Auto (PPA),,0.000%,0,0,0,0.000%,0.000%,rate_change_pending,USAA-134387937,Received,2025-01-29,output/pdfs/GA/134387937/filing_summary.pdf,ambest_validated,original,ambest_cross_checked,direct
GA,08/01/2025,USAA Casualty Insurance Company,19.0 Personal Auto,19.0001 Private Passenger Auto (PPA),,0.000%,0,0,0,0.000%,0.000%,rate_change_pending,USAA-134387937,Received,2025-01-29,output/pdfs/GA/134387937/filing_summary.pdf,ambest_validated,original,ambest_cross_checked,direct
GA,08/01/2025,USAA General Indemnity Company,19.0 Personal Auto,19.0001 Private Passenger Auto (PPA),,0.000%,0,0,0,0.000%,0.000%,rate_change_pending,USAA-134387937,Received,2025-01-29,output/pdfs/GA/134387937/filing_summary.pdf,ambest_validated,original,ambest_cross_checked,direct
GA,04/03/2026,United Services Automobile Association,19.0 Personal Auto,19.0001 Private Passenger Auto (PPA),,0.000%,0,0,416907416,0.000%,0.000%,rate_change,USAA-134740517,Approved,2025-11-14,output/pdfs/GA/134740517/filing_summary.pdf,ambest_validated,original,ambest_cross_checked,direct
GA,04/03/2026,USAA Casualty Insurance Company,19.0 Personal Auto,19.0001 Private Passenger Auto (PPA),,0.000%,0,0,404563333,0.000%,0.000%,rate_change,USAA-134740517,Approved,2025-11-14,output/pdfs/GA/134740517/filing_summary.pdf,ambest_validated,original,ambest_cross_checked,direct
GA,04/03/2026,USAA General Indemnity Company,19.0 Personal Auto,19.0001 Private Passenger Auto (PPA),,0.000%,0,0,286143282,0.000%,0.000%,rate_change,USAA-134740517,Approved,2025-11-14,output/pdfs/GA/134740517/filing_summary.pdf,ambest_validated,original,ambest_cross_checked,direct
GA,04/03/2026,Garrison Property and Casualty Insurance Company,19.0 Personal Auto,19.0001 Private Passenger Auto (PPA),,0.000%,0,0,168342946,0.000%,0.000%,rate_change,USAA-134740517,Approved,2025-11-14,output/pdfs/GA/134740517/filing_summary.pdf,ambest_validated,original,ambest_cross_checked,direct
GA,05/17/2025,United Services Automobile Association,19.0 Personal Auto,19.0001 Private Passenger Auto (PPA),,0.000%,0,104426,155823784,0.000%,0.000%,rate_change,USAA-134208290,Approved,2024-08-28,output/pdfs/GA/134208290/filing_summary.pdf,ambest_validated,original,ambest_cross_checked,direct
GA,05/17/2025,USAA Casualty Insurance Company,19.0 Personal Auto,19.0001 Private Passenger Auto (PPA),,0.000%,0,107273,171465667,0.000%,0.000%,rate_change,USAA-134208290,Approved,2024-08-28,output/pdfs/GA/134208290/filing_summary.pdf,ambest_validated,original,ambest_cross_checked,direct
GA,05/17/2025,USAA General Indemnity Company,19.0 Personal Auto,19.0001 Private Passenger Auto (PPA),,0.000%,0,75337,114461023,0.000%,0.000%,rate_change,USAA-134208290,Approved,2024-08-28,output/pdfs/GA/134208290/filing_summary.pdf,ambest_validated,original,ambest_cross_checked,direct
GA,05/17/2025,Garrison Property and Casualty Insurance Company,19.0 Personal Auto,19.0001 Private Passenger Auto (PPA),,0.000%,0,46089,69211250,0.000%,0.000%,rate_change,USAA-134208290,Approved,2024-08-28,output/pdfs/GA/134208290/filing_summary.pdf,ambest_validated,original,ambest_cross_checked,direct
GA,05/13/2024,Farmers Group Property and Casualty Insurance Company,04.0 Homeowners,04.0000 Homeowners Sub-TOI Combinations,14.000%,13.400%,1045317,4451,7800871,20.000%,0.000%,rate_change,FAIG-134000055,Acknowledged,2024-02-20,output/pdfs/GA/134000055/filing_summary.pdf,pipeline_only,extension,pipeline_extracted,
GA,05/13/2025,Farmers Group Property and Casualty Insurance Company,04.0 Homeowners,04.0000 Homeowners Sub-TOI Combinations,57.600%,7.000%,695000,4278,9927000,19.400%,0.000%,rate_change,FAIG-134443477,Acknowledged,2025-03-04,output/pdfs/GA/134443477/filing_summary.pdf,ambest_validated,original,ambest_cross_checked,direct
GA,08/09/2025,Farmers Group Property and Casualty Insurance Company,04.0 Homeowners,04.0000 Homeowners Sub-TOI Combinations,0.000%,0.000%,0,0,0,0.000%,0.000%,rate_change_withdrawn,FAIG-134623862,Withdrawn,2025-07-31,output/pdfs/GA/134623862/filing_summary.pdf,ambest_validated,original,ambest_cross_checked,date_relaxed
GA,05/06/2024,Farmers Group Property and Casualty Insurance Company,19.0 Personal Auto,19.0001 Private Passenger Auto (PPA),29.800%,12.600%,12877,55,102195,20.000%,8.600%,rate_change,FAIG-134019038,Approved,2024-03-04,output/pdfs/GA/134019038/filing_summary.pdf,pipeline_only,extension,pipeline_extracted,
GA,05/06/2024,Farmers Group Property and Casualty Insurance Company,19.0 Personal Auto,19.0001 Private Passenger Auto (PPA),20.800%,12.900%,2895825,6323,22448255,20.000%,9.800%,rate_change,FAIG-134018930,Approved,2024-03-04,output/pdfs/GA/134018930/filing_summary.pdf,pipeline_only,extension,pipeline_extracted,
GA,02/02/2026,Farmers Group Property and Casualty Insurance Company,19.0 Personal Auto,19.0001 Private Passenger Auto (PPA),5.700%,5.000%,1283282,5185,25665646,20.000%,-2.500%,rate_change,FAIG-134716067,Approved,2025-10-27,output/pdfs/GA/134716067/filing_summary.pdf,ambest_validated,original,ambest_cross_checked,date_relaxed
GA,06/20/2025,Farmers Group Property and Casualty Insurance Company,19.0 Personal Auto,19.0001 Private Passenger Auto (PPA),21.300%,22.800%,20573,73,174868,13.800%,10.300%,rate_change_withdrawn,FAIG-134505916,Withdrawn,2025-04-23,output/pdfs/GA/134505916/filing_summary.pdf,pipeline_only,original,pipeline_extracted_in_validated_window,
GA,06/20/2025,Farmers Group Property and Casualty Insurance Company,19.0 Personal Auto,19.0001 Private Passenger Auto (PPA),10.500%,7.000%,2112298,7726,30155438,15.000%,-7.900%,rate_change,FAIG-134505696,Approved,2025-04-23,output/pdfs/GA/134505696/filing_summary.pdf,ambest_validated,original,ambest_cross_checked,direct
GA,07/15/2025,Farmers Insurance Exchange,04.0 Homeowners,04.0000 Homeowners Sub-TOI Combinations,40.000%,0.200%,224000,64010,143478000,10.000%,0.000%,rate_change,FARM-134467294,Acknowledged,2025-03-21,output/pdfs/GA/134467294/filing_summary.pdf,ambest_validated,original,ambest_cross_checked,direct
GA,07/15/2025,Fire Insurance Exchange,04.0 Homeowners,04.0000 Homeowners Sub-TOI Combinations,40.000%,0.400%,25000,8381,7030000,10.000%,0.000%,rate_change,FARM-134467294,Acknowledged,2025-03-21,output/pdfs/GA/134467294/filing_summary.pdf,ambest_validated,original,ambest_cross_checked,direct
GA,07/15/2024,Farmers Insurance Exchange,04.0 Homeowners,04.0000 Homeowners Sub-TOI Combinations,79.100%,0.000%,0,79157,148565308,0.000%,0.000%,rate_change,FARM-134066732,Acknowledged,2024-04-12,output/pdfs/GA/134066732/filing_summary.pdf,pipeline_only,extension,pipeline_extracted,
GA,07/15/2024,Fire Insurance Exchange,04.0 Homeowners,04.0000 Homeowners Sub-TOI Combinations,79.100%,9.875%,58775,2731,595163,24.900%,9.900%,rate_change,FARM-134066732,Acknowledged,2024-04-12,output/pdfs/GA/134066732/filing_summary.pdf,pipeline_only,extension,pipeline_extracted,
GA,04/13/2026,Farmers Insurance Exchange,19.0 Personal Auto,19.0001 Private Passenger Auto (PPA),0.000%,0.000%,0,8366,29880098,20.800%,-26.800%,rate_change,FARM-134755086,Approved,2025-12-02,output/pdfs/GA/134755086/filing_summary.pdf,pipeline_only,original,pipeline_extracted_in_validated_window,
GA,03/29/2025,Farmers Insurance Exchange,19.0 Personal Auto,19.0001 Private Passenger Auto (PPA),0.000%,0.000%,0,0,29605284,0.000%,0.000%,rate_change_pending,FARM-134406664,Received,2025-02-11,output/pdfs/GA/134406664/filing_summary.pdf,ambest_validated,original,ambest_cross_checked,direct
GA,03/25/2024,Farmers Insurance Exchange,19.0 Personal Auto,19.0001 Private Passenger Auto (PPA),0.000%,0.000%,0,0,0,0.000%,0.000%,rate_change_pending,FARM-133979618,Received,2024-02-09,output/pdfs/GA/133979618/filing_summary.pdf,pipeline_only,extension,pipeline_extracted,
GA,01/12/2026,Farmers Insurance Exchange,19.0 Personal Auto,19.0001 Private Passenger Auto (PPA),30.800%,0.000%,-8666,8892,28485686,13.200%,-10.500%,rate_change,FARM-134567206,Approved,2025-06-13,output/pdfs/GA/134567206/filing_summary.pdf,ambest_validated,original,ambest_cross_checked,direct
GA,09/29/2024,Farmers Insurance Exchange,19.0 Personal Auto,19.0001 Private Passenger Auto (PPA),0.000%,0.000%,0,4480,21616213,7.300%,-36.300%,rate_change_pending,FARM-134174662,Received,2024-07-12,output/pdfs/GA/134174662/filing_summary.pdf,pipeline_only,extension,pipeline_extracted,
GA,08/29/2025,Farmers Insurance Exchange,19.0 Personal Auto,19.0001 Private Passenger Auto (PPA),0.000%,0.000%,0,0,28485686,0.000%,0.000%,rate_change_pending,FARM-134603070,Received,2025-07-15,output/pdfs/GA/134603070/filing_summary.pdf,ambest_validated,original,ambest_cross_checked,direct
GA,03/16/2026,Farmers Insurance Exchange,19.0 Personal Auto,19.0001 Private Passenger Auto (PPA),0.000%,0.000%,0,0,29880098,0.000%,0.000%,rate_change_pending,FARM-134809737,Received,2026-01-30,output/pdfs/GA/134809737/filing_summary.pdf,ambest_validated,original,ambest_cross_checked,direct
GA,10/12/2024,Farmers Insurance Exchange,19.0 Personal Auto,19.0001 Private Passenger Auto (PPA),0.000%,0.000%,0,0,21616213,0.000%,0.000%,rate_change_pending,FARM-134220168,Received,2024-08-28,output/pdfs/GA/134220168/filing_summary.pdf,pipeline_only,extension,pipeline_extracted,
GA,07/15/2024,Farmers Insurance Exchange,19.0 Personal Auto,19.0001 Private Passenger Auto (PPA),0.000%,0.000%,0,0,0,0.000%,0.000%,rate_change_pending,FARM-134117222,Received,2024-05-24,output/pdfs/GA/134117222/filing_summary.pdf,pipeline_only,extension,pipeline_extracted,
GA,02/09/2026,Farmers Insurance Exchange,19.0 Personal Auto,19.0001 Private Passenger Auto (PPA),0.000%,0.000%,0,8892,28485686,0.000%,0.000%,rate_change,FARM-134736554,Approved,,output/pdfs/GA/134736554/filing_summary.pdf,ambest_validated,original,ambest_cross_checked,direct
GA,04/08/2024,Farmers Insurance Exchange,19.0 Personal Auto,19.0001 Private Passenger Auto (PPA),0.000%,0.000%,0,198,336831,0.000%,0.000%,rate_change_pending,FARM-133959499,Received,,output/pdfs/GA/133959499/filing_summary.pdf,pipeline_only,extension,pipeline_extracted,
GA,07/15/2024,Farmers Insurance Exchange,19.0 Personal Auto,19.0001 Private Passenger Auto (PPA),38.500%,12.500%,2007355,4480,16058889,12.500%,12.500%,rate_change_pending,FARM-134086937,Received,,output/pdfs/GA/134086937/filing_summary.pdf,pipeline_only,extension,pipeline_extracted,
GA,09/15/2025,Farmers Insurance Exchange,04.0 Homeowners,04.0000 Homeowners Sub-TOI Combinations,0.000%,5.000%,0,44203,110293661,8.500%,-40.000%,rate_change,FARM-134521372,Acknowledged,2025-05-07,output/pdfs/GA/134521372/filing_summary.pdf,pipeline_only,original,pipeline_extracted_in_validated_window,
GA,09/15/2025,Farmers Insurance Exchange,04.0 Homeowners,04.0000 Homeowners Sub-TOI Combinations,0.000%,5.000%,0,7020,19426242,8.500%,-40.000%,rate_change,FARM-134522394,Acknowledged,2025-05-07,output/pdfs/GA/134522394/filing_summary.pdf,ambest_validated,original,ambest_cross_checked,direct
GA,05/13/2024,Farmers Property and Casualty Insurance Company,04.0 Homeowners,04.0000 Homeowners Sub-TOI Combinations,15.700%,14.700%,1072167,3248,7293656,16.000%,0.000%,rate_change,FAIG-133994702,Acknowledged,2024-02-16,output/pdfs/GA/133994702/filing_summary.pdf,pipeline_only,extension,pipeline_extracted,
GA,05/13/2025,Farmers Property and Casualty Insurance Company,04.0 Homeowners,04.0000 Homeowners Sub-TOI Combinations,57.600%,7.000%,585000,2736,8352000,7.300%,0.000%,rate_change,FAIG-134433368,Acknowledged,2025-02-28,output/pdfs/GA/134433368/filing_summary.pdf,ambest_validated,original,ambest_cross_checked,date_relaxed
GA,08/09/2025,Farmers Property and Casualty Insurance Company,04.0 Homeowners,04.0000 Homeowners Sub-TOI Combinations,0.000%,0.000%,0,0,0,0.000%,0.000%,rate_change,FAIG-134623738,Acknowledged,2025-07-31,output/pdfs/GA/134623738/filing_summary.pdf,ambest_validated,original,ambest_cross_checked,direct
GA,09/01/2025,Farmers Property and Casualty Insurance Company,19.0 Personal Auto,19.0001 Private Passenger Auto (PPA),0.000%,0.000%,0,0,0,0.000%,0.000%,rate_change,FAIG-134595721,Approved,,output/pdfs/GA/134595721/filing_summary.pdf,ambest_validated,original,ambest_cross_checked,direct
GA,09/01/2025,Farmers Group Property and Casualty Insurance Company,19.0 Personal Auto,19.0001 Private Passenger Auto (PPA),0.000%,0.000%,0,0,0,0.000%,0.000%,rate_change,FAIG-134595721,Approved,,output/pdfs/GA/134595721/filing_summary.pdf,ambest_validated,original,ambest_cross_checked,direct
GA,09/01/2025,Farmers Direct Property and Casualty Insurance Company,19.0 Personal Auto,19.0001 Private Passenger Auto (PPA),0.000%,0.000%,0,0,0,0.000%,0.000%,rate_change,FAIG-134595721,Approved,,output/pdfs/GA/134595721/filing_summary.pdf,ambest_validated,original,ambest_cross_checked,direct
GA,09/01/2025,Farmers Casualty Insurance Company,19.0 Personal Auto,19.0001 Private Passenger Auto (PPA),0.000%,0.000%,0,0,0,0.000%,0.000%,rate_change,FAIG-134595721,Approved,,output/pdfs/GA/134595721/filing_summary.pdf,ambest_validated,original,ambest_cross_checked,direct
GA,05/06/2024,Farmers Property and Casualty Insurance Company,19.0 Personal Auto,19.0001 Private Passenger Auto (PPA),10.900%,8.500%,288,4,3387,20.000%,5.900%,rate_change,FAIG-134018531,Approved,2024-03-04,output/pdfs/GA/134018531/filing_summary.pdf,pipeline_only,extension,pipeline_extracted,
GA,05/06/2024,Farmers Direct Property and Casualty Insurance Company,19.0 Personal Auto,19.0001 Private Passenger Auto (PPA),6.900%,0.000%,0,0,0,0.000%,0.000%,rate_change,FAIG-134018531,Approved,2024-03-04,output/pdfs/GA/134018531/filing_summary.pdf,pipeline_only,extension,pipeline_extracted,
GA,05/06/2024,Farmers Casualty Insurance Company,19.0 Personal Auto,19.0001 Private Passenger Auto (PPA),16.500%,14.600%,1975,10,13527,18.800%,8.500%,rate_change,FAIG-134018531,Approved,2024-03-04,output/pdfs/GA/134018531/filing_summary.pdf,pipeline_only,extension,pipeline_extracted,
GA,05/06/2024,Farmers Property and Casualty Insurance Company,19.0 Personal Auto,19.0001 Private Passenger Auto (PPA),6.000%,5.900%,125648,954,2129626,22.000%,3.300%,rate_change,FAIG-134018260,Approved,,output/pdfs/GA/134018260/filing_summary.pdf,pipeline_only,extension,pipeline_extracted,
GA,05/06/2024,Farmers Direct Property and Casualty Insurance Company,19.0 Personal Auto,19.0001 Private Passenger Auto (PPA),3.300%,0.000%,0,63,150867,0.000%,0.000%,rate_change,FAIG-134018260,Approved,,output/pdfs/GA/134018260/filing_summary.pdf,pipeline_only,extension,pipeline_extracted,
GA,05/06/2024,Farmers Casualty Insurance Company,19.0 Personal Auto,19.0001 Private Passenger Auto (PPA),9.700%,8.900%,480022,1803,5393509,37.900%,4.300%,rate_change,FAIG-134018260,Approved,,output/pdfs/GA/134018260/filing_summary.pdf,pipeline_only,extension,pipeline_extracted,
GA,06/20/2025,Farmers Property and Casualty Insurance Company,19.0 Personal Auto,19.0001 Private Passenger Auto (PPA),12.400%,10.900%,161,2,1469,11.000%,10.800%,rate_change_withdrawn,FAIG-134504831,Withdrawn,,output/pdfs/GA/134504831/filing_summary.pdf,pipeline_only,original,pipeline_extracted_in_validated_window,
GA,06/20/2025,Farmers Casualty Insurance Company,19.0 Personal Auto,19.0001 Private Passenger Auto (PPA),13.500%,11.900%,1472,10,1469,11.000%,10.800%,rate_change_withdrawn,FAIG-134504831,Withdrawn,,output/pdfs/GA/134504831/filing_summary.pdf,pipeline_only,original,pipeline_extracted_in_validated_window,
GA,06/20/2025,Farmers Property and Casualty Insurance Company,19.0 Personal Auto,19.0001 Private Passenger Auto (PPA),7.500%,7.300%,161643,904,2205492,12.800%,1.100%,rate_change,FAIG-134504059,Approved,2025-04-23,output/pdfs/GA/134504059/filing_summary.pdf,ambest_validated,original,ambest_cross_checked,direct
GA,06/20/2025,Farmers Direct Property and Casualty Insurance Company,19.0 Personal Auto,19.0001 Private Passenger Auto (PPA),13.000%,9.900%,14927,65,150625,15.500%,7.000%,rate_change,FAIG-134504059,Approved,2025-04-23,output/pdfs/GA/134504059/filing_summary.pdf,ambest_validated,original,ambest_cross_checked,direct
GA,06/20/2025,Farmers Casualty Insurance Company,19.0 Personal Auto,19.0001 Private Passenger Auto (PPA),9.300%,9.000%,514166,1769,5699237,15.600%,-8.000%,rate_change,FAIG-134504059,Approved,2025-04-23,output/pdfs/GA/134504059/filing_summary.pdf,ambest_validated,original,ambest_cross_checked,direct
GA,02/02/2026,Farmers Property and Casualty Insurance Company,19.0 Personal Auto,19.0001 Private Passenger Auto (PPA),5.100%,4.600%,91357,709,1986031,16.400%,-9.500%,rate_change,FAIG-134715546,Approved,2025-10-27,output/pdfs/GA/134715546/filing_summary.pdf,ambest_validated,original,ambest_cross_checked,date_relaxed
GA,02/02/2026,Farmers Direct Property and Casualty Insurance Company,19.0 Personal Auto,19.0001 Private Passenger Auto (PPA),11.600%,5.000%,6701,53,134026,8.000%,3.500%,rate_change,FAIG-134715546,Approved,2025-10-27,output/pdfs/GA/134715546/filing_summary.pdf,ambest_validated,original,ambest_cross_checked,date_relaxed
GA,02/02/2026,Farmers Casualty Insurance Company,19.0 Personal Auto,19.0001 Private Passenger Auto (PPA),7.100%,5.000%,231636,1208,4632719,20.000%,-9.100%,rate_change,FAIG-134715546,Approved,2025-10-27,output/pdfs/GA/134715546/filing_summary.pdf,ambest_validated,original,ambest_cross_checked,date_relaxed
GA,10/12/2024,Mid-Century Insurance Company,19.0 Personal Auto,19.0001 Private Passenger Auto (PPA),0.000%,0.000%,0,0,22275291,0.000%,0.000%,rate_change_pending,FARM-134220046,Received,2024-08-28,output/pdfs/GA/134220046/filing_summary.pdf,pipeline_only,extension,pipeline_extracted,
GA,03/25/2024,Mid-Century Insurance Company,19.0 Personal Auto,19.0001 Private Passenger Auto (PPA),0.000%,0.000%,0,0,0,0.000%,0.000%,rate_change_pending,FARM-133979606,Received,2024-02-09,output/pdfs/GA/133979606/filing_summary.pdf,pipeline_only,extension,pipeline_extracted,
GA,08/29/2025,Mid-Century Insurance Company,19.0 Personal Auto,19.0001 Private Passenger Auto (PPA),0.000%,0.000%,0,0,15415065,0.000%,0.000%,rate_change_pending,FARM-134599856,Received,2025-07-15,output/pdfs/GA/134599856/filing_summary.pdf,pipeline_only,original,pipeline_extracted_in_validated_window,
GA,03/16/2026,Mid-Century Insurance Company,19.0 Personal Auto,19.0001 Private Passenger Auto (PPA),0.000%,0.000%,0,0,10861,0.000%,0.000%,rate_change_pending,FARM-134808149,Received,2026-01-30,output/pdfs/GA/134808149/filing_summary.pdf,pipeline_only,original,pipeline_extracted_in_validated_window,
GA,03/29/2025,Mid-Century Insurance Company,19.0 Personal Auto,19.0001 Private Passenger Auto (PPA),0.000%,0.000%,0,0,13555611,0.000%,0.000%,rate_change_pending,FARM-134406005,Received,2025-02-11,output/pdfs/GA/134406005/filing_summary.pdf,pipeline_only,original,pipeline_extracted_in_validated_window,
GA,01/24/2025,Mid-Century Insurance Company,19.0 Personal Auto,19.0001 Private Passenger Auto (PPA),56.500%,12.500%,2760,13,22044,12.500%,12.500%,rate_change,FARM-134265217,Approved,2024-10-01,output/pdfs/GA/134265217/filing_summary.pdf,ambest_validated,original,ambest_cross_checked,direct
GA,02/18/2024,Mid-Century Insurance Company,19.0 Personal Auto,19.0001 Private Passenger Auto (PPA),32.900%,11.700%,3540,18,30380,18.600%,1.900%,rate_change,FARM-133847072,Approved,2023-10-12,output/pdfs/GA/133847072/filing_summary.pdf,pipeline_only,extension,pipeline_extracted,
GA,07/25/2025,Mid-Century Insurance Company,19.0 Personal Auto,19.0001 Private Passenger Auto (PPA),74.300%,12.500%,1357,7,10861,12.500%,12.500%,rate_change,FARM-134472408,Approved,2025-03-27,output/pdfs/GA/134472408/filing_summary.pdf,ambest_validated,original,ambest_cross_checked,direct
GA,04/04/2025,Mid-Century Insurance Company,19.0 Personal Auto,19.0001 Private Passenger Auto (PPA),0.000%,0.000%,0,13,22044,0.000%,0.000%,rate_change,FARM-134322016,Approved,2024-11-19,output/pdfs/GA/134322016/filing_summary.pdf,pipeline_only,original,pipeline_extracted_in_validated_window,
GA,01/24/2025,Mid-Century Insurance Company,19.0 Personal Auto,19.0001 Private Passenger Auto (PPA),39.700%,12.400%,2767339,4906,22275291,12.500%,0.000%,rate_change,FARM-134267331,Approved,2024-10-01,output/pdfs/GA/134267331/filing_summary.pdf,ambest_validated,original,ambest_cross_checked,direct
GA,02/18/2024,Mid-Century Insurance Company,19.0 Personal Auto,19.0001 Private Passenger Auto (PPA),35.600%,12.500%,3247095,6594,26056842,20.100%,0.000%,rate_change_pending,FARM-133847076,Received,2023-10-12,output/pdfs/GA/133847076/filing_summary.pdf,pipeline_only,extension,pipeline_extracted,
GA,04/04/2025,Mid-Century Insurance Company,19.0 Personal Auto,19.0001 Private Passenger Auto (PPA),0.000%,0.000%,0,4906,22275291,1.200%,-1.900%,rate_change,FARM-134322400,Approved,2024-11-19,output/pdfs/GA/134322400/filing_summary.pdf,pipeline_only,original,pipeline_extracted_in_validated_window,
GA,07/25/2025,Mid-Century Insurance Company,19.0 Personal Auto,19.0001 Private Passenger Auto (PPA),49.600%,8.800%,1361208,3312,15415065,12.600%,1.400%,rate_change,FARM-134472421,Approved,2025-03-27,output/pdfs/GA/134472421/filing_summary.pdf,ambest_validated,original,ambest_cross_checked,direct
GA,05/11/2024,Mid-Century Insurance Company,19.0 Personal Auto,19.0001 Private Passenger Auto (PPA),32.200%,12.500%,17909058,42285,143272469,20.000%,-0.100%,rate_change_pending,FARM-133843957,Received,2023-10-12,output/pdfs/GA/133843957/filing_summary.pdf,pipeline_only,extension,pipeline_extracted,
GA,03/16/2026,Mid-Century Insurance Company,19.0 Personal Auto,19.0001 Private Passenger Auto (PPA),0.000%,0.000%,0,0,76018360,0.000%,0.000%,rate_change_pending,FARM-134808853,Received,2026-01-30,output/pdfs/GA/134808853/filing_summary.pdf,ambest_validated,original,ambest_cross_checked,direct
GA,03/25/2024,Mid-Century Insurance Company,19.0 Personal Auto,19.0001 Private Passenger Auto (PPA),0.000%,0.000%,0,0,51115677,0.000%,0.000%,rate_change_pending,FARM-133979617,Received,2024-02-09,output/pdfs/GA/133979617/filing_summary.pdf,pipeline_only,extension,pipeline_extracted,
GA,07/25/2025,Mid-Century Insurance Company,19.0 Personal Auto,19.0001 Private Passenger Auto (PPA),49.600%,8.700%,6586859,20883,76018360,12.600%,0.000%,rate_change,FARM-134472372,Approved,2025-03-26,output/pdfs/GA/134472372/filing_summary.pdf,ambest_validated,original,ambest_cross_checked,direct
GA,08/29/2025,Mid-Century Insurance Company,19.0 Personal Auto,19.0001 Private Passenger Auto (PPA),0.000%,0.000%,0,0,76018360,0.000%,0.000%,rate_change_pending,FARM-134603069,Received,2025-07-15,output/pdfs/GA/134603069/filing_summary.pdf,ambest_validated,original,ambest_cross_checked,direct
GA,01/24/2025,Mid-Century Insurance Company,19.0 Personal Auto,19.0001 Private Passenger Auto (PPA),39.700%,12.100%,14858555,33354,122829402,12.500%,0.000%,rate_change,FARM-134267457,Approved,2024-10-01,output/pdfs/GA/134267457/filing_summary.pdf,ambest_validated,original,ambest_cross_checked,direct
GA,03/29/2025,Mid-Century Insurance Company,19.0 Personal Auto,19.0001 Private Passenger Auto (PPA),0.000%,0.000%,0,0,65749628,0.000%,0.000%,rate_change_pending,FARM-134406637,Received,2025-02-11,output/pdfs/GA/134406637/filing_summary.pdf,ambest_validated,original,ambest_cross_checked,direct
GA,04/04/2025,Mid-Century Insurance Company,19.0 Personal Auto,19.0001 Private Passenger Auto (PPA),0.000%,0.000%,0,33354,122829402,2.000%,-0.500%,rate_change,FARM-134320366,Approved,2024-11-15,output/pdfs/GA/134320366/filing_summary.pdf,ambest_validated,original,ambest_cross_checked,direct
GA,10/12/2024,Mid-Century Insurance Company,19.0 Personal Auto,19.0001 Private Passenger Auto (PPA),0.000%,0.000%,0,0,122829402,0.000%,0.000%,rate_change_pending,FARM-134220408,Received,2024-08-28,output/pdfs/GA/134220408/filing_summary.pdf,pipeline_only,extension,pipeline_extracted,
GA,08/11/2025,Fire Insurance Exchange,04.0 Homeowners,04.0000 Homeowners Sub-TOI Combinations,0.000%,5.000%,0,8381,7030000,8.500%,-40.000%,rate_change,FARM-134480997,Acknowledged,2025-04-04,output/pdfs/GA/134480997/filing_summary.pdf,ambest_validated,original,ambest_cross_checked,direct
GA,10/13/2025,Fire Insurance Exchange,04.0 Homeowners,04.0000 Homeowners Sub-TOI Combinations,0.000%,0.000%,0,8381,7030000,0.000%,0.000%,rate_change,FARM-134509703,Acknowledged,2025-04-28,output/pdfs/GA/134509703/filing_summary.pdf,ambest_validated,original,ambest_cross_checked,direct
GA,05/11/2024,Fire Insurance Exchange,04.0 Homeowners,04.0000 Homeowners Sub-TOI Combinations,0.000%,0.000%,0,1658,3340032,0.000%,0.000%,rate_change,FARM-133959735,Acknowledged,2024-01-22,output/pdfs/GA/133959735/filing_summary.pdf,pipeline_only,extension,pipeline_extracted,
GA,03/10/2025,Fire Insurance Exchange,04.0 Homeowners,04.0000 Homeowners Sub-TOI Combinations,0.000%,0.000%,0,0,0,0.000%,0.000%,rate_change,FARM-134357205,Acknowledged,2024-12-31,output/pdfs/GA/134357205/filing_summary.pdf,ambest_validated,original,ambest_cross_checked,direct
GA,02/18/2025,Fire Insurance Exchange,04.0 Homeowners,04.0000 Homeowners Sub-TOI Combinations,107.200%,0.000%,0,2783,5674000,0.840%,-17.950%,rate_change,FARM-134236024,Acknowledged,2024-09-25,output/pdfs/GA/134236024/filing_summary.pdf,ambest_validated,original,ambest_cross_checked,direct
GA,05/12/2025,Fire Insurance Exchange,04.0 Homeowners,04.0000 Homeowners Sub-TOI Combinations,89.200%,0.000%,0,6067,12759000,0.000%,0.000%,rate_change,FARM-134336636,Acknowledged,2024-12-03,output/pdfs/GA/134336636/filing_summary.pdf,ambest_validated,original,ambest_cross_checked,direct
GA,11/11/2024,Fire Insurance Exchange,04.0 Homeowners,04.0000 Homeowners Sub-TOI Combinations,82.800%,0.000%,0,2783,5674325,0.210%,-1.900%,rate_change,FARM-134107559,Acknowledged,,output/pdfs/GA/134107559/filing_summary.pdf,pipeline_only,extension,pipeline_extracted,
GA,07/10/2024,Nationwide Insurance Company of America,04.0 Homeowners,04.0000 Homeowners Sub-TOI Combinations,20.700%,12.900%,1073468,4716,8344231,20.000%,-11.000%,rate_change,NWPP-134021993,Acknowledged,2024-03-12,output/pdfs/GA/134021993/filing_summary.pdf,pipeline_only,extension,pipeline_extracted,
GA,07/10/2024,Nationwide General Insurance Company,04.0 Homeowners,04.0000 Homeowners Sub-TOI Combinations,4.100%,-0.300%,-188831,22719,55429579,20.000%,-22.900%,rate_change,NWPP-134021993,Acknowledged,2024-03-12,output/pdfs/GA/134021993/filing_summary.pdf,pipeline_only,extension,pipeline_extracted,
GA,07/10/2024,Nationwide Mutual Insurance Company,04.0 Homeowners,04.0000 Homeowners Sub-TOI Combinations,-14.100%,-0.200%,-35138,5094,15418857,0.400%,-16.800%,rate_change,NWPP-134021993,Acknowledged,2024-03-12,output/pdfs/GA/134021993/filing_summary.pdf,pipeline_only,extension,pipeline_extracted,
GA,07/10/2024,Nationwide Property and Casualty Insurance Company,04.0 Homeowners,04.0000 Homeowners Sub-TOI Combinations,-7.500%,-0.500%,-101399,6930,20187540,14.600%,-17.800%,rate_change,NWPP-134021993,Acknowledged,2024-03-12,output/pdfs/GA/134021993/filing_summary.pdf,pipeline_only,extension,pipeline_extracted,
GA,10/07/2025,Nationwide Mutual Insurance Company,04.0 Homeowners,04.0000 Homeowners Sub-TOI Combinations,0.000%,-0.300%,-41994,4142,12938647,0.000%,-5.800%,rate_change,NWPP-134524125,Acknowledged,2025-05-08,output/pdfs/GA/134524125/filing_summary.pdf,ambest_validated,original,ambest_cross_checked,direct
GA,10/07/2025,Nationwide Property and Casualty Insurance Company,04.0 Homeowners,04.0000 Homeowners Sub-TOI Combinations,0.000%,-0.400%,-64575,5863,17456847,0.000%,-5.400%,rate_change,NWPP-134524125,Acknowledged,2025-05-08,output/pdfs/GA/134524125/filing_summary.pdf,ambest_validated,original,ambest_cross_checked,direct
GA,09/07/2025,Nationwide Insurance Company of America,04.0 Homeowners,04.0000 Homeowners Sub-TOI Combinations,9.500%,9.100%,789425,4046,8651571,10.400%,-3.800%,rate_change,NWPP-134485376,Acknowledged,2025-04-28,output/pdfs/GA/134485376/filing_summary.pdf,ambest_validated,original,ambest_cross_checked,direct
GA,09/07/2025,Nationwide General Insurance Company,04.0 Homeowners,04.0000 Homeowners Sub-TOI Combinations,2.500%,2.100%,959996,18186,46527836,6.800%,-3.300%,rate_change,NWPP-134485376,Acknowledged,2025-04-28,output/pdfs/GA/134485376/filing_summary.pdf,ambest_validated,original,ambest_cross_checked,direct
GA,09/19/2025,Nationwide Insurance Company of America,19.0 Personal Auto,19.0001 Private Passenger Auto (PPA),,0.000%,0,4852,17108977,0.300%,-0.300%,rate_change,NWPP-134428376,Approved,2025-02-27,output/pdfs/GA/134428376/filing_summary.pdf,ambest_validated,original,ambest_cross_checked,direct
GA,09/19/2025,Nationwide General Insurance Company,19.0 Personal Auto,19.0001 Private Passenger Auto (PPA),,0.000%,0,9548,43131403,0.500%,-0.500%,rate_change,NWPP-134428376,Approved,2025-02-27,output/pdfs/GA/134428376/filing_summary.pdf,ambest_validated,original,ambest_cross_checked,direct
GA,09/19/2025,Nationwide Mutual Insurance Company,19.0 Personal Auto,19.0001 Private Passenger Auto (PPA),,-8.000%,-652294,1826,8256892,20.000%,-20.000%,rate_change,NWPP-134428376,Approved,2025-02-27,output/pdfs/GA/134428376/filing_summary.pdf,ambest_validated,original,ambest_cross_checked,direct
GA,09/19/2025,Nationwide Property and Casualty Insurance Company,19.0 Personal Auto,19.0001 Private Passenger Auto (PPA),,-7.800%,-1086789,3047,14114151,20.000%,-20.000%,rate_change,NWPP-134428376,Approved,2025-02-27,output/pdfs/GA/134428376/filing_summary.pdf,ambest_validated,original,ambest_cross_checked,direct
GA,09/19/2025,Nationwide Affinity Insurance Company of America,19.0 Personal Auto,19.0001 Private Passenger Auto (PPA),,1.500%,222259,3426,14817274,20.000%,-20.000%,rate_change,NWPP-134428376,Approved,2025-02-27,output/pdfs/GA/134428376/filing_summary.pdf,ambest_validated,original,ambest_cross_checked,direct
GA,08/25/2024,Nationwide Insurance Company of America,19.0 Personal Auto,19.0001 Private Passenger Auto (PPA),16.300%,14.500%,2445764,6156,16867339,20.000%,-5.400%,rate_change,NWPP-134064379,Approved,2024-04-15,output/pdfs/GA/134064379/filing_summary.pdf,pipeline_only,extension,pipeline_extracted,
GA,08/25/2024,Nationwide General Insurance Company,19.0 Personal Auto,19.0001 Private Passenger Auto (PPA),16.300%,10.000%,5304516,14694,53045163,20.000%,-20.000%,rate_change,NWPP-134064379,Approved,2024-04-15,output/pdfs/GA/134064379/filing_summary.pdf,pipeline_only,extension,pipeline_extracted,
GA,08/25/2024,Nationwide Mutual Insurance Company,19.0 Personal Auto,19.0001 Private Passenger Auto (PPA),16.300%,5.000%,455585,2367,9111709,20.000%,0.200%,rate_change,NWPP-134064379,Approved,2024-04-15,output/pdfs/GA/134064379/filing_summary.pdf,pipeline_only,extension,pipeline_extracted,
GA,08/25/2024,Nationwide Property and Casualty Insurance Company,19.0 Personal Auto,19.0001 Private Passenger Auto (PPA),16.300%,10.000%,1588231,4149,15882305,20.000%,3.600%,rate_change,NWPP-134064379,Approved,2024-04-15,output/pdfs/GA/134064379/filing_summary.pdf,pipeline_only,extension,pipeline_extracted,
GA,08/25/2024,Nationwide Affinity Insurance Company of America,19.0 Personal Auto,19.0001 Private Passenger Auto (PPA),16.300%,5.000%,789467,4200,15789338,20.000%,-4.300%,rate_change,NWPP-134064379,Approved,2024-04-15,output/pdfs/GA/134064379/filing_summary.pdf,pipeline_only,extension,pipeline_extracted,
GA,08/25/2024,Nationwide Insurance Company of America,19.0 Personal Auto,19.0001 Private Passenger Auto (PPA),0.000%,0.000%,0,2,2007,0.000%,0.000%,rate_change,NWPP-134058722,Approved,2024-04-12,output/pdfs/GA/134058722/filing_summary.pdf,pipeline_only,extension,pipeline_extracted,
GA,08/25/2024,Nationwide General Insurance Company,19.0 Personal Auto,19.0001 Private Passenger Auto (PPA),0.000%,0.000%,0,140,48383,0.000%,0.000%,rate_change,NWPP-134058722,Approved,2024-04-12,output/pdfs/GA/134058722/filing_summary.pdf,pipeline_only,extension,pipeline_extracted,
GA,08/25/2024,Nationwide Mutual Insurance Company,19.0 Personal Auto,19.0001 Private Passenger Auto (PPA),0.000%,0.000%,0,105,110630,0.000%,0.000%,rate_change,NWPP-134058722,Approved,2024-04-12,output/pdfs/GA/134058722/filing_summary.pdf,pipeline_only,extension,pipeline_extracted,
GA,08/25/2024,Nationwide Property and Casualty Insurance Company,19.0 Personal Auto,19.0001 Private Passenger Auto (PPA),0.000%,0.000%,0,263,271814,0.000%,0.000%,rate_change,NWPP-134058722,Approved,2024-04-12,output/pdfs/GA/134058722/filing_summary.pdf,pipeline_only,extension,pipeline_extracted,
GA,08/25/2024,Nationwide Affinity Insurance Company of America,19.0 Personal Auto,19.0001 Private Passenger Auto (PPA),0.000%,0.000%,0,103,101243,0.000%,0.000%,rate_change,NWPP-134058722,Approved,2024-04-12,output/pdfs/GA/134058722/filing_summary.pdf,pipeline_only,extension,pipeline_extracted,
GA,06/01/2025,Nationwide Insurance Company of America,19.0 Personal Auto,19.0001 Private Passenger Auto (PPA),0.000%,0.000%,0,4852,17108977,0.000%,0.000%,rate_change_pending,NWPP-134460219,Received,2025-04-01,output/pdfs/GA/134460219/filing_summary.pdf,ambest_validated,original,ambest_cross_checked,direct
GA,06/01/2025,Nationwide General Insurance Company,19.0 Personal Auto,19.0001 Private Passenger Auto (PPA),0.000%,0.000%,0,9548,43131403,0.000%,0.000%,rate_change_pending,NWPP-134460219,Received,2025-04-01,output/pdfs/GA/134460219/filing_summary.pdf,ambest_validated,original,ambest_cross_checked,direct
GA,06/01/2025,Nationwide Mutual Insurance Company,19.0 Personal Auto,19.0001 Private Passenger Auto (PPA),0.000%,0.000%,0,1826,8256892,0.000%,0.000%,rate_change_pending,NWPP-134460219,Received,2025-04-01,output/pdfs/GA/134460219/filing_summary.pdf,ambest_validated,original,ambest_cross_checked,direct
GA,06/01/2025,Nationwide Property and Casualty Insurance Company,19.0 Personal Auto,19.0001 Private Passenger Auto (PPA),0.000%,0.000%,0,3047,14114151,0.000%,0.000%,rate_change_pending,NWPP-134460219,Received,2025-04-01,output/pdfs/GA/134460219/filing_summary.pdf,ambest_validated,original,ambest_cross_checked,direct
GA,06/01/2025,Nationwide Affinity Insurance Company of America,19.0 Personal Auto,19.0001 Private Passenger Auto (PPA),0.000%,0.000%,0,3426,14817274,0.000%,0.000%,rate_change_pending,NWPP-134460219,Received,2025-04-01,output/pdfs/GA/134460219/filing_summary.pdf,ambest_validated,original,ambest_cross_checked,direct
GA,02/23/2024,Nationwide Insurance Company of America,19.0 Personal Auto,19.0001 Private Passenger Auto (PPA),21.000%,14.000%,1865939,6597,13328139,20.000%,6.600%,rate_change_pending,NWPP-133877432,Received,2023-11-06,output/pdfs/GA/133877432/filing_summary.pdf,pipeline_only,extension,pipeline_extracted,
GA,02/23/2024,Nationwide General Insurance Company,19.0 Personal Auto,19.0001 Private Passenger Auto (PPA),21.000%,14.000%,8026151,17401,57329653,20.000%,5.400%,rate_change_pending,NWPP-133877432,Received,2023-11-06,output/pdfs/GA/133877432/filing_summary.pdf,pipeline_only,extension,pipeline_extracted,
GA,02/23/2024,Nationwide Mutual Insurance Company,19.0 Personal Auto,19.0001 Private Passenger Auto (PPA),21.000%,5.100%,486252,2675,9534362,10.400%,0.400%,rate_change_pending,NWPP-133877432,Received,2023-11-06,output/pdfs/GA/133877432/filing_summary.pdf,pipeline_only,extension,pipeline_extracted,
GA,02/23/2024,Nationwide Property and Casualty Insurance Company,19.0 Personal Auto,19.0001 Private Passenger Auto (PPA),21.000%,15.000%,2498490,4760,16656603,20.000%,5.300%,rate_change_pending,NWPP-133877432,Received,2023-11-06,output/pdfs/GA/133877432/filing_summary.pdf,pipeline_only,extension,pipeline_extracted,
GA,02/23/2024,Nationwide Affinity Insurance Company of America,19.0 Personal Auto,19.0001 Private Passenger Auto (PPA),21.000%,5.000%,812490,4653,16249794,20.000%,0.100%,rate_change_pending,NWPP-133877432,Received,2023-11-06,output/pdfs/GA/133877432/filing_summary.pdf,pipeline_only,extension,pipeline_extracted,
GA,08/25/2024,Nationwide Property and Casualty Insurance Company,19.0 Personal Auto,19.0001 Private Passenger Auto (PPA),22.000%,10.000%,1588231,4149,15882305,20.000%,3.600%,rate_change_withdrawn,NWPP-134056622,Withdrawn,2024-04-12,output/pdfs/GA/134056622/filing_summary.pdf,pipeline_only,extension,pipeline_extracted,
GA,08/25/2024,Nationwide Affinity Insurance Company of America,19.0 Personal Auto,19.0001 Private Passenger Auto (PPA),22.000%,5.000%,789467,4200,15789338,20.000%,-4.300%,rate_change_withdrawn,NWPP-134056622,Withdrawn,2024-04-12,output/pdfs/GA/134056622/filing_summary.pdf,pipeline_only,extension,pipeline_extracted,
GA,08/25/2024,Nationwide Insurance Company of America,19.0 Personal Auto,19.0001 Private Passenger Auto (PPA),22.000%,14.500%,2445764,6156,16867339,20.000%,-5.400%,rate_change_withdrawn,NWPP-134056622,Withdrawn,2024-04-12,output/pdfs/GA/134056622/filing_summary.pdf,pipeline_only,extension,pipeline_extracted,
GA,08/25/2024,Nationwide General Insurance Company,19.0 Personal Auto,19.0001 Private Passenger Auto (PPA),22.000%,10.000%,5304516,14694,53045163,20.000%,-20.000%,rate_change_withdrawn,NWPP-134056622,Withdrawn,2024-04-12,output/pdfs/GA/134056622/filing_summary.pdf,pipeline_only,extension,pipeline_extracted,
GA,08/25/2024,Nationwide Mutual Insurance Company,19.0 Personal Auto,19.0001 Private Passenger Auto (PPA),22.000%,5.000%,455585,2367,9111709,20.000%,0.200%,rate_change_withdrawn,NWPP-134056622,Withdrawn,2024-04-12,output/pdfs/GA/134056622/filing_summary.pdf,pipeline_only,extension,pipeline_extracted,
GA,05/01/2024,Nationwide Insurance Company of America,19.0 Personal Auto,19.0001 Private Passenger Auto (PPA),0.000%,0.000%,0,6159,16871307,0.000%,0.000%,rate_change_pending,NWPP-133987915,Received,2024-02-14,output/pdfs/GA/133987915/filing_summary.pdf,pipeline_only,extension,pipeline_extracted,
GA,05/01/2024,Nationwide General Insurance Company,19.0 Personal Auto,19.0001 Private Passenger Auto (PPA),0.000%,0.000%,0,14739,53163081,0.000%,0.000%,rate_change_pending,NWPP-133987915,Received,2024-02-14,output/pdfs/GA/133987915/filing_summary.pdf,pipeline_only,extension,pipeline_extracted,
GA,05/01/2024,Nationwide Mutual Insurance Company,19.0 Personal Auto,19.0001 Private Passenger Auto (PPA),0.000%,0.000%,0,2474,9229558,0.000%,0.000%,rate_change_pending,NWPP-133987915,Received,2024-02-14,output/pdfs/GA/133987915/filing_summary.pdf,pipeline_only,extension,pipeline_extracted,
GA,05/01/2024,Nationwide Property and Casualty Insurance Company,19.0 Personal Auto,19.0001 Private Passenger Auto (PPA),0.000%,0.000%,0,4416,16160107,0.000%,0.000%,rate_change_pending,NWPP-133987915,Received,2024-02-14,output/pdfs/GA/133987915/filing_summary.pdf,pipeline_only,extension,pipeline_extracted,
GA,05/01/2024,Nationwide Affinity Insurance Company of America,19.0 Personal Auto,19.0001 Private Passenger Auto (PPA),0.000%,0.000%,0,4305,15893584,0.000%,0.000%,rate_change_pending,NWPP-133987915,Received,2024-02-14,output/pdfs/GA/133987915/filing_summary.pdf,pipeline_only,extension,pipeline_extracted,
GA,02/28/2025,Nationwide Insurance Company of America,19.0 Personal Auto,19.0001 Private Passenger Auto (PPA),0.000%,0.000%,0,5513,16662018,20.000%,-33.800%,rate_change,NWPP-134320933,Approved,,output/pdfs/GA/134320933/filing_summary.pdf,ambest_validated,original,ambest_cross_checked,direct
GA,09/01/2024,American Family Insurance Company,04.0 Homeowners,04.0000 Homeowners Sub-TOI Combinations,56.900%,14.900%,3593444,10829,24097111,21.400%,9.500%,rate_change,AMFC-134110874,Acknowledged,2024-05-16,output/pdfs/GA/134110874/filing_summary.pdf,pipeline_only,extension,pipeline_extracted,
GA,09/01/2025,American Family Insurance Company,04.0 Homeowners,04.0000 Homeowners Sub-TOI Combinations,12.600%,12.500%,3166879,9182,25424624,21.800%,1.900%,rate_change,AMFC-134475444,Acknowledged,2025-04-04,output/pdfs/GA/134475444/filing_summary.pdf,ambest_validated,original,ambest_cross_checked,direct
GA,03/01/2025,American Family Insurance Company,04.0 Homeowners,04.0000 Homeowners Sub-TOI Combinations,0.000%,0.000%,0,8721,21653863,0.000%,0.000%,rate_change,AMFC-134415552,Acknowledged,2025-02-12,output/pdfs/GA/134415552/filing_summary.pdf,ambest_validated,original,ambest_cross_checked,direct
GA,08/01/2025,American Family Insurance Company,04.0 Homeowners,04.0001 Condominium Homeowners,0.000%,0.000%,0,348,316421,0.000%,0.000%,rate_change,AMFC-134334710,Acknowledged,2024-12-03,output/pdfs/GA/134334710/filing_summary.pdf,ambest_validated,original,ambest_cross_checked,direct
GA,02/15/2025,American Family Insurance Company,04.0 Homeowners,04.0000 Homeowners Sub-TOI Combinations,0.000%,0.000%,0,0,0,0.000%,0.000%,rate_change,AMFC-134208498,Acknowledged,2024-08-09,output/pdfs/GA/134208498/filing_summary.pdf,pipeline_only,original,pipeline_extracted_in_validated_window,
GA,02/15/2025,American Family Insurance Company,19.0 Personal Auto,19.0003 Recreational Vehicle (RV),0.000%,0.000%,0,0,0,0.000%,0.000%,rate_change_pending,AMFC-134207433,Received,2024-08-09,output/pdfs/GA/134207433/filing_summary.pdf,pipeline_only,original,pipeline_extracted_in_validated_window,
GA,12/01/2024,American Family Insurance Company,19.0 Personal Auto,19.0001 Private Passenger Auto (PPA),10.300%,9.900%,64439,282,761892,14.440%,15.300%,rate_change_pending,AMFC-134270029,Received,2024-10-02,output/pdfs/GA/134270029/filing_summary.pdf,pipeline_only,extension,pipeline_extracted,
GA,05/01/2024,American Family Insurance Company,19.0 Personal Auto,19.0001 Private Passenger Auto (PPA),19.300%,12.600%,721687,1689,5727677,19.500%,9.000%,rate_change_pending,AMFC-133927525,Received,2023-12-18,output/pdfs/GA/133927525/filing_summary.pdf,pipeline_only,extension,pipeline_extracted,
GA,07/20/2025,American Family Insurance Company,19.0 Personal Auto,19.0001 Private Passenger Auto (PPA),3.700%,3.700%,116053,1849,3136555,12.500%,-1.900%,rate_change,AMFC-134475936,Approved,2025-03-28,output/pdfs/GA/134475936/filing_summary.pdf,ambest_validated,original,ambest_cross_checked,date_relaxed
GA,12/01/2024,American Family Insurance Company,19.0 Personal Auto,19.0001 Private Passenger Auto (PPA),14.400%,14.400%,53841,282,710578,14.400%,14.400%,rate_change,AMFC-134269866,Approved,2024-10-02,output/pdfs/GA/134269866/filing_summary.pdf,pipeline_only,extension,pipeline_extracted,
GA,05/01/2024,American Family Insurance Company,19.0 Personal Auto,19.0001 Private Passenger Auto (PPA),23.800%,9.900%,213763,1168,2159226,9.900%,9.900%,rate_change,AMFC-133927497,Approved,2023-12-18,output/pdfs/GA/133927497/filing_summary.pdf,pipeline_only,extension,pipeline_extracted,
GA,08/28/2024,COUNTRY Casualty Insurance Company,19.0 Personal Auto,19.0000 Personal Auto Combinations,0.000%,0.000%,0,503,2629835,0.000%,0.000%,rate_change,CFPC-134106017,Approved,,output/pdfs/GA/134106017/filing_summary.pdf,ambest_validated,extension,ambest_cross_checked,date_relaxed
GA,12/31/2024,COUNTRY Casualty Insurance Company,19.0 Personal Auto,19.0000 Personal Auto Combinations,0.000%,0.000%,0,379,2629835,0.000%,0.000%,rate_change,CFPC-134269589,Approved,,output/pdfs/GA/134269589/filing_summary.pdf,pipeline_only,extension,pipeline_extracted,
GA,09/21/2025,COUNTRY Casualty Insurance Company,19.0 Personal Auto,19.0000 Personal Auto Combinations,0.000%,0.000%,0,624,4002095,0.000%,0.000%,rate_change,CFPC-134349743,Filed,,output/pdfs/GA/134349743/filing_summary.pdf,ambest_validated,original,ambest_cross_checked,direct
GA,02/18/2024,COUNTRY Casualty Insurance Company,19.0 Personal Auto,19.0000 Personal Auto Combinations,0.000%,0.000%,0,541,2681585,0.000%,0.000%,rate_change,CFPC-133859085,Approved,,output/pdfs/GA/133859085/filing_summary.pdf,pipeline_only,extension,pipeline_extracted,
GA,11/29/2024,COUNTRY Casualty Insurance Company,19.0 Personal Auto,19.0000 Personal Auto Combinations,0.000%,0.000%,0,45,208872,0.000%,0.000%,rate_change,CFPC-134190527,Approved,,output/pdfs/GA/134190527/filing_summary.pdf,pipeline_only,extension,pipeline_extracted,
GA,05/29/2024,COUNTRY Casualty Insurance Company,19.0 Personal Auto,19.0000 Personal Auto Combinations,0.000%,0.000%,0,541,208872,0.000%,0.000%,rate_change,CFPC-134021694,Filed,,output/pdfs/GA/134021694/filing_summary.pdf,pipeline_only,extension,pipeline_extracted,
GA,12/15/2025,COUNTRY Preferred Insurance Company,04.0 Homeowners,04.0000 Homeowners Sub-TOI Combinations,0.000%,0.000%,0,0,0,0.000%,0.000%,rate_change,CFPC-134612933,Filed,,output/pdfs/GA/134612933/filing_summary.pdf,pipeline_only,original,pipeline_extracted_in_validated_window,
GA,12/15/2025,COUNTRY Preferred Insurance Company,04.0 Homeowners,04.0000 Homeowners Sub-TOI Combinations,0.000%,0.000%,0,0,0,0.000%,0.000%,rate_change,CFPC-134515175,Acknowledged,,output/pdfs/GA/134515175/filing_summary.pdf,ambest_validated,original,ambest_cross_checked,direct
GA,03/09/2025,COUNTRY Preferred Insurance Company,04.0 Homeowners,04.0000 Homeowners Sub-TOI Combinations,30.907%,30.035%,32176728,58678,107129061,844.600%,-79.000%,rate_change,CFPC-133979587,Filed,,output/pdfs/GA/133979587/filing_summary.pdf,ambest_validated,original,ambest_cross_checked,date_relaxed
GA,03/09/2026,COUNTRY Preferred Insurance Company,04.0 Homeowners,04.0000 Homeowners Sub-TOI Combinations,5.265%,3.004%,3295561,52455,109723272,37.200%,-20.700%,rate_change,CFPC-134603059,Acknowledged,,output/pdfs/GA/134603059/filing_summary.pdf,ambest_validated,original,ambest_cross_checked,direct
GA,07/07/2025,COUNTRY Preferred Insurance Company,04.0 Homeowners,04.0000 Homeowners Sub-TOI Combinations,0.000%,0.000%,0,58678,107129061,0.000%,0.000%,rate_change,CFPC-134509882,Acknowledged,,output/pdfs/GA/134509882/filing_summary.pdf,ambest_validated,original,ambest_cross_checked,direct
GA,12/07/2024,COUNTRY Preferred Insurance Company,04.0 Homeowners,04.0000 Homeowners Sub-TOI Combinations,0.000%,0.000%,0,58678,107129061,0.000%,0.000%,rate_change,CFPC-134282329,Acknowledged,,output/pdfs/GA/134282329/filing_summary.pdf,pipeline_only,extension,pipeline_extracted,
GA,,COUNTRY Mutual Insurance Company,19.0 Personal Auto,19.0000 Personal Auto Combinations,0.000%,0.000%,0,5050,21761157,0.000%,0.000%,rate_change,CFPC-134225211,Filed,,output/pdfs/GA/134225211/filing_summary.pdf,ambest_validated,original,ambest_cross_checked,date_relaxed
GA,,COUNTRY Preferred Insurance Company,19.0 Personal Auto,19.0000 Personal Auto Combinations,0.000%,0.000%,0,14878,46339149,0.000%,0.000%,rate_change,CFPC-134225211,Filed,,output/pdfs/GA/134225211/filing_summary.pdf,ambest_validated,original,ambest_cross_checked,date_relaxed
GA,,COUNTRY Casualty Insurance Company,19.0 Personal Auto,19.0000 Personal Auto Combinations,0.000%,0.000%,0,503,2629835,0.000%,0.000%,rate_change,CFPC-134225211,Filed,,output/pdfs/GA/134225211/filing_summary.pdf,pipeline_only,original,pipeline_extracted,
GA,07/24/2025,COUNTRY Preferred Insurance Company,19.0 Personal Auto,19.0000 Personal Auto Combinations,12.461%,0.000%,0,24888,85197834,833.600%,-51.100%,rate_change,CFPC-134508132,Filed,2025-05-01,output/pdfs/GA/134508132/filing_summary.pdf,ambest_validated,original,ambest_cross_checked,direct
GA,07/24/2025,COUNTRY Casualty Insurance Company,19.0 Personal Auto,19.0000 Personal Auto Combinations,12.461%,0.000%,0,624,2656102,350.100%,-24.200%,rate_change,CFPC-134508132,Filed,2025-05-01,output/pdfs/GA/134508132/filing_summary.pdf,ambest_validated,original,ambest_cross_checked,direct
GA,12/15/2025,COUNTRY Mutual Insurance Company,19.0 Personal Auto,19.0000 Personal Auto Combinations,0.000%,0.000%,0,0,0,0.000%,0.000%,rate_change_withdrawn,CFPC-134492015,Withdrawn,2025-04-10,output/pdfs/GA/134492015/filing_summary.pdf,pipeline_only,original,pipeline_extracted_in_validated_window,
GA,12/15/2025,COUNTRY Preferred Insurance Company,19.0 Personal Auto,19.0000 Personal Auto Combinations,0.000%,0.000%,0,0,0,0.000%,0.000%,rate_change_withdrawn,CFPC-134492015,Withdrawn,2025-04-10,output/pdfs/GA/134492015/filing_summary.pdf,pipeline_only,original,pipeline_extracted_in_validated_window,
GA,12/15/2025,COUNTRY Casualty Insurance Company,19.0 Personal Auto,19.0000 Personal Auto Combinations,0.000%,0.000%,0,0,0,0.000%,0.000%,rate_change_withdrawn,CFPC-134492015,Withdrawn,2025-04-10,output/pdfs/GA/134492015/filing_summary.pdf,pipeline_only,original,pipeline_extracted_in_validated_window,
GA,09/21/2025,COUNTRY Preferred Insurance Company,19.0 Personal Auto,19.0000 Personal Auto Combinations,12.461%,3.321%,3326472,24888,100157849,836.300%,-52.800%,rate_change,CFPC-134294144,Filed,,output/pdfs/GA/134294144/filing_summary.pdf,ambest_validated,original,ambest_cross_checked,direct
GA,09/21/2025,COUNTRY Casualty Insurance Company,19.0 Personal Auto,19.0000 Personal Auto Combinations,12.461%,4.756%,190357,624,4002095,308.700%,-26.700%,rate_change,CFPC-134294144,Filed,,output/pdfs/GA/134294144/filing_summary.pdf,ambest_validated,original,ambest_cross_checked,direct
GA,08/28/2024,COUNTRY Mutual Insurance Company,19.0 Personal Auto,19.0000 Personal Auto Combinations,22.848%,9.229%,2008294,5050,21761157,29.100%,-21.500%,rate_change_pending,CFPC-134105974,Received,2024-05-26,output/pdfs/GA/134105974/filing_summary.pdf,pipeline_only,extension,pipeline_extracted,
GA,08/28/2024,COUNTRY Preferred Insurance Company,19.0 Personal Auto,19.0000 Personal Auto Combinations,22.848%,10.381%,4810430,14878,46339149,30.700%,-19.900%,rate_change_pending,CFPC-134105974,Received,2024-05-26,output/pdfs/GA/134105974/filing_summary.pdf,pipeline_only,extension,pipeline_extracted,
GA,08/28/2024,COUNTRY Casualty Insurance Company,19.0 Personal Auto,19.0000 Personal Auto Combinations,22.848%,9.577%,251862,503,2629835,23.300%,-7.000%,rate_change_pending,CFPC-134105974,Received,2024-05-26,output/pdfs/GA/134105974/filing_summary.pdf,pipeline_only,extension,pipeline_extracted,
GA,12/31/2024,COUNTRY Mutual Insurance Company,19.0 Personal Auto,19.0000 Personal Auto Combinations,0.000%,-0.116%,-25196,4469,21761157,13.300%,-13.700%,rate_change_pending,CFPC-134269577,Received,,output/pdfs/GA/134269577/filing_summary.pdf,pipeline_only,extension,pipeline_extracted,
GA,12/31/2024,COUNTRY Preferred Insurance Company,19.0 Personal Auto,19.0000 Personal Auto Combinations,0.000%,-0.124%,-57430,14523,46339149,15.900%,-15.300%,rate_change_pending,CFPC-134269577,Received,,output/pdfs/GA/134269577/filing_summary.pdf,pipeline_only,extension,pipeline_extracted,
GA,12/31/2024,COUNTRY Casualty Insurance Company,19.0 Personal Auto,19.0000 Personal Auto Combinations,0.000%,-0.152%,-3989,379,2629835,4.300%,-9.600%,rate_change_pending,CFPC-134269577,Received,,output/pdfs/GA/134269577/filing_summary.pdf,pipeline_only,extension,pipeline_extracted,
GA,12/01/2025,COUNTRY Mutual Insurance Company,19.0 Personal Auto,19.0000 Personal Auto Combinations,0.000%,0.000%,0,14823,48935728,0.000%,0.000%,rate_change_pending,CFPC-134577851,Received,2025-06-23,output/pdfs/GA/134577851/filing_summary.pdf,ambest_validated,original,ambest_cross_checked,direct
GA,12/01/2025,COUNTRY Preferred Insurance Company,19.0 Personal Auto,19.0000 Personal Auto Combinations,0.000%,0.000%,0,24888,85197834,0.000%,0.000%,rate_change_pending,CFPC-134577851,Received,2025-06-23,output/pdfs/GA/134577851/filing_summary.pdf,ambest_validated,original,ambest_cross_checked,direct
GA,12/01/2025,COUNTRY Casualty Insurance Company,19.0 Personal Auto,19.0000 Personal Auto Combinations,0.000%,0.000%,0,624,2656102,0.000%,0.000%,rate_change_pending,CFPC-134577851,Received,2025-06-23,output/pdfs/GA/134577851/filing_summary.pdf,ambest_validated,original,ambest_cross_checked,direct
GA,02/18/2024,COUNTRY Preferred Insurance Company,19.0 Personal Auto,19.0000 Personal Auto Combinations,32.261%,16.740%,6410867,14681,38295875,570.400%,3.100%,rate_change,CFPC-133859077,Filed,2023-11-06,output/pdfs/GA/133859077/filing_summary.pdf,pipeline_only,extension,pipeline_extracted,
GA,02/18/2024,COUNTRY Casualty Insurance Company,19.0 Personal Auto,19.0000 Personal Auto Combinations,40.577%,20.382%,546560,541,2681585,99.400%,5.100%,rate_change,CFPC-133859077,Filed,2023-11-06,output/pdfs/GA/133859077/filing_summary.pdf,pipeline_only,extension,pipeline_extracted,
GA,12/07/2024,COUNTRY Mutual Insurance Company,04.0 Homeowners,04.0000 Homeowners Sub-TOI Combinations,0.000%,0.000%,0,59270,100517404,0.000%,0.000%,rate_change,CFPC-134282265,Acknowledged,2024-10-16,output/pdfs/GA/134282265/filing_summary.pdf,ambest_validated,extension,ambest_cross_checked,date_relaxed
GA,12/07/2024,COUNTRY Casualty Insurance Company,04.0 Homeowners,04.0000 Homeowners Sub-TOI Combinations,0.000%,0.000%,0,1589,3060938,0.000%,0.000%,rate_change,CFPC-134282265,Acknowledged,2024-10-16,output/pdfs/GA/134282265/filing_summary.pdf,ambest_validated,extension,ambest_cross_checked,date_relaxed
GA,11/29/2024,COUNTRY Mutual Insurance Company,19.0 Personal Auto,19.0000 Personal Auto Combinations,4.533%,4.006%,1171890,8823,29251172,10.000%,0.000%,rate_change_pending,CFPC-134190524,Received,,output/pdfs/GA/134190524/filing_summary.pdf,pipeline_only,extension,pipeline_extracted,
GA,11/29/2024,COUNTRY Preferred Insurance Company,19.0 Personal Auto,19.0000 Personal Auto Combinations,4.533%,3.968%,1198213,9448,30200103,6.700%,0.000%,rate_change_pending,CFPC-134190524,Received,,output/pdfs/GA/134190524/filing_summary.pdf,pipeline_only,extension,pipeline_extracted,
GA,11/29/2024,COUNTRY Casualty Insurance Company,19.0 Personal Auto,19.0000 Personal Auto Combinations,4.533%,4.257%,8892,45,208872,6.100%,2.900%,rate_change_pending,CFPC-134190524,Received,,output/pdfs/GA/134190524/filing_summary.pdf,pipeline_only,extension,pipeline_extracted,
GA,05/29/2024,COUNTRY Mutual Insurance Company,19.0 Personal Auto,19.0000 Personal Auto Combinations,5.759%,5.660%,1655616,9749,29251172,9.200%,-11.100%,rate_change,CFPC-134021692,Filed,2024-03-07,output/pdfs/GA/134021692/filing_summary.pdf,pipeline_only,extension,pipeline_extracted,
GA,05/29/2024,COUNTRY Preferred Insurance Company,19.0 Personal Auto,19.0000 Personal Auto Combinations,5.759%,5.387%,1626880,10079,30200103,8.900%,-13.100%,rate_change,CFPC-134021692,Filed,2024-03-07,output/pdfs/GA/134021692/filing_summary.pdf,pipeline_only,extension,pipeline_extracted,
GA,05/29/2024,COUNTRY Casualty Insurance Company,19.0 Personal Auto,19.0000 Personal Auto Combinations,5.759%,5.532%,11555,54,208872,6.700%,-8.200%,rate_change,CFPC-134021692,Filed,2024-03-07,output/pdfs/GA/134021692/filing_summary.pdf,pipeline_only,extension,pipeline_extracted,
GA,07/24/2025,COUNTRY Mutual Insurance Company,19.0 Personal Auto,19.0000 Personal Auto Combinations,12.461%,0.000%,0,14823,48935728,1697.200%,-69.600%,rate_change,CFPC-134508132,Filed,2025-05-01,output/pdfs/GA/134508132/filing_summary.pdf,pipeline_only,original,pipeline_extracted_in_validated_window,
GA,09/21/2025,COUNTRY Mutual Insurance Company,19.0 Personal Auto,19.0000 Personal Auto Combinations,12.461%,3.614%,2319926,14823,64194422,1684.000%,-73.600%,rate_change,CFPC-134294144,Filed,,output/pdfs/GA/134294144/filing_summary.pdf,pipeline_only,original,pipeline_extracted_in_validated_window,
GA,02/18/2024,COUNTRY Mutual Insurance Company,19.0 Personal Auto,19.0000 Personal Auto Combinations,39.590%,18.711%,3860999,5263,20635159,1384.500%,4.800%,rate_change,CFPC-133859077,Filed,2023-11-06,output/pdfs/GA/133859077/filing_summary.pdf,pipeline_only,extension,pipeline_extracted,
GA,03/09/2025,COUNTRY Mutual Insurance Company,04.0 Homeowners,04.0000 Homeowners Sub-TOI Combinations,0.000%,0.000%,,,,0.000%,0.000%,rate_change,CFPC-134290937,Acknowledged,,output/pdfs/GA/134290937/filing_summary.pdf,pipeline_only,original,pipeline_extracted_in_validated_window,
GA,03/09/2025,COUNTRY Casualty Insurance Company,04.0 Homeowners,04.0000 Homeowners Sub-TOI Combinations,0.000%,0.000%,,,,0.000%,0.000%,rate_change,CFPC-134290937,Acknowledged,,output/pdfs/GA/134290937/filing_summary.pdf,pipeline_only,original,pipeline_extracted_in_validated_window,
VA,01/15/2024,Allstate Indemnity Company,04.0 Homeowners,04.0004 Tenant Homeowners,24.500%,24.500%,2379113,57067,9711358,30.900%,10.100%,rate_change,ALSE-133933527,Filed,,output/pdfs/VA/133933527/filing_summary.pdf,pipeline_only,extension,pipeline_extracted,
VA,03/25/2024,Allstate Property and Casualty Insurance Company,19.0 Personal Auto,19.0001 Private Passenger Auto (PPA),5.200%,5.200%,26358207,204236,506888595,7.700%,0.000%,rate_change,ALSE-134001018,Filed,2024-02-20,output/pdfs/VA/134001018/filing_summary.pdf,pipeline_only,extension,pipeline_extracted,
VA,11/28/2024,Allstate Vehicle and Property Insurance Company,04.0 Homeowners,04.0003 Owner Occupied Homeowners,0.000%,0.000%,0,97605,177569260,0.000%,0.000%,rate_change,ALSE-134008387,Filed,2024-02-27,output/pdfs/VA/134008387/filing_summary.pdf,pipeline_only,extension,pipeline_extracted,
VA,11/28/2024,Allstate Vehicle and Property Insurance Company,04.0 Homeowners,04.0001 Condominium Homeowners,0.000%,0.000%,0,8283,5346698,0.000%,0.000%,rate_change,ALSE-134014720,Filed,2024-02-29,output/pdfs/VA/134014720/filing_summary.pdf,pipeline_only,extension,pipeline_extracted,
VA,11/28/2024,Allstate Indemnity Company,04.0 Homeowners,04.0002 Mobile Homeowners,0.000%,0.000%,0,2222,2353777,0.000%,0.000%,rate_change,ALSE-134015828,Filed,,output/pdfs/VA/134015828/filing_summary.pdf,pipeline_only,extension,pipeline_extracted,
VA,11/28/2024,Allstate Property and Casualty Insurance Company,04.0 Homeowners,04.0003 Owner Occupied Homeowners,0.000%,0.000%,0,14620,31014641,0.000%,0.000%,rate_change,ALSE-134017960,Filed,2024-03-04,output/pdfs/VA/134017960/filing_summary.pdf,pipeline_only,extension,pipeline_extracted,
VA,11/28/2024,Allstate Indemnity Company,04.0 Homeowners,04.0001 Condominium Homeowners,0.000%,0.000%,0,5680,3148865,0.000%,0.000%,rate_change,ALSE-134024469,Filed,,output/pdfs/VA/134024469/filing_summary.pdf,pipeline_only,extension,pipeline_extracted,
VA,11/28/2024,Allstate Insurance Company,04.0 Homeowners,04.0002 Mobile Homeowners,0.000%,0.000%,0,608,367729,0.000%,0.000%,rate_change,ALSE-134026104,Filed,,output/pdfs/VA/134026104/filing_summary.pdf,pipeline_only,extension,pipeline_extracted,
VA,04/05/2024,Allstate Insurance Company,19.0 Personal Auto,19.0001 Private Passenger Auto (PPA),0.000%,0.000%,0,60311,115688946,0.000%,0.000%,rate_change,ALSE-134027974,Filed,,output/pdfs/VA/134027974/filing_summary.pdf,pipeline_only,extension,pipeline_extracted,
VA,04/05/2024,Allstate Vehicle and Property Insurance Company,04.0 Homeowners,04.0003 Owner Occupied Homeowners,0.000%,0.000%,0,95675,163107228,0.000%,0.000%,rate_change,ALSE-134033004,Filed,2024-03-15,output/pdfs/VA/134033004/filing_summary.pdf,pipeline_only,extension,pipeline_extracted,
VA,04/05/2024,Allstate Property and Casualty Insurance Company,04.0 Homeowners,04.0003 Owner Occupied Homeowners,0.000%,0.000%,0,17955,32038307,0.000%,0.000%,rate_change,ALSE-134033019,Filed,,output/pdfs/VA/134033019/filing_summary.pdf,pipeline_only,extension,pipeline_extracted,
VA,04/05/2024,Allstate Indemnity Company,04.0 Homeowners,04.0003 Owner Occupied Homeowners,0.000%,0.000%,0,18870,33815608,0.000%,0.000%,rate_change,ALSE-134033039,Filed,,output/pdfs/VA/134033039/filing_summary.pdf,pipeline_only,extension,pipeline_extracted,
VA,04/05/2024,Allstate Insurance Company,04.0 Homeowners,04.0003 Owner Occupied Homeowners,0.000%,0.000%,0,32471,50701631,0.000%,0.000%,rate_change,ALSE-134033041,Filed,,output/pdfs/VA/134033041/filing_summary.pdf,pipeline_only,extension,pipeline_extracted,
VA,11/28/2024,Allstate Indemnity Company,04.0 Homeowners,04.0003 Owner Occupied Homeowners,0.000%,0.000%,0,18339,32575594,0.000%,0.000%,rate_change,ALSE-134037202,Filed,,output/pdfs/VA/134037202/filing_summary.pdf,pipeline_only,extension,pipeline_extracted,
VA,11/28/2024,Allstate Insurance Company,04.0 Homeowners,04.0000 Homeowners Sub-TOI Combinations,0.000%,0.000%,0,34597,50874422,0.000%,0.000%,rate_change,ALSE-134040604,Filed,,output/pdfs/VA/134040604/filing_summary.pdf,pipeline_only,extension,pipeline_extracted,
VA,10/14/2024,Allstate North American Insurance Company,19.0 Personal Auto,19.0001 Private Passenger Auto (PPA),0.000%,0.000%,0,0,0,0.000%,0.000%,rate_change,ALSE-134076211,Filed,2024-04-22,output/pdfs/VA/134076211/filing_summary.pdf,pipeline_only,extension,pipeline_extracted,
VA,11/28/2024,Allstate Vehicle and Property Insurance Company,04.0 Homeowners,04.0003 Owner Occupied Homeowners,0.000%,0.000%,0,97605,177569260,0.000%,0.000%,rate_change,ALSE-134096243,Filed,,output/pdfs/VA/134096243/filing_summary.pdf,pipeline_only,extension,pipeline_extracted,
VA,06/17/2024,Allstate Property and Casualty Insurance Company,19.0 Personal Auto,19.0001 Private Passenger Auto (PPA),,0.000%,0,203062,544426609,,,rate_change,ALSE-134117974,Filed,,output/pdfs/VA/134117974/filing_summary.pdf,pipeline_only,extension,pipeline_extracted,
VA,11/28/2024,Allstate Indemnity Company,04.0 Homeowners,04.0003 Owner Occupied Homeowners,0.000%,0.000%,0,18339,32575594,0.000%,0.000%,rate_change,ALSE-134129897,Filed,,output/pdfs/VA/134129897/filing_summary.pdf,pipeline_only,extension,pipeline_extracted,
VA,11/28/2024,Allstate Insurance Company,04.0 Homeowners,04.0000 Homeowners Sub-TOI Combinations,0.000%,0.000%,0,34597,50874422,0.000%,0.000%,rate_change,ALSE-134131409,Filed,,output/pdfs/VA/134131409/filing_summary.pdf,pipeline_only,extension,pipeline_extracted,
VA,11/28/2024,Allstate Property and Casualty Insurance Company,04.0 Homeowners,04.0003 Owner Occupied Homeowners,0.000%,0.000%,0,14620,31014641,0.000%,0.000%,rate_change,ALSE-134132170,Filed,,output/pdfs/VA/134132170/filing_summary.pdf,pipeline_only,extension,pipeline_extracted,
VA,07/01/2024,Allstate Property and Casualty Insurance Company,19.0 Personal Auto,19.0001 Private Passenger Auto (PPA),0.000%,0.000%,0,0,481556850,0.000%,0.000%,rate_change,ALSE-134143479,Filed,2024-06-12,output/pdfs/VA/134143479/filing_summary.pdf,pipeline_only,extension,pipeline_extracted,
VA,07/01/2024,Allstate Property and Casualty Insurance Company,19.0 Personal Auto,19.0000 Personal Auto Combinations,0.000%,0.000%,0,0,7266212,0.000%,0.000%,rate_change,ALSE-134144148,Filed,,output/pdfs/VA/134144148/filing_summary.pdf,pipeline_only,extension,pipeline_extracted,
VA,11/28/2024,Allstate Insurance Company,04.0 Homeowners,04.0000 Homeowners Sub-TOI Combinations,0.000%,0.000%,0,34597,50874422,0.000%,0.000%,rate_change,ALSE-134207730,Filed,,output/pdfs/VA/134207730/filing_summary.pdf,pipeline_only,extension,pipeline_extracted,
VA,11/28/2024,Allstate Indemnity Company,04.0 Homeowners,04.0003 Owner Occupied Homeowners,0.000%,0.000%,0,18339,32575594,0.000%,0.000%,rate_change,ALSE-134208989,Filed,,output/pdfs/VA/134208989/filing_summary.pdf,pipeline_only,extension,pipeline_extracted,
VA,11/28/2024,Allstate Property and Casualty Insurance Company,04.0 Homeowners,04.0003 Owner Occupied Homeowners,0.000%,0.000%,0,14620,31014641,0.000%,0.000%,rate_change,ALSE-134209093,Filed,2024-08-09,output/pdfs/VA/134209093/filing_summary.pdf,pipeline_only,extension,pipeline_extracted,
VA,11/28/2024,Allstate Vehicle and Property Insurance Company,04.0 Homeowners,04.0003 Owner Occupied Homeowners,0.000%,0.000%,0,97605,177569260,0.000%,0.000%,rate_change,ALSE-134209866,Filed,,output/pdfs/VA/134209866/filing_summary.pdf,pipeline_only,extension,pipeline_extracted,
VA,11/28/2024,Allstate Indemnity Company,04.0 Homeowners,04.0002 Mobile Homeowners,0.000%,0.000%,0,2222,2353777,0.000%,0.000%,rate_change,ALSE-134211363,Filed,,output/pdfs/VA/134211363/filing_summary.pdf,pipeline_only,extension,pipeline_extracted,
VA,09/30/2024,Allstate Property and Casualty Insurance Company,19.0 Personal Auto,19.0001 Private Passenger Auto (PPA),1.600%,1.400%,7296131,201712,521152230,103.000%,0.000%,rate_change,ALSE-134220406,Filed,2024-08-20,output/pdfs/VA/134220406/filing_summary.pdf,pipeline_only,extension,pipeline_extracted,
VA,01/01/2025,Allstate Indemnity Company,19.0 Personal Auto,19.0003 Recreational Vehicle (RV),,0.000%,0,20,15644,0.000%,0.000%,rate_change,ALSE-134224379,Filed,,output/pdfs/VA/134224379/filing_summary.pdf,pipeline_only,original,pipeline_extracted_in_validated_window,
VA,01/01/2025,Allstate Property and Casualty Insurance Company,19.0 Personal Auto,19.0002 Motorcycle,,0.000%,0,13985,5766874,24.100%,0.000%,rate_change,ALSE-134224495,Filed,,output/pdfs/VA/134224495/filing_summary.pdf,pipeline_only,original,pipeline_extracted_in_validated_window,
VA,01/01/2025,Allstate Indemnity Company,19.0 Personal Auto,19.0001 Private Passenger Auto (PPA),,0.000%,0,160,494121,11.600%,0.000%,rate_change,ALSE-134224701,Filed,,output/pdfs/VA/134224701/filing_summary.pdf,pipeline_only,original,pipeline_extracted_in_validated_window,
VA,01/01/2025,Allstate Property and Casualty Insurance Company,19.0 Personal Auto,19.0001 Private Passenger Auto (PPA),,0.000%,0,633,489688,0.000%,0.000%,rate_change,ALSE-134225021,Filed,2024-08-23,output/pdfs/VA/134225021/filing_summary.pdf,pipeline_only,original,pipeline_extracted_in_validated_window,
VA,01/01/2025,Allstate Fire and Casualty Insurance Company,19.0 Personal Auto,19.0001 Private Passenger Auto (PPA),,0.000%,0,2933,10651041,10.800%,0.000%,rate_change,ALSE-134225092,Filed,,output/pdfs/VA/134225092/filing_summary.pdf,pipeline_only,original,pipeline_extracted_in_validated_window,
VA,01/01/2025,Allstate Insurance Company,19.0 Personal Auto,19.0001 Private Passenger Auto (PPA),,0.000%,0,53780,115703057,0.000%,0.000%,rate_change,ALSE-134226322,Filed,,output/pdfs/VA/134226322/filing_summary.pdf,pipeline_only,original,pipeline_extracted_in_validated_window,
VA,01/01/2025,Allstate Property and Casualty Insurance Company,19.0 Personal Auto,19.0001 Private Passenger Auto (PPA),,0.000%,0,208590,519462543,9.300%,0.000%,rate_change,ALSE-134226511,Filed,,output/pdfs/VA/134226511/filing_summary.pdf,pipeline_only,original,pipeline_extracted_in_validated_window,
VA,01/01/2025,Allstate Indemnity Company,19.0 Personal Auto,19.0002 Motorcycle,,0.000%,0,157,81338,26.300%,0.000%,rate_change,ALSE-134226853,Filed,,output/pdfs/VA/134226853/filing_summary.pdf,pipeline_only,original,pipeline_extracted_in_validated_window,
VA,09/23/2024,Allstate Insurance Company,19.0 Personal Auto,19.0001 Private Passenger Auto (PPA),0.000%,0.000%,0,0,116265988,0.000%,0.000%,rate_change,ALSE-134228038,Filed,,output/pdfs/VA/134228038/filing_summary.pdf,pipeline_only,extension,pipeline_extracted,
VA,09/23/2024,Allstate Fire and Casualty Insurance Company,19.0 Personal Auto,19.0001 Private Passenger Auto (PPA),0.000%,0.000%,0,0,11297372,0.000%,0.000%,rate_change,ALSE-134228038,Filed,,output/pdfs/VA/134228038/filing_summary.pdf,pipeline_only,extension,pipeline_extracted,
VA,09/23/2024,Allstate Indemnity Company,19.0 Personal Auto,19.0001 Private Passenger Auto (PPA),0.000%,0.000%,0,0,609054,0.000%,0.000%,rate_change,ALSE-134228038,Filed,,output/pdfs/VA/134228038/filing_summary.pdf,pipeline_only,extension,pipeline_extracted,
VA,10/01/2024,Allstate Insurance Company,19.0 Personal Auto,19.0001 Private Passenger Auto (PPA),,1.720%,1979132,53908,114956470,7.140%,0.000%,rate_change,ALSE-134250545,Filed,,output/pdfs/VA/134250545/filing_summary.pdf,pipeline_only,extension,pipeline_extracted,
VA,10/01/2024,Allstate Indemnity Company,19.0 Personal Auto,19.0001 Private Passenger Auto (PPA),,1.740%,9764,161,560257,7.080%,0.000%,rate_change,ALSE-134250591,Filed,,output/pdfs/VA/134250591/filing_summary.pdf,pipeline_only,extension,pipeline_extracted,
VA,10/01/2024,Allstate Property and Casualty Insurance Company,19.0 Personal Auto,19.0001 Private Passenger Auto (PPA),,0.000%,0,200814,519462543,,,rate_change,ALSE-134250602,Filed,,output/pdfs/VA/134250602/filing_summary.pdf,pipeline_only,extension,pipeline_extracted,
VA,10/01/2024,Allstate Fire and Casualty Insurance Company,19.0 Personal Auto,19.0001 Private Passenger Auto (PPA),,0.760%,82222,2962,10787011,7.080%,0.000%,rate_change,ALSE-134250647,Filed,,output/pdfs/VA/134250647/filing_summary.pdf,pipeline_only,extension,pipeline_extracted,
VA,10/01/2024,Allstate Indemnity Company,19.0 Personal Auto,19.0003 Recreational Vehicle (RV),,0.000%,0,22,19113,,,rate_change,ALSE-134250893,Filed,,output/pdfs/VA/134250893/filing_summary.pdf,pipeline_only,extension,pipeline_extracted,
VA,10/01/2024,Allstate Property and Casualty Insurance Company,19.0 Personal Auto,19.0002 Motorcycle,,0.000%,0,14001,5688909,,,rate_change,ALSE-134252253,Filed,2024-09-17,output/pdfs/VA/134252253/filing_summary.pdf,pipeline_only,extension,pipeline_extracted,
VA,10/01/2024,Allstate Indemnity Company,19.0 Personal Auto,19.0002 Motorcycle,,2.710%,2164,158,79820,5.120%,0.000%,rate_change,ALSE-134252382,Filed,,output/pdfs/VA/134252382/filing_summary.pdf,pipeline_only,extension,pipeline_extracted,
VA,10/01/2024,Allstate North American Insurance Company,19.0 Personal Auto,19.0001 Private Passenger Auto (PPA),,0.000%,404,11745,9703136,4.550%,0.000%,rate_change,ALSE-134252467,Filed,2024-09-17,output/pdfs/VA/134252467/filing_summary.pdf,pipeline_only,extension,pipeline_extracted,
VA,12/02/2024,Allstate Indemnity Company,04.0 Homeowners,04.0001 Condominium Homeowners,35.300%,35.300%,1043225,5271,2954799,79.400%,14.400%,rate_change,ALSE-134307833,Filed,,output/pdfs/VA/134307833/filing_summary.pdf,pipeline_only,extension,pipeline_extracted,
VA,12/02/2024,Allstate Vehicle and Property Insurance Company,04.0 Homeowners,04.0001 Condominium Homeowners,42.700%,42.700%,2529827,9093,5929096,81.900%,17.400%,rate_change,ALSE-134307911,Filed,,output/pdfs/VA/134307911/filing_summary.pdf,pipeline_only,extension,pipeline_extracted,
VA,12/02/2024,Allstate Insurance Company,04.0 Homeowners,04.0001 Condominium Homeowners,33.800%,33.800%,531448,2766,1573836,45.800%,9.800%,rate_change,ALSE-134311063,Filed,,output/pdfs/VA/134311063/filing_summary.pdf,pipeline_only,extension,pipeline_extracted,
VA,12/02/2024,Allstate Indemnity Company,04.0 Homeowners,04.0002 Mobile Homeowners,7.100%,7.100%,172097,2247,2437745,19.700%,3.700%,rate_change,ALSE-134311917,Filed,,output/pdfs/VA/134311917/filing_summary.pdf,pipeline_only,extension,pipeline_extracted,
VA,12/02/2024,Allstate Insurance Company,04.0 Homeowners,04.0003 Owner Occupied Homeowners,16.100%,16.100%,7409279,29948,46020368,25.200%,9.900%,rate_change,ALSE-134331946,Filed,,output/pdfs/VA/134331946/filing_summary.pdf,pipeline_only,extension,pipeline_extracted,
VA,12/02/2024,Allstate Indemnity Company,04.0 Homeowners,04.0003 Owner Occupied Homeowners,11.500%,11.500%,3498630,17284,30422872,16.800%,7.500%,rate_change,ALSE-134332385,Filed,,output/pdfs/VA/134332385/filing_summary.pdf,pipeline_only,extension,pipeline_extracted,
VA,12/02/2024,Allstate Vehicle and Property Insurance Company,04.0 Homeowners,04.0003 Owner Occupied Homeowners,11.800%,11.800%,21787074,114013,184636223,55.900%,-5.600%,rate_change,ALSE-134332917,Filed,2024-11-25,output/pdfs/VA/134332917/filing_summary.pdf,pipeline_only,extension,pipeline_extracted,
VA,01/27/2025,Allstate Property and Casualty Insurance Company,19.0 Personal Auto,19.0001 Private Passenger Auto (PPA),0.000%,0.000%,0,195011,534930412,0.000%,0.000%,rate_change,ALSE-134373226,Filed,2025-01-09,output/pdfs/VA/134373226/filing_summary.pdf,pipeline_only,original,pipeline_extracted_in_validated_window,
VA,01/23/2025,Allstate North American Insurance Company,19.0 Personal Auto,19.0001 Private Passenger Auto (PPA),,-5.000%,-1222582,22069,24451642,-5.000%,-5.000%,rate_change,ALSE-134375670,Filed,2025-01-10,output/pdfs/VA/134375670/filing_summary.pdf,pipeline_only,original,pipeline_extracted_in_validated_window,
VA,03/31/2025,Allstate Property and Casualty Insurance Company,19.0 Personal Auto,19.0001 Private Passenger Auto (PPA),0.000%,0.000%,0,195011,530230020,49.500%,-7.800%,rate_change,ALSE-134439235,Filed,,output/pdfs/VA/134439235/filing_summary.pdf,pipeline_only,original,pipeline_extracted_in_validated_window,
VA,04/28/2025,Allstate Vehicle and Property Insurance Company,04.0 Homeowners,04.0003 Owner Occupied Homeowners,,-1.100%,-2030998,118350,184636223,0.000%,-8.700%,rate_change,ALSE-134482692,Filed,,output/pdfs/VA/134482692/filing_summary.pdf,pipeline_only,original,pipeline_extracted_in_validated_window,
VA,07/21/2025,Allstate Insurance Company,19.0 Personal Auto,19.0004 Other,26.900%,26.900%,120800,2344,449322,36.000%,0.000%,rate_change,ALSE-134545340,Filed,,output/pdfs/VA/134545340/filing_summary.pdf,pipeline_only,original,pipeline_extracted_in_validated_window,
VA,07/08/2025,Allstate North American Insurance Company,19.0 Personal Auto,19.0001 Private Passenger Auto (PPA),0.000%,0.000%,0,34466,48898674,20.200%,-1.100%,rate_change,ALSE-134571388,Filed,,output/pdfs/VA/134571388/filing_summary.pdf,pipeline_only,original,pipeline_extracted_in_validated_window,
VA,07/14/2025,Allstate Property and Casualty Insurance Company,19.0 Personal Auto,19.0001 Private Passenger Auto (PPA),0.000%,0.000%,0,168628,460883462,0.000%,0.000%,rate_change,ALSE-134595998,Filed,,output/pdfs/VA/134595998/filing_summary.pdf,pipeline_only,original,pipeline_extracted_in_validated_window,
VA,07/29/2025,Allstate North American Insurance Company,19.0 Personal Auto,19.0001 Private Passenger Auto (PPA),0.000%,-5.000%,-3673519,30959,73470380,-5.000%,-5.000%,rate_change,ALSE-134602473,Filed,,output/pdfs/VA/134602473/filing_summary.pdf,pipeline_only,original,pipeline_extracted_in_validated_window,
VA,09/15/2025,Allstate Insurance Company,19.0 Personal Auto,19.0001 Private Passenger Auto (PPA),0.000%,0.000%,0,0,115672187,0.000%,0.000%,rate_change,ALSE-134651043,Filed,2025-08-26,output/pdfs/VA/134651043/filing_summary.pdf,pipeline_only,original,pipeline_extracted_in_validated_window,
VA,09/15/2025,Allstate Fire and Casualty Insurance Company,19.0 Personal Auto,19.0001 Private Passenger Auto (PPA),0.000%,0.000%,0,0,9121966,0.000%,0.000%,rate_change,ALSE-134651043,Filed,2025-08-26,output/pdfs/VA/134651043/filing_summary.pdf,pipeline_only,original,pipeline_extracted_in_validated_window,
VA,10/01/2025,Allstate Fire and Casualty Insurance Company,19.0 Personal Auto,19.0001 Private Passenger Auto (PPA),,0.000%,0,1769,7124671,,,rate_change,ALSE-134673377,Filed,,output/pdfs/VA/134673377/filing_summary.pdf,pipeline_only,original,pipeline_extracted_in_validated_window,
VA,10/01/2025,Allstate Indemnity Company,19.0 Personal Auto,19.0002 Motorcycle,,0.000%,0,28,21280,,,rate_change,ALSE-134673439,Filed,,output/pdfs/VA/134673439/filing_summary.pdf,pipeline_only,original,pipeline_extracted_in_validated_window,
VA,10/01/2025,Allstate Property and Casualty Insurance Company,19.0 Personal Auto,19.0001 Private Passenger Auto (PPA),,0.000%,0,156937,496006856,,,rate_change,ALSE-134674124,Filed,,output/pdfs/VA/134674124/filing_summary.pdf,pipeline_only,original,pipeline_extracted_in_validated_window,
VA,10/01/2025,Allstate North American Insurance Company,19.0 Personal Auto,19.0001 Private Passenger Auto (PPA),,0.000%,0,30959,70115454,,,rate_change,ALSE-134674217,Filed,,output/pdfs/VA/134674217/filing_summary.pdf,pipeline_only,original,pipeline_extracted_in_validated_window,
VA,10/01/2025,Allstate Insurance Company,19.0 Personal Auto,19.0001 Private Passenger Auto (PPA),,0.000%,0,50485,136439074,,,rate_change,ALSE-134674249,Filed,,output/pdfs/VA/134674249/filing_summary.pdf,pipeline_only,original,pipeline_extracted_in_validated_window,
VA,10/01/2025,Allstate Property and Casualty Insurance Company,19.0 Personal Auto,19.0002 Motorcycle,,0.000%,0,13723,5610861,,,rate_change,ALSE-134674321,Filed,2025-09-16,output/pdfs/VA/134674321/filing_summary.pdf,pipeline_only,original,pipeline_extracted_in_validated_window,
VA,11/17/2025,Allstate Indemnity Company,19.0 Personal Auto,19.0001 Private Passenger Auto (PPA),,0.000%,0,60,89270,0.000%,0.000%,rate_change,ALSE-134699857,Filed,,output/pdfs/VA/134699857/filing_summary.pdf,pipeline_only,original,pipeline_extracted_in_validated_window,
VA,11/10/2025,Allstate Vehicle and Property Insurance Company,04.0 Homeowners,04.0003 Owner Occupied Homeowners,0.600%,0.600%,1505963,124116,250993803,1.200%,0.200%,rate_change,ALSE-134728018,Filed,2025-11-04,output/pdfs/VA/134728018/filing_summary.pdf,pipeline_only,original,pipeline_extracted_in_validated_window,
VA,01/26/2026,Allstate Property and Casualty Insurance Company,19.0 Personal Auto,19.0001 Private Passenger Auto (PPA),,0.000%,0,143489,436586804,19.700%,-33.400%,rate_change,ALSE-134743340,Filed,,output/pdfs/VA/134743340/filing_summary.pdf,pipeline_only,original,pipeline_extracted_in_validated_window,
VA,01/26/2026,Allstate Fire and Casualty Insurance Company,19.0 Personal Auto,19.0001 Private Passenger Auto (PPA),,0.000%,0,1631,6147164,49.600%,-31.800%,rate_change,ALSE-134744598,Filed,,output/pdfs/VA/134744598/filing_summary.pdf,pipeline_only,original,pipeline_extracted_in_validated_window,
VA,12/08/2025,Allstate Indemnity Company,04.0 Homeowners,04.0003 Owner Occupied Homeowners,4.000%,4.000%,1312236,16226,32805889,5.000%,1.800%,rate_change,ALSE-134746787,Filed,,output/pdfs/VA/134746787/filing_summary.pdf,pipeline_only,original,pipeline_extracted_in_validated_window,
VA,12/08/2025,Allstate Insurance Company,04.0 Homeowners,04.0003 Owner Occupied Homeowners,4.100%,4.100%,2124908,28147,51827017,5.000%,1.600%,rate_change,ALSE-134752066,Filed,,output/pdfs/VA/134752066/filing_summary.pdf,pipeline_only,original,pipeline_extracted_in_validated_window,
VA,01/26/2026,Allstate North American Insurance Company,19.0 Personal Auto,19.0001 Private Passenger Auto (PPA),,-5.000%,-7170745,58146,143414895,-10.000%,-0.300%,rate_change,ALSE-134803401,Filed,2026-01-15,output/pdfs/VA/134803401/filing_summary.pdf,pipeline_only,original,pipeline_extracted_in_validated_window,
VA,05/09/2024,Encompass Independent Insurance Company,04.0 Homeowners,04.0000 Homeowners Sub-TOI Combinations,,0.000%,0,2291,4231874,0.000%,0.000%,rate_change,ALSE-134013638,Filed,2024-02-29,output/pdfs/VA/134013638/filing_summary.pdf,pipeline_only,extension,pipeline_extracted,
VA,07/08/2024,Encompass Independent Insurance Company,19.0 Personal Auto,19.0001 Private Passenger Auto (PPA),0.000%,0.000%,0,0,7018063,0.000%,0.000%,rate_change,ALSE-134065097,Filed,2024-04-11,output/pdfs/VA/134065097/filing_summary.pdf,pipeline_only,extension,pipeline_extracted,
VA,01/01/2025,Encompass Independent Insurance Company,19.0 Personal Auto,19.0000 Personal Auto Combinations,0.000%,0.000%,0,2463,7892605,0.000%,0.000%,rate_change,ALSE-134289690,Filed,2024-10-18,output/pdfs/VA/134289690/filing_summary.pdf,pipeline_only,original,pipeline_extracted_in_validated_window,
VA,12/07/2024,Encompass Independent Insurance Company,04.0 Homeowners,04.0000 Homeowners Sub-TOI Combinations,11.200%,10.500%,454142,2183,4324273,62.400%,0.000%,rate_change,ALSE-134291651,Filed,2024-10-22,output/pdfs/VA/134291651/filing_summary.pdf,pipeline_only,extension,pipeline_extracted,
VA,12/07/2024,Encompass Independent Insurance Company,19.0 Personal Auto,19.0001 Private Passenger Auto (PPA),1.800%,1.800%,142067,2463,7892605,13.600%,1.000%,rate_change,ALSE-134291768,Filed,2024-10-22,output/pdfs/VA/134291768/filing_summary.pdf,pipeline_only,extension,pipeline_extracted,
VA,02/03/2025,Encompass Insurance Company,04.0 Homeowners,04.0000 Homeowners Sub-TOI Combinations,0.000%,7.700%,11432,97,149155,20.800%,-9.600%,rate_change,GMMX-134335567,Filed,2024-11-27,output/pdfs/VA/134335567/filing_summary.pdf,pipeline_only,original,pipeline_extracted_in_validated_window,
VA,02/03/2025,Encompass Insurance Company,19.0 Personal Auto,19.0001 Private Passenger Auto (PPA),0.000%,0.200%,184,47,121972,10.400%,-8.100%,rate_change,GMMX-134335605,Filed,2024-11-27,output/pdfs/VA/134335605/filing_summary.pdf,pipeline_only,original,pipeline_extracted_in_validated_window,
VA,07/07/2025,Encompass Independent Insurance Company,19.0 Personal Auto,19.0001 Private Passenger Auto (PPA),0.000%,0.000%,0,0,7175752,0.000%,0.000%,rate_change,GMMX-134492213,Filed,,output/pdfs/VA/134492213/filing_summary.pdf,pipeline_only,original,pipeline_extracted_in_validated_window,
VA,07/01/2025,Encompass Insurance Company,04.0 Homeowners,04.0003 Owner Occupied Homeowners,0.000%,0.000%,0,0,0,0.000%,0.000%,rate_change,GMMX-134552358,Filed,2025-05-30,output/pdfs/VA/134552358/filing_summary.pdf,pipeline_only,original,pipeline_extracted_in_validated_window,
VA,09/10/2025,Encompass Insurance Company,19.0 Personal Auto,19.0001 Private Passenger Auto (PPA),0.000%,0.000%,0,0,0,0.000%,0.000%,rate_change,GMMX-134570458,Filed,2025-06-13,output/pdfs/VA/134570458/filing_summary.pdf,pipeline_only,original,pipeline_extracted_in_validated_window,
VA,08/11/2025,Encompass Insurance Company,04.0 Homeowners,04.0000 Homeowners Sub-TOI Combinations,11.800%,0.800%,9259,594,1143736,50.000%,-8.700%,rate_change,GMMX-134594249,Filed,2025-07-03,output/pdfs/VA/134594249/filing_summary.pdf,pipeline_only,original,pipeline_extracted_in_validated_window,
VA,11/03/2025,Encompass Insurance Company,19.0 Personal Auto,19.0001 Private Passenger Auto (PPA),-3.300%,-12.300%,-55468,161,451392,10.200%,-26.200%,rate_change,GMMX-134634752,Filed,2025-09-04,output/pdfs/VA/134634752/filing_summary.pdf,pipeline_only,original,pipeline_extracted_in_validated_window,
VA,03/20/2026,Encompass Independent Insurance Company,19.0 Personal Auto,19.0001 Private Passenger Auto (PPA),4.200%,4.200%,277261,1725,6601443,18.500%,-4.000%,rate_change,GMMX-134760402,Filed,2025-12-04,output/pdfs/VA/134760402/filing_summary.pdf,pipeline_only,original,pipeline_extracted_in_validated_window,
VA,02/01/2024,Farmers Property and Casualty Insurance Company,04.0 Homeowners,04.0000 Homeowners Sub-TOI Combinations,22.800%,20.000%,3401732,13248,17008658,54.000%,-2.200%,rate_change_withdrawn,FAIG-133942168,Withdrawn,,output/pdfs/VA/133942168/filing_summary.pdf,pipeline_only,extension,pipeline_extracted,
VA,02/01/2024,Farmers Casualty Insurance Company,04.0 Homeowners,04.0000 Homeowners Sub-TOI Combinations,22.800%,20.000%,132071,389,660354,54.000%,-2.200%,rate_change_withdrawn,FAIG-133942168,Withdrawn,,output/pdfs/VA/133942168/filing_summary.pdf,pipeline_only,extension,pipeline_extracted,
VA,02/01/2024,Farmers Property and Casualty Insurance Company,04.0 Homeowners,04.0000 Homeowners Sub-TOI Combinations,22.800%,20.000%,3401732,13248,17008658,54.000%,-2.200%,rate_change,FAIG-133984698,Filed,,output/pdfs/VA/133984698/filing_summary.pdf,pipeline_only,extension,pipeline_extracted,
VA,02/01/2024,Farmers Casualty Insurance Company,04.0 Homeowners,04.0000 Homeowners Sub-TOI Combinations,22.800%,20.000%,132071,389,660354,54.000%,-2.200%,rate_change,FAIG-133984698,Filed,,output/pdfs/VA/133984698/filing_summary.pdf,pipeline_only,extension,pipeline_extracted,
VA,08/17/2024,Farmers Property and Casualty Insurance Company,04.0 Homeowners,04.0000 Homeowners Sub-TOI Combinations,30.700%,25.000%,89207,1284,356827,25.000%,25.000%,rate_change,FAIG-134177241,Returned to Company,,output/pdfs/VA/134177241/filing_summary.pdf,pipeline_only,extension,pipeline_extracted,
VA,01/01/2025,Farmers Property and Casualty Insurance Company,19.0 Personal Auto,19.0001 Private Passenger Auto (PPA),0.000%,0.000%,0,147,401149,9.100%,0.000%,rate_change,FAIG-134299803,Filed,,output/pdfs/VA/134299803/filing_summary.pdf,pipeline_only,original,pipeline_extracted_in_validated_window,
VA,01/01/2025,Farmers Casualty Insurance Company,19.0 Personal Auto,19.0001 Private Passenger Auto (PPA),0.000%,0.000%,0,2568,6399103,9.100%,0.000%,rate_change,FAIG-134299803,Filed,,output/pdfs/VA/134299803/filing_summary.pdf,pipeline_only,original,pipeline_extracted_in_validated_window,
VA,01/01/2025,Farmers Direct Property and Casualty Insurance Company,19.0 Personal Auto,19.0001 Private Passenger Auto (PPA),0.000%,0.000%,0,6523,20634157,12.800%,0.000%,rate_change,FAIG-134299804,Filed,2024-10-31,output/pdfs/VA/134299804/filing_summary.pdf,pipeline_only,original,pipeline_extracted_in_validated_window,
VA,11/09/2024,Fire Insurance Exchange,04.0 Homeowners,04.0000 Homeowners Sub-TOI Combinations,0.000%,0.000%,0,205,359000,35.400%,-55.500%,rate_change,FARM-134245047,Filed,2024-09-11,output/pdfs/VA/134245047/filing_summary.pdf,pipeline_only,extension,pipeline_extracted,
VA,01/01/2025,Fire Insurance Exchange,19.0 Personal Auto,19.0001 Private Passenger Auto (PPA),6.200%,0.000%,0,1210,1445797,19.800%,0.000%,rate_change,FARM-134345090,Filed,2024-12-09,output/pdfs/VA/134345090/filing_summary.pdf,pipeline_only,original,pipeline_extracted_in_validated_window,
VA,01/19/2025,Fire Insurance Exchange,19.0 Personal Auto,19.0001 Private Passenger Auto (PPA),7.600%,-3.000%,-43374,1210,1445797,22.700%,0.000%,rate_change,FARM-134351970,Filed,2024-12-13,output/pdfs/VA/134351970/filing_summary.pdf,pipeline_only,original,pipeline_extracted_in_validated_window,
VA,07/14/2025,Fire Insurance Exchange,19.0 Personal Auto,19.0001 Private Passenger Auto (PPA),7.800%,-0.200%,-6343,1710,3476700,54.900%,-49.200%,rate_change,FARM-134570947,Filed,2025-06-17,output/pdfs/VA/134570947/filing_summary.pdf,pipeline_only,original,pipeline_extracted_in_validated_window,
VA,07/01/2025,Farmers Insurance Exchange,04.0 Homeowners,04.0000 Homeowners Sub-TOI Combinations,0.000%,0.000%,0,6239,10672000,0.000%,0.000%,rate_change,FARM-134586228,Filed,2025-06-30,output/pdfs/VA/134586228/filing_summary.pdf,pipeline_only,original,pipeline_extracted_in_validated_window,
VA,07/01/2025,Fire Insurance Exchange,04.0 Homeowners,04.0000 Homeowners Sub-TOI Combinations,0.000%,0.000%,0,2954,1717000,0.000%,0.000%,rate_change,FARM-134586228,Filed,2025-06-30,output/pdfs/VA/134586228/filing_summary.pdf,pipeline_only,original,pipeline_extracted_in_validated_window,
VA,07/01/2025,Mid-Century Insurance Company,04.0 Homeowners,04.0000 Homeowners Sub-TOI Combinations,0.000%,0.000%,0,3569,8757000,0.000%,0.000%,rate_change,FARM-134586228,Filed,2025-06-30,output/pdfs/VA/134586228/filing_summary.pdf,pipeline_only,original,pipeline_extracted_in_validated_window,
VA,07/01/2025,Truck Insurance Exchange,04.0 Homeowners,04.0000 Homeowners Sub-TOI Combinations,0.000%,0.000%,0,10816,21546000,0.000%,0.000%,rate_change,FARM-134586228,Filed,2025-06-30,output/pdfs/VA/134586228/filing_summary.pdf,pipeline_only,original,pipeline_extracted_in_validated_window,
VA,10/13/2025,Fire Insurance Exchange,04.0 Homeowners,04.0000 Homeowners Sub-TOI Combinations,0.000%,0.000%,0,2664,2543000,0.000%,0.000%,rate_change,FARM-134697533,Filed,2025-10-08,output/pdfs/VA/134697533/filing_summary.pdf,pipeline_only,original,pipeline_extracted_in_validated_window,
VA,11/10/2025,Fire Insurance Exchange,04.0 Homeowners,04.0000 Homeowners Sub-TOI Combinations,6.900%,2.500%,7000,1261,295000,3.000%,2.000%,rate_change,FARM-134730757,Filed,2025-11-06,output/pdfs/VA/134730757/filing_summary.pdf,pipeline_only,original,pipeline_extracted_in_validated_window,
VA,01/19/2026,Fire Insurance Exchange,19.0 Personal Auto,19.0001 Private Passenger Auto (PPA),3.200%,-4.900%,-323906,3126,6579481,,,rate_change,FARM-134770953,Filed,2025-12-18,output/pdfs/VA/134770953/filing_summary.pdf,pipeline_only,original,pipeline_extracted_in_validated_window,
VA,02/15/2024,GEICO Indemnity Company,19.0 Personal Auto,19.0001 Private Passenger Auto (PPA),0.000%,0.000%,0,66,80308483,3.090%,0.000%,rate_change,GECC-133913163,Filed,2024-01-19,output/pdfs/VA/133913163/filing_summary.pdf,pipeline_only,extension,pipeline_extracted,
VA,02/15/2024,GEICO Casualty Company,19.0 Personal Auto,19.0001 Private Passenger Auto (PPA),0.000%,0.000%,0,147,64232461,3.090%,0.000%,rate_change,GECC-133913163,Filed,2024-01-19,output/pdfs/VA/133913163/filing_summary.pdf,pipeline_only,extension,pipeline_extracted,
VA,02/15/2024,Government Employees Insurance Company,19.0 Personal Auto,19.0001 Private Passenger Auto (PPA),0.000%,0.000%,0,121891,264994081,6.090%,-2.400%,rate_change,GECC-133913163,Filed,2024-01-19,output/pdfs/VA/133913163/filing_summary.pdf,pipeline_only,extension,pipeline_extracted,
VA,02/15/2024,GEICO Advantage Insurance Company,19.0 Personal Auto,19.0001 Private Passenger Auto (PPA),0.000%,0.000%,0,228744,435828736,3.470%,-1.700%,rate_change,GECC-133913163,Filed,2024-01-19,output/pdfs/VA/133913163/filing_summary.pdf,pipeline_only,extension,pipeline_extracted,
VA,02/15/2024,GEICO Choice Insurance Company,19.0 Personal Auto,19.0001 Private Passenger Auto (PPA),0.000%,0.000%,0,101768,251981312,3.580%,-1.600%,rate_change,GECC-133913163,Filed,2024-01-19,output/pdfs/VA/133913163/filing_summary.pdf,pipeline_only,extension,pipeline_extracted,
VA,02/15/2024,GEICO Secure Insurance Company,19.0 Personal Auto,19.0001 Private Passenger Auto (PPA),0.000%,0.000%,0,67429,174773956,1.630%,-0.400%,rate_change,GECC-133913163,Filed,2024-01-19,output/pdfs/VA/133913163/filing_summary.pdf,pipeline_only,extension,pipeline_extracted,
VA,02/15/2024,GEICO Indemnity Company,19.0 Personal Auto,19.0002 Motorcycle,0.000%,0.000%,0,34466,15460592,117.700%,-49.400%,rate_change,GECC-133942227,Filed,,output/pdfs/VA/133942227/filing_summary.pdf,pipeline_only,extension,pipeline_extracted,
VA,02/08/2024,GEICO Indemnity Company,19.0 Personal Auto,19.0001 Private Passenger Auto (PPA),-2.100%,-0.500%,-401542,25131,80308483,45.300%,-36.900%,rate_change,GECC-133944737,Filed,2024-01-12,output/pdfs/VA/133944737/filing_summary.pdf,pipeline_only,extension,pipeline_extracted,
VA,02/08/2024,GEICO Casualty Company,19.0 Personal Auto,19.0001 Private Passenger Auto (PPA),0.100%,0.000%,0,35991,64232461,100.800%,-28.500%,rate_change,GECC-133944737,Filed,2024-01-12,output/pdfs/VA/133944737/filing_summary.pdf,pipeline_only,extension,pipeline_extracted,
VA,02/08/2024,GEICO General Insurance Company,19.0 Personal Auto,19.0001 Private Passenger Auto (PPA),0.000%,0.000%,0,6127,13665687,64.200%,-34.800%,rate_change,GECC-133944737,Filed,2024-01-12,output/pdfs/VA/133944737/filing_summary.pdf,pipeline_only,extension,pipeline_extracted,
VA,02/08/2024,Government Employees Insurance Company,19.0 Personal Auto,19.0001 Private Passenger Auto (PPA),0.100%,0.000%,0,121843,264994081,157.100%,-30.300%,rate_change,GECC-133944737,Filed,2024-01-12,output/pdfs/VA/133944737/filing_summary.pdf,pipeline_only,extension,pipeline_extracted,
VA,02/08/2024,GEICO Advantage Insurance Company,19.0 Personal Auto,19.0001 Private Passenger Auto (PPA),7.300%,0.000%,0,228402,435828736,60.000%,-36.700%,rate_change,GECC-133944737,Filed,2024-01-12,output/pdfs/VA/133944737/filing_summary.pdf,pipeline_only,extension,pipeline_extracted,
VA,02/08/2024,GEICO Choice Insurance Company,19.0 Personal Auto,19.0001 Private Passenger Auto (PPA),12.300%,4.800%,12095103,101713,251981312,120.800%,-34.400%,rate_change,GECC-133944737,Filed,2024-01-12,output/pdfs/VA/133944737/filing_summary.pdf,pipeline_only,extension,pipeline_extracted,
VA,02/08/2024,GEICO Secure Insurance Company,19.0 Personal Auto,19.0001 Private Passenger Auto (PPA),0.000%,-0.100%,-174774,67339,174773956,51.200%,-24.200%,rate_change,GECC-133944737,Filed,2024-01-12,output/pdfs/VA/133944737/filing_summary.pdf,pipeline_only,extension,pipeline_extracted,
VA,04/18/2024,GEICO General Insurance Company,19.0 Personal Auto,19.0001 Private Passenger Auto (PPA),0.000%,-8.700%,-1501885,9156,17263041,0.000%,-42.300%,rate_change,GECC-134008758,Filed,2024-02-29,output/pdfs/VA/134008758/filing_summary.pdf,pipeline_only,extension,pipeline_extracted,
VA,04/18/2024,GEICO Secure Insurance Company,19.0 Personal Auto,19.0001 Private Passenger Auto (PPA),0.000%,-4.400%,-8462979,50647,192340433,0.000%,-36.600%,rate_change,GECC-134008758,Filed,2024-02-29,output/pdfs/VA/134008758/filing_summary.pdf,pipeline_only,extension,pipeline_extracted,
VA,10/03/2024,GEICO General Insurance Company,19.0 Personal Auto,19.0001 Private Passenger Auto (PPA),0.000%,0.000%,0,11003,17263041,10.600%,-3.900%,rate_change,GECC-134095242,Filed,2024-05-14,output/pdfs/VA/134095242/filing_summary.pdf,pipeline_only,extension,pipeline_extracted,
VA,08/01/2024,GEICO General Insurance Company,19.0 Personal Auto,19.0001 Private Passenger Auto (PPA),-4.600%,-4.900%,-1219419,12760,24886110,0.000%,-5.100%,rate_change,GECC-134154664,Filed,2024-07-05,output/pdfs/VA/134154664/filing_summary.pdf,pipeline_only,extension,pipeline_extracted,
VA,08/01/2024,GEICO Secure Insurance Company,19.0 Personal Auto,19.0001 Private Passenger Auto (PPA),-4.600%,-4.900%,-11409892,113339,232854946,0.000%,-5.100%,rate_change,GECC-134154664,Filed,2024-07-05,output/pdfs/VA/134154664/filing_summary.pdf,pipeline_only,extension,pipeline_extracted,
VA,01/01/2025,GEICO Indemnity Company,19.0 Personal Auto,19.0002 Motorcycle,0.000%,0.000%,0,30724,16998412,88.100%,0.000%,rate_change,GECC-134250240,Filed,,output/pdfs/VA/134250240/filing_summary.pdf,pipeline_only,original,pipeline_extracted_in_validated_window,
VA,01/01/2025,GEICO Casualty Company,19.0 Personal Auto,19.0001 Private Passenger Auto (PPA),0.000%,0.000%,0,27798,61992556,35.300%,0.000%,rate_change,GECC-134252908,Filed,2024-09-30,output/pdfs/VA/134252908/filing_summary.pdf,pipeline_only,original,pipeline_extracted_in_validated_window,
VA,01/01/2025,GEICO General Insurance Company,19.0 Personal Auto,19.0001 Private Passenger Auto (PPA),0.000%,0.000%,0,14044,29752088,17.400%,0.000%,rate_change,GECC-134252908,Filed,2024-09-30,output/pdfs/VA/134252908/filing_summary.pdf,pipeline_only,original,pipeline_extracted_in_validated_window,
VA,01/01/2025,Government Employees Insurance Company,19.0 Personal Auto,19.0001 Private Passenger Auto (PPA),0.000%,0.000%,0,98854,254941455,32.800%,0.000%,rate_change,GECC-134252908,Filed,2024-09-30,output/pdfs/VA/134252908/filing_summary.pdf,pipeline_only,original,pipeline_extracted_in_validated_window,
VA,01/01/2025,GEICO Advantage Insurance Company,19.0 Personal Auto,19.0001 Private Passenger Auto (PPA),0.000%,0.000%,0,167233,397303779,20.600%,0.000%,rate_change,GECC-134252908,Filed,2024-09-30,output/pdfs/VA/134252908/filing_summary.pdf,pipeline_only,original,pipeline_extracted_in_validated_window,
VA,01/01/2025,GEICO Choice Insurance Company,19.0 Personal Auto,19.0001 Private Passenger Auto (PPA),0.000%,0.000%,0,75739,236745954,21.600%,0.000%,rate_change,GECC-134252908,Filed,2024-09-30,output/pdfs/VA/134252908/filing_summary.pdf,pipeline_only,original,pipeline_extracted_in_validated_window,
VA,01/01/2025,GEICO Secure Insurance Company,19.0 Personal Auto,19.0001 Private Passenger Auto (PPA),0.000%,0.000%,0,118937,264737092,20.500%,0.000%,rate_change,GECC-134252908,Filed,2024-09-30,output/pdfs/VA/134252908/filing_summary.pdf,pipeline_only,original,pipeline_extracted_in_validated_window,
VA,01/02/2025,GEICO General Insurance Company,19.0 Personal Auto,19.0001 Private Passenger Auto (PPA),0.000%,0.000%,0,14921,31503638,8.000%,-32.100%,rate_change,GECC-134289988,Filed,2024-10-24,output/pdfs/VA/134289988/filing_summary.pdf,pipeline_only,original,pipeline_extracted_in_validated_window,
VA,01/02/2025,GEICO Advantage Insurance Company,19.0 Personal Auto,19.0001 Private Passenger Auto (PPA),0.000%,0.000%,0,179048,392452413,2.000%,-44.400%,rate_change,GECC-134289988,Filed,2024-10-24,output/pdfs/VA/134289988/filing_summary.pdf,pipeline_only,original,pipeline_extracted_in_validated_window,
VA,01/02/2025,GEICO Choice Insurance Company,19.0 Personal Auto,19.0001 Private Passenger Auto (PPA),0.000%,0.000%,0,78922,234665830,3.500%,-52.400%,rate_change,GECC-134289988,Filed,2024-10-24,output/pdfs/VA/134289988/filing_summary.pdf,pipeline_only,original,pipeline_extracted_in_validated_window,
VA,01/02/2025,GEICO Secure Insurance Company,19.0 Personal Auto,19.0001 Private Passenger Auto (PPA),0.000%,0.000%,0,125749,275245391,6.300%,-56.800%,rate_change,GECC-134289988,Filed,2024-10-24,output/pdfs/VA/134289988/filing_summary.pdf,pipeline_only,original,pipeline_extracted_in_validated_window,
VA,01/03/2025,GEICO Casualty Company,19.0 Personal Auto,19.0003 Recreational Vehicle (RV),0.000%,0.000%,0,665,323378,124.800%,-74.000%,rate_change,GECC-134298108,Filed,2024-10-30,output/pdfs/VA/134298108/filing_summary.pdf,pipeline_only,original,pipeline_extracted_in_validated_window,
VA,01/03/2025,Government Employees Insurance Company,19.0 Personal Auto,19.0003 Recreational Vehicle (RV),0.000%,0.000%,0,1891,1196195,166.200%,-64.900%,rate_change,GECC-134298108,Filed,2024-10-30,output/pdfs/VA/134298108/filing_summary.pdf,pipeline_only,original,pipeline_extracted_in_validated_window,
VA,01/03/2025,GEICO Advantage Insurance Company,19.0 Personal Auto,19.0003 Recreational Vehicle (RV),0.000%,0.000%,0,3071,1749514,191.800%,-65.800%,rate_change,GECC-134298108,Filed,2024-10-30,output/pdfs/VA/134298108/filing_summary.pdf,pipeline_only,original,pipeline_extracted_in_validated_window,
VA,01/03/2025,GEICO Choice Insurance Company,19.0 Personal Auto,19.0003 Recreational Vehicle (RV),0.000%,0.000%,0,760,609894,194.100%,-63.800%,rate_change,GECC-134298108,Filed,2024-10-30,output/pdfs/VA/134298108/filing_summary.pdf,pipeline_only,original,pipeline_extracted_in_validated_window,
VA,01/03/2025,GEICO Secure Insurance Company,19.0 Personal Auto,19.0003 Recreational Vehicle (RV),0.000%,0.000%,0,714,486556,65.200%,-39.400%,rate_change,GECC-134298108,Filed,2024-10-30,output/pdfs/VA/134298108/filing_summary.pdf,pipeline_only,original,pipeline_extracted_in_validated_window,
VA,04/15/2026,GEICO General Insurance Company,19.0 Personal Auto,19.0001 Private Passenger Auto (PPA),3.800%,4.000%,2283757,25201,57093925,10.000%,-25.820%,rate_change,GECC-134876961,Filed,2026-03-16,output/pdfs/VA/134876961/filing_summary.pdf,pipeline_only,original,pipeline_extracted_in_validated_window,
VA,04/15/2026,GEICO Secure Insurance Company,19.0 Personal Auto,19.0001 Private Passenger Auto (PPA),3.800%,3.800%,15502942,181473,407972170,10.000%,-27.780%,rate_change,GECC-134876961,Filed,2026-03-16,output/pdfs/VA/134876961/filing_summary.pdf,pipeline_only,original,pipeline_extracted_in_validated_window,
VA,03/30/2024,United Services Automobile Association,04.0 Homeowners,04.0004 Tenant Homeowners,19.600%,9.700%,727887,37571,7514244,12.300%,0.000%,rate_change,USAA-133895695,Filed,2023-11-17,output/pdfs/VA/133895695/filing_summary.pdf,pipeline_only,extension,pipeline_extracted,
VA,03/30/2024,USAA Casualty Insurance Company,04.0 Homeowners,04.0004 Tenant Homeowners,16.700%,9.200%,679778,42846,7378512,12.600%,0.000%,rate_change,USAA-133895695,Filed,2023-11-17,output/pdfs/VA/133895695/filing_summary.pdf,pipeline_only,extension,pipeline_extracted,
VA,03/30/2024,USAA General Indemnity Company,04.0 Homeowners,04.0004 Tenant Homeowners,25.000%,6.900%,297300,23839,4133917,9.500%,0.000%,rate_change,USAA-133895695,Filed,2023-11-17,output/pdfs/VA/133895695/filing_summary.pdf,pipeline_only,extension,pipeline_extracted,
VA,03/30/2024,Garrison Property and Casualty Insurance Company,04.0 Homeowners,04.0004 Tenant Homeowners,18.500%,9.000%,323122,22813,3581652,12.500%,0.000%,rate_change,USAA-133895695,Filed,2023-11-17,output/pdfs/VA/133895695/filing_summary.pdf,pipeline_only,extension,pipeline_extracted,
VA,09/28/2024,United Services Automobile Association,04.0 Homeowners,04.0000 Homeowners Sub-TOI Combinations,,0.000%,0,142552,315635460,15.000%,-62.300%,rate_change,USAA-134013732,Filed,2024-02-29,output/pdfs/VA/134013732/filing_summary.pdf,pipeline_only,extension,pipeline_extracted,
VA,09/28/2024,USAA Casualty Insurance Company,04.0 Homeowners,04.0000 Homeowners Sub-TOI Combinations,,0.000%,0,87324,170775879,15.000%,-61.400%,rate_change,USAA-134013732,Filed,2024-02-29,output/pdfs/VA/134013732/filing_summary.pdf,pipeline_only,extension,pipeline_extracted,
VA,09/28/2024,USAA General Indemnity Company,04.0 Homeowners,04.0000 Homeowners Sub-TOI Combinations,,0.000%,0,36828,66650506,15.000%,-61.900%,rate_change,USAA-134013732,Filed,2024-02-29,output/pdfs/VA/134013732/filing_summary.pdf,pipeline_only,extension,pipeline_extracted,
VA,09/28/2024,Garrison Property and Casualty Insurance Company,04.0 Homeowners,04.0000 Homeowners Sub-TOI Combinations,,0.000%,0,21461,38490757,15.000%,-56.700%,rate_change,USAA-134013732,Filed,2024-02-29,output/pdfs/VA/134013732/filing_summary.pdf,pipeline_only,extension,pipeline_extracted,
VA,10/26/2024,United Services Automobile Association,19.0 Personal Auto,19.0001 Private Passenger Auto (PPA),,0.000%,0,468068115,0,0.000%,0.000%,rate_change,USAA-134184676,Filed,2024-07-23,output/pdfs/VA/134184676/filing_summary.pdf,pipeline_only,extension,pipeline_extracted,
VA,10/26/2024,USAA Casualty Insurance Company,19.0 Personal Auto,19.0001 Private Passenger Auto (PPA),,0.000%,0,361322135,0,0.000%,0.000%,rate_change,USAA-134184676,Filed,2024-07-23,output/pdfs/VA/134184676/filing_summary.pdf,pipeline_only,extension,pipeline_extracted,
VA,10/26/2024,USAA General Indemnity Company,19.0 Personal Auto,19.0001 Private Passenger Auto (PPA),,0.000%,0,150145510,0,0.000%,0.000%,rate_change,USAA-134184676,Filed,2024-07-23,output/pdfs/VA/134184676/filing_summary.pdf,pipeline_only,extension,pipeline_extracted,
VA,10/26/2024,Garrison Property and Casualty Insurance Company,19.0 Personal Auto,19.0001 Private Passenger Auto (PPA),,0.000%,0,112244889,0,0.000%,0.000%,rate_change,USAA-134184676,Filed,2024-07-23,output/pdfs/VA/134184676/filing_summary.pdf,pipeline_only,extension,pipeline_extracted,
VA,01/01/2025,United Services Automobile Association,19.0 Personal Auto,19.0001 Private Passenger Auto (PPA),,0.000%,0,182769,468068115,5.400%,0.000%,rate_change,USAA-134227282,Filed,2024-08-27,output/pdfs/VA/134227282/filing_summary.pdf,pipeline_only,original,pipeline_extracted_in_validated_window,
VA,01/01/2025,USAA Casualty Insurance Company,19.0 Personal Auto,19.0001 Private Passenger Auto (PPA),,0.000%,0,159429,361322135,7.700%,0.000%,rate_change,USAA-134227282,Filed,2024-08-27,output/pdfs/VA/134227282/filing_summary.pdf,pipeline_only,original,pipeline_extracted_in_validated_window,
VA,01/01/2025,USAA General Indemnity Company,19.0 Personal Auto,19.0001 Private Passenger Auto (PPA),,0.000%,0,69217,150145510,10.500%,0.000%,rate_change,USAA-134227282,Filed,2024-08-27,output/pdfs/VA/134227282/filing_summary.pdf,pipeline_only,original,pipeline_extracted_in_validated_window,
VA,01/01/2025,Garrison Property and Casualty Insurance Company,19.0 Personal Auto,19.0001 Private Passenger Auto (PPA),,0.000%,0,58193,112244889,8.900%,0.000%,rate_change,USAA-134227282,Filed,2024-08-27,output/pdfs/VA/134227282/filing_summary.pdf,pipeline_only,original,pipeline_extracted_in_validated_window,
VA,04/15/2025,Garrison Property and Casualty Insurance Company,04.0 Homeowners,04.0000 Homeowners Sub-TOI Combinations,,0.000%,0,21461,38491330,4.100%,-2.200%,rate_change,USAA-134403030,Filed,2025-02-04,output/pdfs/VA/134403030/filing_summary.pdf,pipeline_only,original,pipeline_extracted_in_validated_window,
VA,04/15/2025,United Services Automobile Association,04.0 Homeowners,04.0000 Homeowners Sub-TOI Combinations,,0.000%,0,142552,315635421,4.700%,-2.600%,rate_change,USAA-134403030,Filed,2025-02-04,output/pdfs/VA/134403030/filing_summary.pdf,pipeline_only,original,pipeline_extracted_in_validated_window,
VA,04/15/2025,USAA Casualty Insurance Company,04.0 Homeowners,04.0000 Homeowners Sub-TOI Combinations,,0.000%,0,87324,170774528,4.500%,-2.400%,rate_change,USAA-134403030,Filed,2025-02-04,output/pdfs/VA/134403030/filing_summary.pdf,pipeline_only,original,pipeline_extracted_in_validated_window,
VA,04/15/2025,USAA General Indemnity Company,04.0 Homeowners,04.0000 Homeowners Sub-TOI Combinations,,0.000%,0,36828,66650996,4.200%,-2.200%,rate_change,USAA-134403030,Filed,2025-02-04,output/pdfs/VA/134403030/filing_summary.pdf,pipeline_only,original,pipeline_extracted_in_validated_window,
VA,03/01/2026,United Services Automobile Association,19.0 Personal Auto,19.0001 Private Passenger Auto (PPA),,-1.300%,-6461760,181953,497058494,8.500%,-20.600%,rate_change,USAA-134728239,Filed,2025-11-05,output/pdfs/VA/134728239/filing_summary.pdf,pipeline_only,original,pipeline_extracted_in_validated_window,
VA,03/01/2026,USAA Casualty Insurance Company,19.0 Personal Auto,19.0001 Private Passenger Auto (PPA),,-0.500%,-1959746,159673,391949200,0.000%,-16.100%,rate_change,USAA-134728239,Filed,2025-11-05,output/pdfs/VA/134728239/filing_summary.pdf,pipeline_only,original,pipeline_extracted_in_validated_window,
VA,03/01/2026,USAA General Indemnity Company,19.0 Personal Auto,19.0001 Private Passenger Auto (PPA),,-1.600%,-2677860,69287,167366259,0.000%,-12.900%,rate_change,USAA-134728239,Filed,2025-11-05,output/pdfs/VA/134728239/filing_summary.pdf,pipeline_only,original,pipeline_extracted_in_validated_window,
VA,03/01/2026,Garrison Property and Casualty Insurance Company,19.0 Personal Auto,19.0001 Private Passenger Auto (PPA),,-1.700%,-2113574,58755,124327877,0.000%,-16.400%,rate_change,USAA-134728239,Filed,2025-11-05,output/pdfs/VA/134728239/filing_summary.pdf,pipeline_only,original,pipeline_extracted_in_validated_window,
VA,01/27/2024,Liberty Mutual Fire Insurance Company,04.0 Homeowners,04.0000 Homeowners Sub-TOI Combinations,24.700%,19.900%,2432478,2525,12198205,20.900%,6.300%,rate_change,LBPM-133906122,Filed,,output/pdfs/VA/133906122/filing_summary.pdf,pipeline_only,extension,pipeline_extracted,
VA,01/27/2024,The First Liberty Insurance Corporation,04.0 Homeowners,04.0000 Homeowners Sub-TOI Combinations,24.700%,19.800%,1737285,2035,8758417,20.900%,5.000%,rate_change,LBPM-133906122,Filed,,output/pdfs/VA/133906122/filing_summary.pdf,pipeline_only,extension,pipeline_extracted,
VA,05/19/2025,Liberty Mutual Personal Insurance Company,19.0 Personal Auto,19.0000 Personal Auto Combinations,0.000%,0.060%,63722,40014,102007949,15.100%,-11.500%,rate_change,LBPM-133951499,Filed,,output/pdfs/VA/133951499/filing_summary.pdf,pipeline_only,original,pipeline_extracted_in_validated_window,
VA,03/17/2024,Liberty Mutual Personal Insurance Company,19.0 Personal Auto,19.0000 Personal Auto Combinations,26.500%,16.100%,16432112,40016,102012607,38.200%,3.500%,rate_change,LBPM-134008391,Filed,,output/pdfs/VA/134008391/filing_summary.pdf,pipeline_only,extension,pipeline_extracted,
VA,04/21/2024,Liberty Mutual Insurance Company,19.0 Personal Auto,19.0000 Personal Auto Combinations,26.500%,16.800%,203128,382,1207667,33.100%,6.550%,rate_change,LBPM-134009983,Filed,,output/pdfs/VA/134009983/filing_summary.pdf,pipeline_only,extension,pipeline_extracted,
VA,04/21/2024,Montgomery Mutual Insurance Company,19.0 Personal Auto,19.0000 Personal Auto Combinations,26.500%,16.000%,8452738,16983,52777428,34.900%,5.000%,rate_change,LBPM-134009983,Filed,,output/pdfs/VA/134009983/filing_summary.pdf,pipeline_only,extension,pipeline_extracted,
VA,12/12/2024,Liberty Mutual Insurance Company,19.0 Personal Auto,19.0002 Motorcycle,13.800%,17.700%,2658,13,15028,31.300%,4.900%,rate_change,LBPM-134202500,Filed,,output/pdfs/VA/134202500/filing_summary.pdf,pipeline_only,extension,pipeline_extracted,
VA,12/12/2024,Montgomery Mutual Insurance Company,19.0 Personal Auto,19.0002 Motorcycle,13.800%,10.100%,70745,818,697284,34.200%,-4.900%,rate_change,LBPM-134202500,Filed,,output/pdfs/VA/134202500/filing_summary.pdf,pipeline_only,extension,pipeline_extracted,
VA,10/03/2024,Liberty Mutual Insurance Company,19.0 Personal Auto,19.0000 Personal Auto Combinations,-1.300%,-11.700%,-153962,345,1311149,-5.000%,-17.900%,rate_change,LBPM-134214338,Filed,,output/pdfs/VA/134214338/filing_summary.pdf,pipeline_only,extension,pipeline_extracted,
VA,10/03/2024,Montgomery Mutual Insurance Company,19.0 Personal Auto,19.0000 Personal Auto Combinations,-1.300%,-12.000%,-7121323,15465,59571481,-3.500%,-19.200%,rate_change,LBPM-134214338,Filed,,output/pdfs/VA/134214338/filing_summary.pdf,pipeline_only,extension,pipeline_extracted,
VA,08/29/2024,Liberty Mutual Personal Insurance Company,19.0 Personal Auto,19.0000 Personal Auto Combinations,-1.300%,-12.000%,-9216260,29005,77046975,-1.000%,-20.400%,rate_change,LBPM-134214370,Filed,,output/pdfs/VA/134214370/filing_summary.pdf,pipeline_only,extension,pipeline_extracted,
VA,10/03/2024,Liberty Insurance Corporation,19.0 Personal Auto,19.0000 Personal Auto Combinations,-1.300%,-12.700%,-14251,22,112189,-3.800%,-17.900%,rate_change,LBPM-134214375,Filed,,output/pdfs/VA/134214375/filing_summary.pdf,pipeline_only,extension,pipeline_extracted,
VA,10/03/2024,Liberty Mutual Fire Insurance Company,19.0 Personal Auto,19.0000 Personal Auto Combinations,-1.300%,-11.900%,-289395,656,2433686,-3.500%,-19.400%,rate_change,LBPM-134214375,Filed,,output/pdfs/VA/134214375/filing_summary.pdf,pipeline_only,extension,pipeline_extracted,
VA,10/03/2024,The First Liberty Insurance Corporation,19.0 Personal Auto,19.0000 Personal Auto Combinations,-1.300%,-12.300%,-517603,1092,4204590,-3.500%,-19.900%,rate_change,LBPM-134214375,Filed,,output/pdfs/VA/134214375/filing_summary.pdf,pipeline_only,extension,pipeline_extracted,
VA,12/12/2025,Liberty Mutual Insurance Company,19.0 Personal Auto,19.0002 Motorcycle,3.500%,3.900%,316,6,8003,6.200%,2.900%,rate_change,LBPM-134691239,Filed,,output/pdfs/VA/134691239/filing_summary.pdf,pipeline_only,original,pipeline_extracted_in_validated_window,
VA,12/12/2025,Montgomery Mutual Insurance Company,19.0 Personal Auto,19.0002 Motorcycle,3.500%,3.500%,15523,452,440353,7.300%,0.000%,rate_change,LBPM-134691239,Filed,,output/pdfs/VA/134691239/filing_summary.pdf,pipeline_only,original,pipeline_extracted_in_validated_window,
VA,12/02/2025,Liberty Mutual Personal Insurance Company,19.0 Personal Auto,19.0000 Personal Auto Combinations,0.000%,0.000%,0,40104,109403690,0.000%,0.000%,rate_change,LBPM-134750903,Filed,,output/pdfs/VA/134750903/filing_summary.pdf,pipeline_only,original,pipeline_extracted_in_validated_window,
VA,02/25/2024,"MGA Insurance Company, Inc.",19.0 Personal Auto,19.0001 Private Passenger Auto (PPA),0.400%,0.400%,74268,8353,20623560,41.300%,-55.800%,rate_change,GNSC-134005951,Filed,2024-02-24,output/pdfs/VA/134005951/filing_summary.pdf,pipeline_only,extension,pipeline_extracted,
VA,08/26/2024,"MGA Insurance Company, Inc.",19.0 Personal Auto,19.0001 Private Passenger Auto (PPA),2.500%,-1.400%,-230622,7493,16619846,24.100%,-61.700%,rate_change,GNSC-134224678,Filed,2024-08-23,output/pdfs/VA/134224678/filing_summary.pdf,pipeline_only,extension,pipeline_extracted,
VA,02/20/2026,"MGA Insurance Company, Inc.",19.0 Personal Auto,19.0001 Private Passenger Auto (PPA),22.300%,7.400%,1507116,10505,20464916,114.400%,-65.000%,rate_change,GNSC-134847500,Filed,2026-02-20,output/pdfs/VA/134847500/filing_summary.pdf,pipeline_only,original,pipeline_extracted_in_validated_window,
VA,02/23/2024,Mid-Century Insurance Company,19.0 Personal Auto,19.0001 Private Passenger Auto (PPA),10.200%,4.600%,579127,6461,12696176,,,rate_change,FARM-133906961,Filed,2023-11-30,output/pdfs/VA/133906961/filing_summary.pdf,pipeline_only,extension,pipeline_extracted,
VA,07/16/2024,Farmers Insurance Exchange,04.0 Homeowners,04.0000 Homeowners Sub-TOI Combinations,19.200%,6.400%,690000,8431,10724000,25.000%,0.000%,rate_change,FARM-134134190,Filed,2024-06-05,output/pdfs/VA/134134190/filing_summary.pdf,pipeline_only,extension,pipeline_extracted,
VA,07/16/2024,Mid-Century Insurance Company,04.0 Homeowners,04.0000 Homeowners Sub-TOI Combinations,19.200%,5.000%,451000,4211,9020000,14.100%,-0.100%,rate_change,FARM-134134190,Filed,2024-06-05,output/pdfs/VA/134134190/filing_summary.pdf,pipeline_only,extension,pipeline_extracted,
VA,07/16/2024,Truck Insurance Exchange,04.0 Homeowners,04.0000 Homeowners Sub-TOI Combinations,19.200%,5.000%,992000,12002,19839000,25.700%,-23.800%,rate_change,FARM-134134190,Filed,2024-06-05,output/pdfs/VA/134134190/filing_summary.pdf,pipeline_only,extension,pipeline_extracted,
VA,01/01/2025,Mid-Century Insurance Company,19.0 Personal Auto,19.0001 Private Passenger Auto (PPA),6.200%,0.000%,0,3941,12496820,22.400%,0.000%,rate_change,FARM-134334715,Filed,2024-12-03,output/pdfs/VA/134334715/filing_summary.pdf,pipeline_only,original,pipeline_extracted_in_validated_window,
VA,02/23/2025,Mid-Century Insurance Company,19.0 Personal Auto,19.0001 Private Passenger Auto (PPA),7.600%,1.000%,126914,3941,12496820,4.000%,-3.100%,rate_change,FARM-134351663,Filed,2024-12-13,output/pdfs/VA/134351663/filing_summary.pdf,pipeline_only,original,pipeline_extracted_in_validated_window,
VA,02/23/2026,Mid-Century Insurance Company,19.0 Personal Auto,19.0001 Private Passenger Auto (PPA),3.200%,3.000%,326761,3269,10906387,,,rate_change,FARM-134770943,Filed,2025-12-18,output/pdfs/VA/134770943/filing_summary.pdf,pipeline_only,original,pipeline_extracted_in_validated_window,
VA,02/14/2026,Mid-Century Insurance Company,04.0 Homeowners,04.0000 Homeowners Sub-TOI Combinations,8.600%,8.200%,716000,3458,8731000,8.200%,8.200%,rate_change,FARM-134839322,Filed,2026-02-13,output/pdfs/VA/134839322/filing_summary.pdf,pipeline_only,original,pipeline_extracted_in_validated_window,
VA,02/14/2026,Truck Insurance Exchange,04.0 Homeowners,04.0000 Homeowners Sub-TOI Combinations,5.400%,4.800%,1031000,10471,21475000,4.800%,4.800%,rate_change,FARM-134839322,Filed,2026-02-13,output/pdfs/VA/134839322/filing_summary.pdf,pipeline_only,original,pipeline_extracted_in_validated_window,
VA,04/15/2024,Nationwide Mutual Insurance Company,19.0 Personal Auto,19.0003 Recreational Vehicle (RV),8.900%,8.000%,167114,3092,2076072,25.000%,-17.700%,rate_change,NWPP-133921391,Filed,,output/pdfs/VA/133921391/filing_summary.pdf,pipeline_only,extension,pipeline_extracted,
VA,06/02/2024,Nationwide Insurance Company of America,04.0 Homeowners,04.0000 Homeowners Sub-TOI Combinations,11.000%,0.000%,0,59243,94620300,0.000%,0.000%,rate_change,NWPP-134042952,Filed,,output/pdfs/VA/134042952/filing_summary.pdf,pipeline_only,extension,pipeline_extracted,
VA,06/02/2024,Nationwide General Insurance Company,04.0 Homeowners,04.0000 Homeowners Sub-TOI Combinations,11.000%,0.000%,0,35840,68844337,1.000%,-11.200%,rate_change,NWPP-134042952,Filed,,output/pdfs/VA/134042952/filing_summary.pdf,pipeline_only,extension,pipeline_extracted,
VA,06/02/2024,Nationwide Mutual Insurance Company,04.0 Homeowners,04.0000 Homeowners Sub-TOI Combinations,11.000%,0.000%,0,29319,66249135,12.700%,-18.700%,rate_change,NWPP-134042952,Filed,,output/pdfs/VA/134042952/filing_summary.pdf,pipeline_only,extension,pipeline_extracted,
VA,06/02/2024,Nationwide Property and Casualty Insurance Company,04.0 Homeowners,04.0000 Homeowners Sub-TOI Combinations,11.000%,0.000%,0,22986,51571999,4.700%,-8.000%,rate_change,NWPP-134042952,Filed,,output/pdfs/VA/134042952/filing_summary.pdf,pipeline_only,extension,pipeline_extracted,
VA,01/01/2025,Nationwide Mutual Insurance Company,19.0 Personal Auto,19.0003 Recreational Vehicle (RV),0.000%,-0.100%,-2368,2726,2002205,0.000%,-15.000%,rate_change,NWPP-134099315,Filed,2024-05-08,output/pdfs/VA/134099315/filing_summary.pdf,pipeline_only,original,pipeline_extracted_in_validated_window,
VA,01/01/2025,Nationwide Mutual Insurance Company,19.0 Personal Auto,19.0002 Motorcycle,0.000%,0.000%,0,4868,2440405,0.000%,,rate_change,NWPP-134099347,Filed,2024-05-09,output/pdfs/VA/134099347/filing_summary.pdf,pipeline_only,original,pipeline_extracted_in_validated_window,
VA,10/01/2024,Nationwide Insurance Company of America,04.0 Homeowners,04.0000 Homeowners Sub-TOI Combinations,12.100%,12.100%,9496236,51761,78404173,110.200%,-47.400%,rate_change,NWPP-134142089,Filed,,output/pdfs/VA/134142089/filing_summary.pdf,pipeline_only,extension,pipeline_extracted,
VA,10/01/2024,Nationwide General Insurance Company,04.0 Homeowners,04.0000 Homeowners Sub-TOI Combinations,12.000%,12.000%,7012971,31675,58395379,34.200%,-10.000%,rate_change,NWPP-134142089,Filed,,output/pdfs/VA/134142089/filing_summary.pdf,pipeline_only,extension,pipeline_extracted,
VA,10/01/2024,Nationwide Mutual Insurance Company,04.0 Homeowners,04.0000 Homeowners Sub-TOI Combinations,11.800%,11.800%,6439927,26446,54371123,34.100%,1.400%,rate_change,NWPP-134142089,Filed,,output/pdfs/VA/134142089/filing_summary.pdf,pipeline_only,extension,pipeline_extracted,
VA,10/01/2024,Nationwide Property and Casualty Insurance Company,04.0 Homeowners,04.0000 Homeowners Sub-TOI Combinations,11.900%,11.900%,5040209,20657,42259528,33.100%,1.200%,rate_change,NWPP-134142089,Filed,,output/pdfs/VA/134142089/filing_summary.pdf,pipeline_only,extension,pipeline_extracted,
VA,09/05/2024,Nationwide Insurance Company of America,19.0 Personal Auto,19.0001 Private Passenger Auto (PPA),4.000%,2.100%,2487705,45176,118462148,7.000%,-1.200%,rate_change,NWPP-134148218,Filed,,output/pdfs/VA/134148218/filing_summary.pdf,pipeline_only,extension,pipeline_extracted,
VA,09/05/2024,Nationwide General Insurance Company,19.0 Personal Auto,19.0001 Private Passenger Auto (PPA),4.000%,2.200%,721379,13058,32789950,4.600%,0.400%,rate_change,NWPP-134148218,Filed,,output/pdfs/VA/134148218/filing_summary.pdf,pipeline_only,extension,pipeline_extracted,
VA,09/05/2024,Nationwide Mutual Insurance Company,19.0 Personal Auto,19.0001 Private Passenger Auto (PPA),4.000%,0.000%,0,30287,92777329,0.000%,0.000%,rate_change,NWPP-134148218,Filed,,output/pdfs/VA/134148218/filing_summary.pdf,pipeline_only,extension,pipeline_extracted,
VA,09/05/2024,Nationwide Property and Casualty Insurance Company,19.0 Personal Auto,19.0001 Private Passenger Auto (PPA),4.000%,1.900%,1952194,34073,102747078,3.800%,0.400%,rate_change,NWPP-134148218,Filed,,output/pdfs/VA/134148218/filing_summary.pdf,pipeline_only,extension,pipeline_extracted,
VA,01/03/2025,Nationwide Insurance Company of America,19.0 Personal Auto,19.0001 Private Passenger Auto (PPA),,0.000%,0,36369,105833962,0.500%,-0.400%,rate_change,NWPP-134354464,Filed,,output/pdfs/VA/134354464/filing_summary.pdf,pipeline_only,original,pipeline_extracted_in_validated_window,
VA,01/03/2025,Nationwide General Insurance Company,19.0 Personal Auto,19.0001 Private Passenger Auto (PPA),,-5.000%,-1651259,12114,33025187,1.200%,-10.000%,rate_change,NWPP-134354464,Filed,,output/pdfs/VA/134354464/filing_summary.pdf,pipeline_only,original,pipeline_extracted_in_validated_window,
VA,01/03/2025,Nationwide Mutual Insurance Company,19.0 Personal Auto,19.0001 Private Passenger Auto (PPA),,0.000%,0,26875,89249586,0.100%,-0.100%,rate_change,NWPP-134354464,Filed,,output/pdfs/VA/134354464/filing_summary.pdf,pipeline_only,original,pipeline_extracted_in_validated_window,
VA,01/03/2025,Nationwide Property and Casualty Insurance Company,19.0 Personal Auto,19.0001 Private Passenger Auto (PPA),,0.000%,0,28570,94505010,0.000%,0.000%,rate_change,NWPP-134354464,Filed,,output/pdfs/VA/134354464/filing_summary.pdf,pipeline_only,original,pipeline_extracted_in_validated_window,
VA,03/05/2025,Nationwide General Insurance Company,19.0 Personal Auto,19.0001 Private Passenger Auto (PPA),,-5.000%,-1623739,12176,32474785,-1.500%,-7.400%,rate_change,NWPP-134417971,Filed,2025-02-17,output/pdfs/VA/134417971/filing_summary.pdf,pipeline_only,original,pipeline_extracted_in_validated_window,
VA,01/22/2026,Nationwide Insurance Company of America,19.0 Personal Auto,19.0001 Private Passenger Auto (PPA),,0.000%,0,31507,90848370,97.600%,-41.100%,rate_change,NWPP-G134710034,Filed,2025-10-23,output/pdfs/VA/134715090/filing_summary.pdf,pipeline_only,original,pipeline_extracted_in_validated_window,
VA,01/22/2026,Nationwide Property and Casualty Insurance Company,19.0 Personal Auto,19.0001 Private Passenger Auto (PPA),,0.000%,0,24866,81931699,99.900%,-39.500%,rate_change,NWPP-G134710036,Filed,2025-10-23,output/pdfs/VA/134715116/filing_summary.pdf,pipeline_only,original,pipeline_extracted_in_validated_window,
VA,01/22/2026,Nationwide Mutual Insurance Company,19.0 Personal Auto,19.0001 Private Passenger Auto (PPA),,0.000%,0,24386,81260610,65.700%,-42.800%,rate_change,NWPP-G134710037,Filed,,output/pdfs/VA/134715122/filing_summary.pdf,pipeline_only,original,pipeline_extracted_in_validated_window,
VA,01/24/2026,Nationwide General Insurance Company,19.0 Personal Auto,19.0001 Private Passenger Auto (PPA),0.000%,0.000%,0,12784,33492867,13.200%,-15.400%,rate_change,NWPP-G134800704,Filed,,output/pdfs/VA/134805398/filing_summary.pdf,pipeline_only,original,pipeline_extracted_in_validated_window,
VA,07/19/2024,Progressive Advanced Insurance Company,19.0 Personal Auto,19.0001 Private Passenger Auto (PPA),-1.500%,0.000%,0,206909,239216397,0.000%,0.000%,rate_change,PRGS-134174121,Filed,,output/pdfs/VA/134174121/filing_summary.pdf,pipeline_only,extension,pipeline_extracted,
VA,07/19/2024,Progressive Casualty Insurance Company,19.0 Personal Auto,19.0001 Private Passenger Auto (PPA),-1.500%,0.000%,0,11703,21569285,0.000%,0.000%,rate_change,PRGS-134174121,Filed,,output/pdfs/VA/134174121/filing_summary.pdf,pipeline_only,extension,pipeline_extracted,
VA,07/19/2024,Progressive Direct Insurance Company,19.0 Personal Auto,19.0001 Private Passenger Auto (PPA),-1.500%,-4.100%,-1722386,32882,42502100,-0.300%,-6.800%,rate_change,PRGS-134174121,Filed,,output/pdfs/VA/134174121/filing_summary.pdf,pipeline_only,extension,pipeline_extracted,
VA,07/19/2024,Progressive Gulf Insurance Company,19.0 Personal Auto,19.0001 Private Passenger Auto (PPA),-1.500%,0.000%,0,87214,153453553,0.000%,0.000%,rate_change,PRGS-134174121,Filed,,output/pdfs/VA/134174121/filing_summary.pdf,pipeline_only,extension,pipeline_extracted,
VA,07/19/2024,Progressive Northern Insurance Company,19.0 Personal Auto,19.0001 Private Passenger Auto (PPA),-1.500%,0.000%,0,47379,60867524,0.000%,0.000%,rate_change,PRGS-134174121,Filed,,output/pdfs/VA/134174121/filing_summary.pdf,pipeline_only,extension,pipeline_extracted,
VA,07/19/2024,Progressive Universal Insurance Company,19.0 Personal Auto,19.0001 Private Passenger Auto (PPA),-1.500%,-3.900%,-4521893,115387,117070442,2.000%,-7.800%,rate_change,PRGS-134174121,Filed,,output/pdfs/VA/134174121/filing_summary.pdf,pipeline_only,extension,pipeline_extracted,
VA,01/01/2025,Progressive Advanced Insurance Company,19.0 Personal Auto,19.0002 Motorcycle,0.000%,0.000%,0,0,0,0.000%,0.000%,rate_change,PRGS-134271609,Filed,2024-11-19,output/pdfs/VA/134271609/filing_summary.pdf,pipeline_only,original,pipeline_extracted_in_validated_window,
VA,01/01/2025,Progressive Gulf Insurance Company,19.0 Personal Auto,19.0002 Motorcycle,0.000%,7.600%,2155975,74418,28307965,48.700%,0.000%,rate_change,PRGS-134271609,Filed,2024-11-19,output/pdfs/VA/134271609/filing_summary.pdf,pipeline_only,original,pipeline_extracted_in_validated_window,
VA,01/01/2025,Progressive Advanced Insurance Company,19.0 Personal Auto,19.0003 Recreational Vehicle (RV),0.000%,0.000%,0,0,0,0.000%,0.000%,rate_change,PRGS-134310584,Filed,2024-11-19,output/pdfs/VA/134310584/filing_summary.pdf,pipeline_only,original,pipeline_extracted_in_validated_window,
VA,01/01/2025,Progressive Gulf Insurance Company,19.0 Personal Auto,19.0003 Recreational Vehicle (RV),0.000%,0.100%,15213,25379,15212706,8.800%,0.000%,rate_change,PRGS-134310584,Filed,2024-11-19,output/pdfs/VA/134310584/filing_summary.pdf,pipeline_only,original,pipeline_extracted_in_validated_window,
VA,01/01/2025,Progressive Advanced Insurance Company,19.0 Personal Auto,19.0001 Private Passenger Auto (PPA),6.700%,3.400%,7353487,188537,217364506,13.200%,-15.200%,rate_change,PRGS-134318494,Filed,,output/pdfs/VA/134318494/filing_summary.pdf,pipeline_only,original,pipeline_extracted_in_validated_window,
VA,01/01/2025,Progressive Casualty Insurance Company,19.0 Personal Auto,19.0001 Private Passenger Auto (PPA),2.800%,2.900%,827442,15486,28625132,10.400%,-31.300%,rate_change,PRGS-134318494,Filed,,output/pdfs/VA/134318494/filing_summary.pdf,pipeline_only,original,pipeline_extracted_in_validated_window,
VA,01/01/2025,Progressive Direct Insurance Company,19.0 Personal Auto,19.0001 Private Passenger Auto (PPA),6.700%,4.400%,2408518,42715,54503479,11.800%,-6.900%,rate_change,PRGS-134318494,Filed,,output/pdfs/VA/134318494/filing_summary.pdf,pipeline_only,original,pipeline_extracted_in_validated_window,
VA,01/01/2025,Progressive Gulf Insurance Company,19.0 Personal Auto,19.0001 Private Passenger Auto (PPA),2.800%,2.300%,3210971,78597,141311530,11.600%,-34.000%,rate_change,PRGS-134318494,Filed,,output/pdfs/VA/134318494/filing_summary.pdf,pipeline_only,original,pipeline_extracted_in_validated_window,
VA,01/01/2025,Progressive Northern Insurance Company,19.0 Personal Auto,19.0001 Private Passenger Auto (PPA),2.800%,2.900%,2347785,62888,81000746,12.100%,-33.400%,rate_change,PRGS-134318494,Filed,,output/pdfs/VA/134318494/filing_summary.pdf,pipeline_only,original,pipeline_extracted_in_validated_window,
VA,01/01/2025,Progressive Universal Insurance Company,19.0 Personal Auto,19.0001 Private Passenger Auto (PPA),6.700%,4.700%,7049291,150494,149573442,11.700%,-12.900%,rate_change,PRGS-134318494,Filed,,output/pdfs/VA/134318494/filing_summary.pdf,pipeline_only,original,pipeline_extracted_in_validated_window,
VA,05/16/2025,Progressive Advanced Insurance Company,19.0 Personal Auto,19.0001 Private Passenger Auto (PPA),2.354%,1.839%,3581663,165268,194735167,18.546%,-7.956%,rate_change,PRGS-134458370,Filed,2025-05-15,output/pdfs/VA/134458370/filing_summary.pdf,pipeline_only,original,pipeline_extracted_in_validated_window,
VA,05/16/2025,Progressive Casualty Insurance Company,19.0 Personal Auto,19.0001 Private Passenger Auto (PPA),3.304%,0.500%,178323,19015,35689552,21.702%,-10.940%,rate_change,PRGS-134458370,Filed,2025-05-15,output/pdfs/VA/134458370/filing_summary.pdf,pipeline_only,original,pipeline_extracted_in_validated_window,
VA,05/16/2025,Progressive Direct Insurance Company,19.0 Personal Auto,19.0001 Private Passenger Auto (PPA),2.354%,4.218%,3073155,55320,72861138,15.885%,-9.004%,rate_change,PRGS-134458370,Filed,2025-05-15,output/pdfs/VA/134458370/filing_summary.pdf,pipeline_only,original,pipeline_extracted_in_validated_window,
VA,05/16/2025,Progressive Gulf Insurance Company,19.0 Personal Auto,19.0001 Private Passenger Auto (PPA),3.304%,0.522%,644321,67378,123383928,16.095%,-10.569%,rate_change,PRGS-134458370,Filed,2025-05-15,output/pdfs/VA/134458370/filing_summary.pdf,pipeline_only,original,pipeline_extracted_in_validated_window,
VA,05/16/2025,Progressive Northern Insurance Company,19.0 Personal Auto,19.0001 Private Passenger Auto (PPA),3.304%,0.654%,683126,79998,104442675,20.040%,-15.083%,rate_change,PRGS-134458370,Filed,2025-05-15,output/pdfs/VA/134458370/filing_summary.pdf,pipeline_only,original,pipeline_extracted_in_validated_window,
VA,05/16/2025,Progressive Universal Insurance Company,19.0 Personal Auto,19.0001 Private Passenger Auto (PPA),2.354%,1.953%,4016400,199475,205683932,14.627%,-8.981%,rate_change,PRGS-134458370,Filed,2025-05-15,output/pdfs/VA/134458370/filing_summary.pdf,pipeline_only,original,pipeline_extracted_in_validated_window,
VA,10/03/2025,Progressive Advanced Insurance Company,19.0 Personal Auto,19.0002 Motorcycle,10.100%,9.500%,1942519,50318,20447565,27.300%,-1.200%,rate_change,PRGS-134579314,Filed,2025-07-16,output/pdfs/VA/134579314/filing_summary.pdf,pipeline_only,original,pipeline_extracted_in_validated_window,
VA,10/03/2025,Progressive Gulf Insurance Company,19.0 Personal Auto,19.0002 Motorcycle,10.100%,9.560%,898333,25856,9396793,27.100%,-0.900%,rate_change,PRGS-134579314,Filed,2025-07-16,output/pdfs/VA/134579314/filing_summary.pdf,pipeline_only,original,pipeline_extracted_in_validated_window,
VA,04/03/2026,Progressive Advanced Insurance Company,19.0 Personal Auto,19.0002 Motorcycle,7.400%,7.500%,1654766,52779,22063549,20.700%,0.000%,rate_change,PRGS-134786857,Filed,2026-02-06,output/pdfs/VA/134786857/filing_summary.pdf,pipeline_only,original,pipeline_extracted_in_validated_window,
VA,04/03/2026,Progressive Gulf Insurance Company,19.0 Personal Auto,19.0002 Motorcycle,7.400%,7.200%,715511,26971,9937652,22.500%,0.000%,rate_change,PRGS-134786857,Filed,2026-02-06,output/pdfs/VA/134786857/filing_summary.pdf,pipeline_only,original,pipeline_extracted_in_validated_window,
VA,02/29/2024,Safeco National Insurance Company,19.0 Personal Auto,19.0002 Motorcycle,39.100%,32.300%,286427,2215,887621,75.000%,-81.000%,rate_change,LBPM-133872406,Filed,2023-11-01,output/pdfs/VA/133872406/filing_summary.pdf,pipeline_only,extension,pipeline_extracted,
VA,03/18/2024,Safeco Insurance Company of Illinois,04.0 Homeowners,04.0000 Homeowners Sub-TOI Combinations,34.000%,20.600%,5257873,11030,25539004,70.000%,-22.200%,rate_change,LBPM-133953701,Filed,2024-01-17,output/pdfs/VA/133953701/filing_summary.pdf,pipeline_only,extension,pipeline_extracted,
VA,09/26/2024,Safeco Insurance Company of Illinois,04.0 Homeowners,04.0001 Condominium Homeowners,34.700%,17.900%,53054,448,297043,70.000%,-26.800%,rate_change_withdrawn,LBPM-134169769,Withdrawn,2024-07-08,output/pdfs/VA/134169769/filing_summary.pdf,pipeline_only,extension,pipeline_extracted,
VA,02/28/2025,Safeco National Insurance Company,19.0 Personal Auto,19.0002 Motorcycle,15.900%,15.900%,163091,2161,1028730,75.000%,0.000%,rate_change,LBPM-134327739,Filed,2024-11-21,output/pdfs/VA/134327739/filing_summary.pdf,pipeline_only,original,pipeline_extracted_in_validated_window,
VA,01/01/2024,State Farm Fire and Casualty Company,19.0 Personal Auto,19.0001 Private Passenger Auto (PPA),0.000%,0.000%,0,65368,88486298,23.500%,-24.000%,rate_change,SFMA-133807571,Filed,2023-10-17,output/pdfs/VA/133807571/filing_summary.pdf,pipeline_only,extension,pipeline_extracted,
VA,01/01/2024,State Farm Mutual Automobile Insurance Company,19.0 Personal Auto,19.0001 Private Passenger Auto (PPA),0.000%,0.000%,0,1209802,860634285,20.800%,-20.600%,rate_change,SFMA-133807571,Filed,2023-10-17,output/pdfs/VA/133807571/filing_summary.pdf,pipeline_only,extension,pipeline_extracted,
VA,04/01/2024,State Farm Fire and Casualty Company,19.0 Personal Auto,19.0000 Personal Auto Combinations,,12.800%,15437425,76823,120150719,,,rate_change,SFMA-133973612,Filed,2024-02-02,output/pdfs/VA/133973612/filing_summary.pdf,pipeline_only,extension,pipeline_extracted,
VA,04/01/2024,State Farm Mutual Automobile Insurance Company,19.0 Personal Auto,19.0000 Personal Auto Combinations,,9.300%,111395695,1322146,1198775436,,,rate_change,SFMA-133973612,Filed,2024-02-02,output/pdfs/VA/133973612/filing_summary.pdf,pipeline_only,extension,pipeline_extracted,
VA,03/15/2024,State Farm Fire and Casualty Company,04.0 Homeowners,04.0000 Homeowners Sub-TOI Combinations,,12.200%,62555509,571526,511225927,,,rate_change,SFMA-133989920,Filed,2024-02-15,output/pdfs/VA/133989920/filing_summary.pdf,pipeline_only,extension,pipeline_extracted,
VA,08/01/2024,State Farm Fire and Casualty Company,19.0 Personal Auto,19.0002 Motorcycle,0.000%,0.000%,0,3899,2021297,10.000%,-9.500%,rate_change,SFMA-134076730,Filed,2024-05-22,output/pdfs/VA/134076730/filing_summary.pdf,pipeline_only,extension,pipeline_extracted,
VA,08/01/2024,State Farm Mutual Automobile Insurance Company,19.0 Personal Auto,19.0002 Motorcycle,0.000%,0.000%,0,26353,8679581,9.500%,-9.000%,rate_change,SFMA-134076730,Filed,2024-05-22,output/pdfs/VA/134076730/filing_summary.pdf,pipeline_only,extension,pipeline_extracted,
VA,01/01/2025,State Farm Fire and Casualty Company,19.0 Personal Auto,19.0000 Personal Auto Combinations,,-1.500%,-2427717,83745,156756251,,,rate_change,SFMA-134260069,Filed,2024-09-27,output/pdfs/VA/134260069/filing_summary.pdf,pipeline_only,original,pipeline_extracted_in_validated_window,
VA,01/01/2025,State Farm Mutual Automobile Insurance Company,19.0 Personal Auto,19.0000 Personal Auto Combinations,,-0.300%,-4925933,1375920,1423411297,,,rate_change,SFMA-134260069,Filed,2024-09-27,output/pdfs/VA/134260069/filing_summary.pdf,pipeline_only,original,pipeline_extracted_in_validated_window,
VA,03/15/2025,State Farm Fire and Casualty Company,04.0 Homeowners,04.0000 Homeowners Sub-TOI Combinations,,0.600%,3924990,597190,610138029,,,rate_change,SFMA-134386972,Filed,2025-01-24,output/pdfs/VA/134386972/filing_summary.pdf,pipeline_only,original,pipeline_extracted_in_validated_window,
VA,07/14/2025,State Farm Mutual Automobile Insurance Company,19.0 Personal Auto,19.0000 Personal Auto Combinations,,-4.000%,-59473682,1405716,1477747187,,,rate_change,SFMA-134526917,Filed,2025-06-20,output/pdfs/VA/134526917/filing_summary.pdf,pipeline_only,original,pipeline_extracted_in_validated_window,
VA,07/14/2025,State Farm Fire and Casualty Company,19.0 Personal Auto,19.0000 Personal Auto Combinations,,-1.200%,-1561987,71544,129277780,,,rate_change,SFMA-134526917,Filed,2025-06-20,output/pdfs/VA/134526917/filing_summary.pdf,pipeline_only,original,pipeline_extracted_in_validated_window,
VA,12/11/2025,State Farm Fire and Casualty Company,19.0 Personal Auto,19.0000 Personal Auto Combinations,,-4.300%,-5220063,68245,120308684,,,rate_change,SFMA-134688491,Filed,2025-10-08,output/pdfs/VA/134688491/filing_summary.pdf,pipeline_only,original,pipeline_extracted_in_validated_window,
VA,12/11/2025,State Farm Mutual Automobile Insurance Company,19.0 Personal Auto,19.0000 Personal Auto Combinations,,-6.500%,-94953790,1431955,1459524972,,,rate_change,SFMA-134688491,Filed,2025-10-08,output/pdfs/VA/134688491/filing_summary.pdf,pipeline_only,original,pipeline_extracted_in_validated_window,
VA,01/15/2026,State Farm Fire and Casualty Company,04.0 Homeowners,04.0000 Homeowners Sub-TOI Combinations,,1.700%,11037010,608900,642413555,,,rate_change,SFMA-134760355,Filed,2025-12-19,output/pdfs/VA/134760355/filing_summary.pdf,pipeline_only,original,pipeline_extracted_in_validated_window,
VA,03/01/2024,Travelers Personal Insurance Company,04.0 Homeowners,04.0000 Homeowners Sub-TOI Combinations,,7.500%,15999792,149528,213330563,41.900%,-9.100%,rate_change,TRVD-134008086,Filed,,output/pdfs/VA/134008086/filing_summary.pdf,pipeline_only,extension,pipeline_extracted,
VA,06/28/2024,Travelers Personal Insurance Company,04.0 Homeowners,04.0000 Homeowners Sub-TOI Combinations,,20.100%,23899,310,118899,48.800%,9.200%,rate_change,TRVD-134131834,Filed,,output/pdfs/VA/134131834/filing_summary.pdf,pipeline_only,extension,pipeline_extracted,
VA,08/30/2024,Travelers Personal Insurance Company,04.0 Homeowners,04.0000 Homeowners Sub-TOI Combinations,,9.400%,21566145,145655,229427076,83.300%,-20.900%,rate_change,TRVD-G134180979,Filed,,output/pdfs/VA/134191017/filing_summary.pdf,pipeline_only,extension,pipeline_extracted,
VA,01/01/2025,Travelers Personal Security Insurance Company,19.0 Personal Auto,19.0001 Private Passenger Auto (PPA),,0.000%,0,73958,177307453,12.400%,-1.600%,rate_change,TRVD-G134268919,Filed,,output/pdfs/VA/134280482/filing_summary.pdf,pipeline_only,original,pipeline_extracted_in_validated_window,
VA,12/06/2024,Travelers Personal Insurance Company,04.0 Homeowners,04.0000 Homeowners Sub-TOI Combinations,,0.000%,0,139154,240131307,0.000%,0.000%,rate_change,TRVD-G134337488,Filed,,output/pdfs/VA/134342829/filing_summary.pdf,pipeline_only,extension,pipeline_extracted,
VA,08/30/2025,Travelers Personal Insurance Company,04.0 Homeowners,04.0000 Homeowners Sub-TOI Combinations,,15.600%,18956,280,121514,20.400%,8.400%,rate_change,TRVD-G134594472,Filed,,output/pdfs/VA/134594977/filing_summary.pdf,pipeline_only,original,pipeline_extracted_in_validated_window,
VA,07/25/2025,Travelers Personal Security Insurance Company,19.0 Personal Auto,19.0001 Private Passenger Auto (PPA),,-6.000%,-11004474,79031,183407894,19.400%,-12.600%,rate_change,TRVD-G134615485,Filed,,output/pdfs/VA/134616228/filing_summary.pdf,pipeline_only,original,pipeline_extracted_in_validated_window,
VA,11/16/2025,Travelers Personal Insurance Company,04.0 Homeowners,04.0000 Homeowners Sub-TOI Combinations,,0.000%,0,0,191318243,0.000%,0.000%,rate_change,TRVD-G134676836,Filed,,output/pdfs/VA/134677475/filing_summary.pdf,pipeline_only,original,pipeline_extracted_in_validated_window,
VA,02/06/2026,Travelers Personal Insurance Company,04.0 Homeowners,04.0000 Homeowners Sub-TOI Combinations,-5.000%,-6.400%,-14924553,133178,233196135,11.500%,-25.000%,rate_change,TRVD-G134829082,Response Received,,output/pdfs/VA/134830346/filing_summary.pdf,pipeline_only,original,pipeline_extracted_in_validated_window,
VA,04/12/2026,Travelers Personal Security Insurance Company,19.0 Personal Auto,19.0001 Private Passenger Auto (PPA),,0.100%,165791,75423,165791304,56.300%,-41.200%,rate_change,TRVD-G134864387,Filed,,output/pdfs/VA/134865395/filing_summary.pdf,pipeline_only,original,pipeline_extracted_in_validated_window,
VA,01/13/2024,Truck Insurance Exchange,19.0 Personal Auto,19.0001 Private Passenger Auto (PPA),10.200%,4.600%,943342,11406,20391623,,,rate_change,FARM-133907043,Filed,2023-11-30,output/pdfs/VA/133907043/filing_summary.pdf,pipeline_only,extension,pipeline_extracted,
VA,01/01/2025,Truck Insurance Exchange,19.0 Personal Auto,19.0001 Private Passenger Auto (PPA),6.200%,0.000%,0,11730,31996261,14.700%,0.000%,rate_change,FARM-134345330,Filed,2024-12-09,output/pdfs/VA/134345330/filing_summary.pdf,pipeline_only,original,pipeline_extracted_in_validated_window,
VA,02/23/2025,Truck Insurance Exchange,19.0 Personal Auto,19.0001 Private Passenger Auto (PPA),7.600%,1.000%,323517,11730,31996261,35.500%,-1.500%,rate_change,FARM-134351772,Filed,2024-12-13,output/pdfs/VA/134351772/filing_summary.pdf,pipeline_only,original,pipeline_extracted_in_validated_window,
VA,02/23/2026,Truck Insurance Exchange,19.0 Personal Auto,19.0001 Private Passenger Auto (PPA),3.200%,3.000%,792802,9450,26433527,,,rate_change,FARM-134770984,Filed,2025-12-18,output/pdfs/VA/134770984/filing_summary.pdf,pipeline_only,original,pipeline_extracted_in_validated_window,
OH,08/20/2024,Allstate North American Insurance Company,19.0 Personal Auto,19.0001 Private Passenger Auto (PPA),0.000%,0.000%,0,9052,6469038,90.300%,-61.500%,rate_change,ALSE-134077930,FILED,,output/pdfs/OH/134077930/filing_summary.pdf,pipeline_only,extension,pipeline_extracted,
OH,06/03/2024,Allstate Fire and Casualty Insurance Company,19.0 Personal Auto,19.0001 Private Passenger Auto (PPA),0.000%,0.000%,0,0,611532866,0.000%,0.000%,rate_change,ALSE-134108567,FILED,,output/pdfs/OH/134108567/filing_summary.pdf,pipeline_only,extension,pipeline_extracted,
OH,07/08/2024,Allstate Vehicle and Property Insurance Company,04.0 Homeowners,04.0001 Condominium Homeowners,17.100%,17.100%,691845,9773,4050793,33.400%,0.400%,rate_change,ALSE-134156103,FILED,,output/pdfs/OH/134156103/filing_summary.pdf,pipeline_only,extension,pipeline_extracted,
OH,07/08/2024,Allstate Indemnity Company,04.0 Homeowners,04.0001 Condominium Homeowners,15.200%,15.200%,273540,4828,1797066,47.400%,2.300%,rate_change,ALSE-134156184,FILED,,output/pdfs/OH/134156184/filing_summary.pdf,pipeline_only,extension,pipeline_extracted,
OH,07/08/2024,Allstate Insurance Company,04.0 Homeowners,04.0001 Condominium Homeowners,13.300%,13.300%,32276,667,242443,33.700%,4.500%,rate_change,ALSE-134166510,FILED,,output/pdfs/OH/134166510/filing_summary.pdf,pipeline_only,extension,pipeline_extracted,
OH,09/09/2024,Allstate Insurance Company,19.0 Personal Auto,19.0001 Private Passenger Auto (PPA),0.000%,0.000%,0,0,51058192,0.000%,0.000%,rate_change,ALSE-134218248,FILED,,output/pdfs/OH/134218248/filing_summary.pdf,pipeline_only,extension,pipeline_extracted,
OH,09/09/2024,Allstate Property and Casualty Insurance Company,19.0 Personal Auto,19.0001 Private Passenger Auto (PPA),0.000%,0.000%,0,0,24825068,0.000%,0.000%,rate_change,ALSE-134218248,FILED,,output/pdfs/OH/134218248/filing_summary.pdf,pipeline_only,extension,pipeline_extracted,
OH,09/09/2024,Allstate Indemnity Company,19.0 Personal Auto,19.0001 Private Passenger Auto (PPA),0.000%,0.000%,0,0,462130,0.000%,0.000%,rate_change,ALSE-134218248,FILED,,output/pdfs/OH/134218248/filing_summary.pdf,pipeline_only,extension,pipeline_extracted,
OH,09/09/2024,Allstate Northbrook Indemnity Company,19.0 Personal Auto,19.0001 Private Passenger Auto (PPA),0.000%,0.000%,0,0,8635027,0.000%,0.000%,rate_change,ALSE-134218248,FILED,,output/pdfs/OH/134218248/filing_summary.pdf,pipeline_only,extension,pipeline_extracted,
OH,10/21/2024,Allstate Fire and Casualty Insurance Company,19.0 Personal Auto,19.0001 Private Passenger Auto (PPA),0.000%,0.000%,0,351728,701811847,66.500%,-8.900%,rate_change,ALSE-134289559,FILED,,output/pdfs/OH/134289559/filing_summary.pdf,pipeline_only,extension,pipeline_extracted,
OH,11/25/2024,Allstate Insurance Company,04.0 Homeowners,04.0003 Owner Occupied Homeowners,8.100%,8.100%,2809653,31866,34687078,10.000%,5.000%,rate_change,ALSE-134306542,FILED,,output/pdfs/OH/134306542/filing_summary.pdf,pipeline_only,extension,pipeline_extracted,
OH,11/25/2024,Allstate Indemnity Company,04.0 Homeowners,04.0003 Owner Occupied Homeowners,6.400%,6.400%,1381284,17362,21582560,7.900%,3.800%,rate_change,ALSE-134306547,FILED,,output/pdfs/OH/134306547/filing_summary.pdf,pipeline_only,extension,pipeline_extracted,
OH,11/25/2024,Allstate Vehicle and Property Insurance Company,04.0 Homeowners,04.0003 Owner Occupied Homeowners,11.000%,11.000%,31507791,245457,286434467,11.800%,4.400%,rate_change,ALSE-134321307,FILED,,output/pdfs/OH/134321307/filing_summary.pdf,pipeline_only,extension,pipeline_extracted,
OH,12/17/2024,Allstate North American Insurance Company,19.0 Personal Auto,19.0001 Private Passenger Auto (PPA),0.000%,-10.000%,-6316571,34286,63165710,-10.000%,-10.000%,rate_change,ALSE-134344393,FILED,,output/pdfs/OH/134344393/filing_summary.pdf,pipeline_only,extension,pipeline_extracted,
OH,03/17/2025,Allstate Indemnity Company,04.0 Homeowners,04.0002 Mobile Homeowners,4.900%,4.900%,289590,5947,5876413,6.300%,2.200%,rate_change,ALSE-134439634,FILED,,output/pdfs/OH/134439634/filing_summary.pdf,pipeline_only,original,pipeline_extracted_in_validated_window,
OH,04/15/2025,Allstate North American Insurance Company,19.0 Personal Auto,19.0001 Private Passenger Auto (PPA),0.000%,0.000%,0,32514,55462329,16.800%,-4.900%,rate_change,ALSE-134456200,FILED,,output/pdfs/OH/134456200/filing_summary.pdf,pipeline_only,original,pipeline_extracted_in_validated_window,
OH,04/21/2025,Allstate Insurance Company,19.0 Personal Auto,19.0004 Other,17.000%,16.300%,52729,1384,322598,65.600%,0.000%,rate_change,ALSE-134482207,FILED,,output/pdfs/OH/134482207/filing_summary.pdf,pipeline_only,original,pipeline_extracted_in_validated_window,
OH,04/21/2025,Allstate Fire and Casualty Insurance Company,19.0 Personal Auto,19.0004 Other,10.800%,10.400%,473743,14112,4559165,14.600%,0.000%,rate_change,ALSE-134490661,FILED,,output/pdfs/OH/134490661/filing_summary.pdf,pipeline_only,original,pipeline_extracted_in_validated_window,
OH,05/05/2025,Allstate Fire and Casualty Insurance Company,19.0 Personal Auto,19.0001 Private Passenger Auto (PPA),0.000%,0.000%,0,0,628855257,0.000%,0.000%,rate_change,ALSE-134494546,FILED,,output/pdfs/OH/134494546/filing_summary.pdf,pipeline_only,original,pipeline_extracted_in_validated_window,
OH,05/22/2025,Allstate North American Insurance Company,04.0 Homeowners,04.0003 Owner Occupied Homeowners,0.000%,-3.000%,-361208,7802,12088542,22.600%,-34.100%,rate_change,ALSE-134545764,FILED,,output/pdfs/OH/134545764/filing_summary.pdf,pipeline_only,original,pipeline_extracted_in_validated_window,
OH,07/07/2025,Allstate North American Insurance Company,19.0 Personal Auto,19.0001 Private Passenger Auto (PPA),0.000%,-5.400%,-7813562,79136,144695590,-3.300%,-6.100%,rate_change,ALSE-134591448,FILED,,output/pdfs/OH/134591448/filing_summary.pdf,pipeline_only,original,pipeline_extracted_in_validated_window,
OH,09/15/2025,Allstate Insurance Company,19.0 Personal Auto,19.0001 Private Passenger Auto (PPA),0.000%,0.000%,0,0,48476324,0.000%,0.000%,rate_change,ALSE-134629142,FILED,,output/pdfs/OH/134629142/filing_summary.pdf,pipeline_only,original,pipeline_extracted_in_validated_window,
OH,09/15/2025,Allstate Property and Casualty Insurance Company,19.0 Personal Auto,19.0001 Private Passenger Auto (PPA),0.000%,0.000%,0,0,23952422,0.000%,0.000%,rate_change,ALSE-134629142,FILED,,output/pdfs/OH/134629142/filing_summary.pdf,pipeline_only,original,pipeline_extracted_in_validated_window,
OH,09/15/2025,Allstate Northbrook Indemnity Company,19.0 Personal Auto,19.0001 Private Passenger Auto (PPA),0.000%,0.000%,0,0,6274283,0.000%,0.000%,rate_change,ALSE-134629142,FILED,,output/pdfs/OH/134629142/filing_summary.pdf,pipeline_only,original,pipeline_extracted_in_validated_window,
OH,09/30/2025,Allstate North American Insurance Company,19.0 Personal Auto,19.0001 Private Passenger Auto (PPA),0.000%,-3.000%,-5811022,105026,193700732,-0.100%,-6.300%,rate_change,ALSE-134684339,FILED,,output/pdfs/OH/134684339/filing_summary.pdf,pipeline_only,original,pipeline_extracted_in_validated_window,
OH,12/04/2025,Allstate North American Insurance Company,04.0 Homeowners,04.0004 Tenant Homeowners,,0.000%,0,31562,5316740,3.200%,-1.200%,rate_change,ALSE-134702741,FILED,,output/pdfs/OH/134702741/filing_summary.pdf,pipeline_only,original,pipeline_extracted_in_validated_window,
OH,03/17/2026,Allstate North American Insurance Company,19.0 Personal Auto,19.0001 Private Passenger Auto (PPA),0.000%,-3.000%,-7145208,158300,238173606,-2.400%,-3.400%,rate_change,ALSE-134879528,FILED,,output/pdfs/OH/134879528/filing_summary.pdf,pipeline_only,original,pipeline_extracted_in_validated_window,
OH,01/26/2024,"American Family Mutual Insurance Company, S.I.",19.0 Personal Auto,19.0001 Private Passenger Auto (PPA),32.300%,25.700%,27589230,92078,107351091,30.400%,15.100%,rate_change,AMFC-133916587,FILED,,output/pdfs/OH/133916587/filing_summary.pdf,pipeline_only,extension,pipeline_extracted,
OH,02/01/2024,American Family Insurance Company,19.0 Personal Auto,19.0001 Private Passenger Auto (PPA),11.600%,8.100%,3421026,22517,42234892,23.000%,0.000%,rate_change,AMFC-133922745,FILED,,output/pdfs/OH/133922745/filing_summary.pdf,pipeline_only,extension,pipeline_extracted,
OH,03/01/2024,"American Family Mutual Insurance Company, S.I.",19.0 Personal Auto,19.0003 Recreational Vehicle (RV),33.100%,31.600%,273516,2481,866220,80.600%,-5.700%,rate_change,AMFC-133938112,FILED,,output/pdfs/OH/133938112/filing_summary.pdf,pipeline_only,extension,pipeline_extracted,
OH,04/07/2024,American Family Insurance Company,04.0 Homeowners,04.0000 Homeowners Sub-TOI Combinations,0.000%,0.300%,115474,22712,33493066,8.800%,-18.500%,rate_change,AMFC-133947069,FILED,,output/pdfs/OH/133947069/filing_summary.pdf,pipeline_only,extension,pipeline_extracted,
OH,04/01/2024,"American Family Mutual Insurance Company, S.I.",19.0 Personal Auto,19.0002 Motorcycle,26.000%,26.000%,468852,4863,1804515,84.200%,-18.300%,rate_change,AMFC-133988124,FILED,,output/pdfs/OH/133988124/filing_summary.pdf,pipeline_only,extension,pipeline_extracted,
OH,06/01/2024,"American Family Mutual Insurance Company, S.I.",04.0 Homeowners,04.0000 Homeowners Sub-TOI Combinations,10.700%,9.700%,5763440,36781,59412639,48.120%,-3.010%,rate_change,AMFC-134042565,FILED,,output/pdfs/OH/134042565/filing_summary.pdf,pipeline_only,extension,pipeline_extracted,
OH,08/01/2024,"American Family Mutual Insurance Company, S.I.",19.0 Personal Auto,19.0001 Private Passenger Auto (PPA),0.000%,0.000%,0,43743,70620295,55.280%,-9.670%,rate_change,AMFC-134148188,FILED,,output/pdfs/OH/134148188/filing_summary.pdf,pipeline_only,extension,pipeline_extracted,
OH,12/15/2024,American Family Insurance Company,04.0 Homeowners,04.0000 Homeowners Sub-TOI Combinations,39.900%,24.100%,9868679,22185,40971550,73.500%,-0.800%,rate_change,AMFC-134236861,FILED,,output/pdfs/OH/134236861/filing_summary.pdf,pipeline_only,extension,pipeline_extracted,
OH,02/15/2025,"American Family Mutual Insurance Company, S.I.",04.0 Homeowners,04.0000 Homeowners Sub-TOI Combinations,2.200%,0.100%,60032,26294,61384896,46.560%,-39.350%,rate_change,AMFC-134296584,FILE & USE,,output/pdfs/OH/134296584/filing_summary.pdf,pipeline_only,original,pipeline_extracted_in_validated_window,
OH,01/09/2025,"American Family Mutual Insurance Company, S.I.",19.0 Personal Auto,19.0001 Private Passenger Auto (PPA),-4.600%,-4.000%,-4203733,40144,105093317,192.400%,-61.600%,rate_change,AMFC-134344682,FILED,,output/pdfs/OH/134344682/filing_summary.pdf,pipeline_only,original,pipeline_extracted_in_validated_window,
OH,06/25/2025,"American Family Mutual Insurance Company, S.I.",04.0 Homeowners,04.0000 Homeowners Sub-TOI Combinations,0.000%,-0.600%,-310406,22456,54298690,3.900%,-12.490%,rate_change,AMFC-134492853,FILED,,output/pdfs/OH/134492853/filing_summary.pdf,pipeline_only,original,pipeline_extracted_in_validated_window,
OH,07/09/2025,"American Family Mutual Insurance Company, S.I.",19.0 Personal Auto,19.0001 Private Passenger Auto (PPA),-3.000%,-2.000%,-1697963,34577,83233485,15.000%,-24.000%,rate_change,AMFC-134553582,FILED,,output/pdfs/OH/134553582/filing_summary.pdf,pipeline_only,original,pipeline_extracted_in_validated_window,
OH,08/15/2025,"American Family Mutual Insurance Company, S.I.",19.0 Personal Auto,19.0002 Motorcycle,-17.100%,-5.000%,-110075,4802,2219749,239.600%,-89.200%,rate_change,AMFC-134581148,FILED,,output/pdfs/OH/134581148/filing_summary.pdf,pipeline_only,original,pipeline_extracted_in_validated_window,
OH,01/29/2026,"American Family Mutual Insurance Company, S.I.",19.0 Personal Auto,19.0001 Private Passenger Auto (PPA),-0.500%,0.000%,-21084,31699,71954450,62.300%,-54.300%,rate_change,AMFC-134796555,FILED,,output/pdfs/OH/134796555/filing_summary.pdf,pipeline_only,original,pipeline_extracted_in_validated_window,
OH,02/25/2026,"American Family Mutual Insurance Company, S.I.",04.0 Homeowners,04.0000 Homeowners Sub-TOI Combinations,0.000%,0.000%,-8903,21606,45105910,6.300%,-49.100%,rate_change,AMFC-134804404,FILED,,output/pdfs/OH/134804404/filing_summary.pdf,pipeline_only,original,pipeline_extracted_in_validated_window,
OH,07/15/2024,Encompass Home and Auto Insurance Company,19.0 Personal Auto,19.0001 Private Passenger Auto (PPA),0.000%,0.000%,0,0,10019276,0.000%,0.000%,rate_change,ALSE-134110754,FILED,,output/pdfs/OH/134110754/filing_summary.pdf,pipeline_only,extension,pipeline_extracted,
OH,12/19/2024,Encompass Home and Auto Insurance Company,04.0 Homeowners,04.0000 Homeowners Sub-TOI Combinations,23.100%,23.100%,1945398,3277,8436981,24.200%,0.000%,rate_change,ALSE-134258638,FILED,,output/pdfs/OH/134258638/filing_summary.pdf,pipeline_only,extension,pipeline_extracted,
OH,06/23/2025,Encompass Home and Auto Insurance Company,19.0 Personal Auto,19.0001 Private Passenger Auto (PPA),0.000%,0.000%,0,0,9354488,0.000%,0.000%,rate_change,GMMX-134493050,FILED,,output/pdfs/OH/134493050/filing_summary.pdf,pipeline_only,original,pipeline_extracted_in_validated_window,
OH,02/28/2026,Encompass Home and Auto Insurance Company,04.0 Homeowners,04.0000 Homeowners Sub-TOI Combinations,6.000%,6.000%,510867,2459,8498570,15.300%,0.000%,rate_change,GMMX-134697246,FILED,,output/pdfs/OH/134697246/filing_summary.pdf,pipeline_only,original,pipeline_extracted_in_validated_window,
OH,01/21/2024,Farmers Casualty Insurance Company,04.0 Homeowners,04.0000 Homeowners Sub-TOI Combinations,56.700%,35.000%,6194043,15250,17697264,37.200%,0.000%,rate_change,FAIG-133929766,FILED,,output/pdfs/OH/133929766/filing_summary.pdf,pipeline_only,extension,pipeline_extracted,
OH,02/01/2024,Farmers Property and Casualty Insurance Company,04.0 Homeowners,04.0000 Homeowners Sub-TOI Combinations,23.100%,15.000%,2911662,11383,19411077,30.900%,0.000%,rate_change,FAIG-133943336,FILED,,output/pdfs/OH/133943336/filing_summary.pdf,pipeline_only,extension,pipeline_extracted,
OH,02/01/2024,Farmers Group Property and Casualty Insurance Company,04.0 Homeowners,04.0000 Homeowners Sub-TOI Combinations,4.500%,4.500%,440707,7016,9793475,25.000%,-5.000%,rate_change,FAIG-133943345,FILED,,output/pdfs/OH/133943345/filing_summary.pdf,pipeline_only,extension,pipeline_extracted,
OH,04/30/2024,Farmers Property and Casualty Insurance Company,19.0 Personal Auto,19.0001 Private Passenger Auto (PPA),6.300%,4.000%,699721,9218,17493022,12.100%,2.100%,rate_change,FAIG-134065145,FILED,,output/pdfs/OH/134065145/filing_summary.pdf,pipeline_only,extension,pipeline_extracted,
OH,05/20/2024,Farmers Group Property and Casualty Insurance Company,19.0 Personal Auto,19.0001 Private Passenger Auto (PPA),0.000%,0.000%,0,8381,21404842,5.300%,-5.100%,rate_change,FAIG-134065243,FILED,,output/pdfs/OH/134065243/filing_summary.pdf,pipeline_only,extension,pipeline_extracted,
OH,09/25/2024,Farmers Casualty Insurance Company,04.0 Homeowners,04.0000 Homeowners Sub-TOI Combinations,0.000%,2.000%,369292,10111,18464602,6.100%,0.000%,rate_change,FAIG-134188006,FILED,,output/pdfs/OH/134188006/filing_summary.pdf,pipeline_only,extension,pipeline_extracted,
OH,11/22/2024,Farmers Group Property and Casualty Insurance Company,19.0 Personal Auto,19.0001 Private Passenger Auto (PPA),0.000%,0.000%,0,0,20771824,0.000%,0.000%,rate_change,FAIG-134319525,FILED,,output/pdfs/OH/134319525/filing_summary.pdf,pipeline_only,extension,pipeline_extracted,
OH,06/14/2025,Farmers Casualty Insurance Company,04.0 Homeowners,04.0000 Homeowners Sub-TOI Combinations,0.000%,0.000%,0,11515,22027000,0.000%,0.000%,rate_change,FAIG-134416180,FILED,,output/pdfs/OH/134416180/filing_summary.pdf,pipeline_only,original,pipeline_extracted_in_validated_window,
OH,06/17/2025,Farmers Casualty Insurance Company,04.0 Homeowners,04.0000 Homeowners Sub-TOI Combinations,-1.300%,-8.300%,-1719674,7854,20607852,10.000%,-17.200%,rate_change,FAIG-134557742,FILED,,output/pdfs/OH/134557742/filing_summary.pdf,pipeline_only,original,pipeline_extracted_in_validated_window,
OH,04/17/2026,Farmers Casualty Insurance Company,04.0 Homeowners,04.0000 Homeowners Sub-TOI Combinations,-1.500%,-7.000%,-1572000,11889,22565000,0.000%,-21.100%,rate_change,FAIG-134911608,FILED,,output/pdfs/OH/134911608/filing_summary.pdf,pipeline_only,original,pipeline_extracted_in_validated_window,
OH,02/23/2024,"Farmers Insurance of Columbus, Inc.",19.0 Personal Auto,19.0001 Private Passenger Auto (PPA),6.800%,3.000%,1068767,19267,35765931,43.700%,-3.000%,rate_change,FARM-133954955,FILED,,output/pdfs/OH/133954955/filing_summary.pdf,pipeline_only,extension,pipeline_extracted,
OH,01/27/2024,"Farmers Insurance of Columbus, Inc.",19.0 Personal Auto,19.0001 Private Passenger Auto (PPA),9.400%,4.600%,1977622,21160,43093919,34.600%,-7.800%,rate_change,FARM-133955025,FILED,,output/pdfs/OH/133955025/filing_summary.pdf,pipeline_only,extension,pipeline_extracted,
OH,06/18/2024,Farmers Insurance Exchange,04.0 Homeowners,04.0000 Homeowners Sub-TOI Combinations,19.900%,17.500%,3345000,10171,19116000,31.500%,8.900%,rate_change,FARM-134149049,FILED,,output/pdfs/OH/134149049/filing_summary.pdf,pipeline_only,extension,pipeline_extracted,
OH,06/18/2024,Farmers Insurance Exchange,04.0 Homeowners,04.0000 Homeowners Sub-TOI Combinations,27.000%,13.000%,4194000,22801,32263000,155.400%,-49.400%,rate_change,FARM-134149067,FILED,,output/pdfs/OH/134149067/filing_summary.pdf,pipeline_only,extension,pipeline_extracted,
OH,08/23/2024,"Farmers Insurance of Columbus, Inc.",19.0 Personal Auto,19.0001 Private Passenger Auto (PPA),5.400%,5.400%,1919657,17476,35574698,43.600%,-9.700%,rate_change,FARM-134172959,FILED,,output/pdfs/OH/134172959/filing_summary.pdf,pipeline_only,extension,pipeline_extracted,
OH,07/27/2024,"Farmers Insurance of Columbus, Inc.",19.0 Personal Auto,19.0001 Private Passenger Auto (PPA),13.400%,-0.100%,-37127,20986,44704753,26.000%,-13.500%,rate_change,FARM-134173841,FILED,,output/pdfs/OH/134173841/filing_summary.pdf,pipeline_only,extension,pipeline_extracted,
OH,12/09/2024,Farmers Insurance Exchange,04.0 Homeowners,04.0000 Homeowners Sub-TOI Combinations,0.000%,0.000%,0,32638,55590403,31.500%,8.900%,rate_change,FARM-134269511,FILED,,output/pdfs/OH/134269511/filing_summary.pdf,pipeline_only,extension,pipeline_extracted,
OH,04/01/2025,"Farmers Insurance of Columbus, Inc.",19.0 Personal Auto,19.0001 Private Passenger Auto (PPA),1.900%,1.500%,511390,15839,34291725,21.500%,-11.900%,rate_change,FARM-134413600,FILED,,output/pdfs/OH/134413600/filing_summary.pdf,pipeline_only,original,pipeline_extracted_in_validated_window,
OH,02/27/2025,"Farmers Insurance of Columbus, Inc.",19.0 Personal Auto,19.0001 Private Passenger Auto (PPA),9.800%,0.000%,-7066,20853,46041749,25.500%,-14.100%,rate_change,FARM-134414015,FILED,,output/pdfs/OH/134414015/filing_summary.pdf,pipeline_only,original,pipeline_extracted_in_validated_window,
OH,06/18/2025,Farmers Insurance Exchange,04.0 Homeowners,04.0000 Homeowners Sub-TOI Combinations,7.700%,0.027%,15000,32453,55179000,12.000%,0.000%,rate_change,FARM-134543887,FILED,,output/pdfs/OH/134543887/filing_summary.pdf,pipeline_only,original,pipeline_extracted_in_validated_window,
OH,06/18/2025,"Farmers Insurance of Columbus, Inc.",04.0 Homeowners,04.0000 Homeowners Sub-TOI Combinations,7.700%,5.941%,573000,6153,9645000,12.000%,1.935%,rate_change,FARM-134543887,FILED,,output/pdfs/OH/134543887/filing_summary.pdf,pipeline_only,original,pipeline_extracted_in_validated_window,
OH,09/03/2025,Farmers Insurance Exchange,04.0 Homeowners,04.0000 Homeowners Sub-TOI Combinations,0.000%,0.000%,0,24225,11016000,0.000%,0.000%,rate_change,FARM-134597954,FILED,,output/pdfs/OH/134597954/filing_summary.pdf,pipeline_only,original,pipeline_extracted_in_validated_window,
OH,08/11/2025,"Farmers Insurance of Columbus, Inc.",19.0 Personal Auto,19.0001 Private Passenger Auto (PPA),9.300%,-0.200%,-84886,20684,45477468,20.200%,-11.500%,rate_change,FARM-134614960,FILED,,output/pdfs/OH/134614960/filing_summary.pdf,pipeline_only,original,pipeline_extracted_in_validated_window,
OH,10/13/2025,"Farmers Insurance of Columbus, Inc.",19.0 Personal Auto,19.0001 Private Passenger Auto (PPA),0.000%,0.000%,0,0,45477468,0.000%,0.000%,rate_change,FARM-134673354,FILED,,output/pdfs/OH/134673354/filing_summary.pdf,pipeline_only,original,pipeline_extracted_in_validated_window,
OH,03/08/2026,"Farmers Insurance of Columbus, Inc.",19.0 Personal Auto,19.0001 Private Passenger Auto (PPA),0.300%,0.000%,381,20686,44597715,14.900%,-48.200%,rate_change,FARM-134854305,FILED,,output/pdfs/OH/134854305/filing_summary.pdf,pipeline_only,original,pipeline_extracted_in_validated_window,
OH,06/18/2024,Fire Insurance Exchange,04.0 Homeowners,04.0000 Homeowners Sub-TOI Combinations,30.100%,24.100%,294000,4303,1219000,30.000%,8.200%,rate_change,FARM-134148880,FILED,,output/pdfs/OH/134148880/filing_summary.pdf,pipeline_only,extension,pipeline_extracted,
OH,01/18/2024,GEICO Indemnity Company,19.0 Personal Auto,19.0001 Private Passenger Auto (PPA),0.000%,0.000%,0,0,1482921,0.000%,0.000%,rate_change,GECC-133906073,FILED,,output/pdfs/OH/133906073/filing_summary.pdf,pipeline_only,extension,pipeline_extracted,
OH,01/18/2024,GEICO Casualty Company,19.0 Personal Auto,19.0001 Private Passenger Auto (PPA),0.000%,0.000%,0,31529,62061360,43.000%,-25.000%,rate_change,GECC-133906073,FILED,,output/pdfs/OH/133906073/filing_summary.pdf,pipeline_only,extension,pipeline_extracted,
OH,01/18/2024,GEICO General Insurance Company,19.0 Personal Auto,19.0001 Private Passenger Auto (PPA),0.000%,0.000%,0,16900,31850028,118.000%,-16.000%,rate_change,GECC-133906073,FILED,,output/pdfs/OH/133906073/filing_summary.pdf,pipeline_only,extension,pipeline_extracted,
OH,01/18/2024,Government Employees Insurance Company,19.0 Personal Auto,19.0001 Private Passenger Auto (PPA),0.000%,0.000%,0,5813,11122121,36.000%,-19.000%,rate_change,GECC-133906073,FILED,,output/pdfs/OH/133906073/filing_summary.pdf,pipeline_only,extension,pipeline_extracted,
OH,01/18/2024,GEICO Advantage Insurance Company,19.0 Personal Auto,19.0001 Private Passenger Auto (PPA),0.000%,0.000%,0,102244,174783581,116.000%,-27.000%,rate_change,GECC-133906073,FILED,,output/pdfs/OH/133906073/filing_summary.pdf,pipeline_only,extension,pipeline_extracted,
OH,01/18/2024,GEICO Choice Insurance Company,19.0 Personal Auto,19.0001 Private Passenger Auto (PPA),0.000%,0.000%,0,40503,87756120,113.000%,-32.000%,rate_change,GECC-133906073,FILED,,output/pdfs/OH/133906073/filing_summary.pdf,pipeline_only,extension,pipeline_extracted,
OH,01/18/2024,GEICO Secure Insurance Company,19.0 Personal Auto,19.0001 Private Passenger Auto (PPA),0.000%,0.000%,0,108384,244041683,112.000%,-33.000%,rate_change,GECC-133906073,FILED,,output/pdfs/OH/133906073/filing_summary.pdf,pipeline_only,extension,pipeline_extracted,
OH,04/25/2024,GEICO Casualty Company,19.0 Personal Auto,19.0001 Private Passenger Auto (PPA),0.000%,0.000%,0,30161,61096911,11.600%,-20.500%,rate_change,GECC-134035614,FILED,,output/pdfs/OH/134035614/filing_summary.pdf,pipeline_only,extension,pipeline_extracted,
OH,04/25/2024,GEICO Advantage Insurance Company,19.0 Personal Auto,19.0001 Private Passenger Auto (PPA),0.000%,0.000%,0,95716,171291967,12.200%,-24.900%,rate_change,GECC-134035614,FILED,,output/pdfs/OH/134035614/filing_summary.pdf,pipeline_only,extension,pipeline_extracted,
OH,04/25/2024,GEICO Choice Insurance Company,19.0 Personal Auto,19.0001 Private Passenger Auto (PPA),0.000%,0.000%,0,38558,84560744,12.200%,-18.700%,rate_change,GECC-134035614,FILED,,output/pdfs/OH/134035614/filing_summary.pdf,pipeline_only,extension,pipeline_extracted,
OH,04/25/2024,GEICO Secure Insurance Company,19.0 Personal Auto,19.0001 Private Passenger Auto (PPA),11.300%,0.000%,0,132732,250052542,23.600%,-72.000%,rate_change,GECC-134035614,FILED,,output/pdfs/OH/134035614/filing_summary.pdf,pipeline_only,extension,pipeline_extracted,
OH,02/20/2025,GEICO Casualty Company,19.0 Personal Auto,19.0003 Recreational Vehicle (RV),-3.500%,-0.700%,-3524,812,515153,184.600%,-61.800%,rate_change,GECC-134383583,FILED,,output/pdfs/OH/134383583/filing_summary.pdf,pipeline_only,original,pipeline_extracted_in_validated_window,
OH,02/20/2025,GEICO General Insurance Company,19.0 Personal Auto,19.0003 Recreational Vehicle (RV),2.300%,-0.900%,-2125,338,229914,99.700%,-53.500%,rate_change,GECC-134383583,FILED,,output/pdfs/OH/134383583/filing_summary.pdf,pipeline_only,original,pipeline_extracted_in_validated_window,
OH,02/20/2025,Government Employees Insurance Company,19.0 Personal Auto,19.0003 Recreational Vehicle (RV),2.300%,-0.900%,-832,156,90003,67.500%,-50.800%,rate_change,GECC-134383583,FILED,,output/pdfs/OH/134383583/filing_summary.pdf,pipeline_only,original,pipeline_extracted_in_validated_window,
OH,02/20/2025,GEICO Advantage Insurance Company,19.0 Personal Auto,19.0003 Recreational Vehicle (RV),-3.500%,-0.700%,-8922,387,1304194,188.700%,-60.200%,rate_change,GECC-134383583,FILED,,output/pdfs/OH/134383583/filing_summary.pdf,pipeline_only,original,pipeline_extracted_in_validated_window,
OH,02/20/2025,GEICO Choice Insurance Company,19.0 Personal Auto,19.0003 Recreational Vehicle (RV),-3.500%,-0.700%,-2142,2277,313160,164.500%,-63.400%,rate_change,GECC-134383583,FILED,,output/pdfs/OH/134383583/filing_summary.pdf,pipeline_only,original,pipeline_extracted_in_validated_window,
OH,02/20/2025,GEICO Secure Insurance Company,19.0 Personal Auto,19.0003 Recreational Vehicle (RV),0.000%,0.000%,0,1717,1137446,53.500%,-20.900%,rate_change,GECC-134383583,FILED,,output/pdfs/OH/134383583/filing_summary.pdf,pipeline_only,original,pipeline_extracted_in_validated_window,
OH,02/13/2025,GEICO Indemnity Company,19.0 Personal Auto,19.0001 Private Passenger Auto (PPA),0.000%,0.000%,0,21533,17293550,28.900%,-13.900%,rate_change,GECC-134388078,FILED,,output/pdfs/OH/134388078/filing_summary.pdf,pipeline_only,original,pipeline_extracted_in_validated_window,
OH,02/13/2025,GEICO Marine Insurance Company,19.0 Personal Auto,19.0001 Private Passenger Auto (PPA),0.000%,0.000%,0,5781,6436013,30.800%,-14.500%,rate_change,GECC-134388078,FILED,,output/pdfs/OH/134388078/filing_summary.pdf,pipeline_only,original,pipeline_extracted_in_validated_window,
OH,03/18/2025,GEICO Secure Insurance Company,19.0 Personal Auto,19.0001 Private Passenger Auto (PPA),6.600%,4.500%,12603850,139073,280085544,14.500%,-1.400%,rate_change,GECC-134428663,FILED,,output/pdfs/OH/134428663/filing_summary.pdf,pipeline_only,original,pipeline_extracted_in_validated_window,
OH,08/07/2025,GEICO Secure Insurance Company,19.0 Personal Auto,19.0001 Private Passenger Auto (PPA),0.000%,0.000%,0,120852,253200413,9.900%,-4.600%,rate_change,GECC-134589418,FILED,,output/pdfs/OH/134589418/filing_summary.pdf,pipeline_only,original,pipeline_extracted_in_validated_window,
OH,07/29/2025,GEICO Indemnity Company,19.0 Personal Auto,19.0001 Private Passenger Auto (PPA),0.000%,0.000%,0,51784,65559949,27.200%,-11.140%,rate_change,GECC-134614304,FILED,,output/pdfs/OH/134614304/filing_summary.pdf,pipeline_only,original,pipeline_extracted_in_validated_window,
OH,07/29/2025,GEICO Marine Insurance Company,19.0 Personal Auto,19.0001 Private Passenger Auto (PPA),0.000%,0.000%,0,11419,20902587,22.850%,-12.610%,rate_change,GECC-134614304,FILED,,output/pdfs/OH/134614304/filing_summary.pdf,pipeline_only,original,pipeline_extracted_in_validated_window,
OH,11/04/2025,GEICO Indemnity Company,19.0 Personal Auto,19.0001 Private Passenger Auto (PPA),0.000%,0.000%,0,64510,90466506,16.200%,-10.860%,rate_change,GECC-134725147,FILED,,output/pdfs/OH/134725147/filing_summary.pdf,pipeline_only,original,pipeline_extracted_in_validated_window,
OH,11/04/2025,GEICO Marine Insurance Company,19.0 Personal Auto,19.0001 Private Passenger Auto (PPA),0.000%,0.000%,0,13912,26722453,15.520%,-8.900%,rate_change,GECC-134725147,FILED,,output/pdfs/OH/134725147/filing_summary.pdf,pipeline_only,original,pipeline_extracted_in_validated_window,
OH,04/03/2026,GEICO Indemnity Company,19.0 Personal Auto,19.0001 Private Passenger Auto (PPA),-11.500%,-4.900%,-5280973,82496,107774950,6.900%,-9.900%,rate_change,GECC-134888669,FILED,,output/pdfs/OH/134888669/filing_summary.pdf,pipeline_only,original,pipeline_extracted_in_validated_window,
OH,04/03/2026,GEICO Marine Insurance Company,19.0 Personal Auto,19.0001 Private Passenger Auto (PPA),-11.500%,-10.100%,-3202739,16997,31710283,6.800%,-16.800%,rate_change,GECC-134888669,FILED,,output/pdfs/OH/134888669/filing_summary.pdf,pipeline_only,original,pipeline_extracted_in_validated_window,
OH,01/31/2024,Liberty Insurance Corporation,19.0 Personal Auto,19.0000 Personal Auto Combinations,18.900%,15.500%,13601,20,87593,20.200%,13.200%,rate_change,LBPM-133900248,FILED,,output/pdfs/OH/133900248/filing_summary.pdf,pipeline_only,extension,pipeline_extracted,
OH,01/31/2024,Liberty Mutual Fire Insurance Company,19.0 Personal Auto,19.0000 Personal Auto Combinations,18.900%,16.000%,1486262,3208,9279332,23.100%,3.500%,rate_change,LBPM-133900248,FILED,,output/pdfs/OH/133900248/filing_summary.pdf,pipeline_only,extension,pipeline_extracted,
OH,01/31/2024,The First Liberty Insurance Corporation,19.0 Personal Auto,19.0000 Personal Auto Combinations,18.900%,16.100%,31246,69,193548,20.400%,14.000%,rate_change,LBPM-133900248,FILED,,output/pdfs/OH/133900248/filing_summary.pdf,pipeline_only,extension,pipeline_extracted,
OH,01/25/2024,Liberty Mutual Insurance Company,04.0 Homeowners,04.0000 Homeowners Sub-TOI Combinations,25.700%,22.900%,185744,417,810745,24.000%,19.800%,rate_change,LBPM-133949798,FILED,,output/pdfs/OH/133949798/filing_summary.pdf,pipeline_only,extension,pipeline_extracted,
OH,01/25/2024,Liberty Insurance Corporation,04.0 Homeowners,04.0000 Homeowners Sub-TOI Combinations,25.700%,22.900%,114058,2051,498804,24.000%,4.600%,rate_change,LBPM-133949803,FILED,,output/pdfs/OH/133949803/filing_summary.pdf,pipeline_only,extension,pipeline_extracted,
OH,01/25/2024,Liberty Mutual Insurance Company,04.0 Homeowners,04.0000 Homeowners Sub-TOI Combinations,25.700%,23.300%,1861,16,8001,24.800%,18.600%,rate_change,LBPM-133949803,FILED,,output/pdfs/OH/133949803/filing_summary.pdf,pipeline_only,extension,pipeline_extracted,
OH,01/25/2024,Liberty Personal Insurance Company,04.0 Homeowners,04.0000 Homeowners Sub-TOI Combinations,0.000%,0.000%,0,0,0,0.000%,0.000%,rate_change,LBPM-133949803,FILED,,output/pdfs/OH/133949803/filing_summary.pdf,pipeline_only,extension,pipeline_extracted,
OH,02/29/2024,Liberty Mutual Fire Insurance Company,04.0 Homeowners,04.0000 Homeowners Sub-TOI Combinations,25.700%,23.000%,3752407,5783,16316573,23.410%,12.220%,rate_change,LBPM-133949876,FILED,,output/pdfs/OH/133949876/filing_summary.pdf,pipeline_only,extension,pipeline_extracted,
OH,03/15/2024,Liberty Mutual Insurance Company,19.0 Personal Auto,19.0000 Personal Auto Combinations,18.900%,17.200%,609468,1758,3538660,20.500%,12.000%,rate_change,LBPM-133972695,FILED,,output/pdfs/OH/133972695/filing_summary.pdf,pipeline_only,extension,pipeline_extracted,
OH,03/15/2024,Liberty Mutual Personal Insurance Company,19.0 Personal Auto,19.0000 Personal Auto Combinations,18.900%,16.000%,31112987,81885,193934127,22.000%,10.200%,rate_change,LBPM-133972695,FILED,,output/pdfs/OH/133972695/filing_summary.pdf,pipeline_only,extension,pipeline_extracted,
OH,07/22/2024,Liberty Mutual Insurance Company,19.0 Personal Auto,19.0000 Personal Auto Combinations,0.000%,0.000%,0,0,3538660,0.000%,0.000%,rate_change,LBPM-134104188,FILED,,output/pdfs/OH/134104188/filing_summary.pdf,pipeline_only,extension,pipeline_extracted,
OH,07/22/2024,Liberty Mutual Personal Insurance Company,19.0 Personal Auto,19.0000 Personal Auto Combinations,0.000%,0.000%,0,0,193934127,0.000%,0.000%,rate_change,LBPM-134104188,FILED,,output/pdfs/OH/134104188/filing_summary.pdf,pipeline_only,extension,pipeline_extracted,
OH,08/02/2024,Liberty Insurance Corporation,19.0 Personal Auto,19.0000 Personal Auto Combinations,-4.000%,-10.300%,-8678,15,83862,0.000%,-15.700%,rate_change,LBPM-134155387,FILED,,output/pdfs/OH/134155387/filing_summary.pdf,pipeline_only,extension,pipeline_extracted,
OH,08/02/2024,Liberty Mutual Fire Insurance Company,19.0 Personal Auto,19.0000 Personal Auto Combinations,-4.000%,-10.000%,-890505,2675,8902416,0.000%,-24.100%,rate_change,LBPM-134155387,FILED,,output/pdfs/OH/134155387/filing_summary.pdf,pipeline_only,extension,pipeline_extracted,
OH,08/02/2024,The First Liberty Insurance Corporation,19.0 Personal Auto,19.0000 Personal Auto Combinations,-4.000%,-10.300%,-20601,60,200513,0.000%,-14.100%,rate_change,LBPM-134155387,FILED,,output/pdfs/OH/134155387/filing_summary.pdf,pipeline_only,extension,pipeline_extracted,
OH,06/28/2024,Liberty Mutual Insurance Company,19.0 Personal Auto,19.0000 Personal Auto Combinations,-4.000%,-8.800%,-256561,1329,2901515,-3.100%,-16.300%,rate_change,LBPM-134157360,FILED,,output/pdfs/OH/134157360/filing_summary.pdf,pipeline_only,extension,pipeline_extracted,
OH,06/28/2024,Liberty Mutual Personal Insurance Company,19.0 Personal Auto,19.0000 Personal Auto Combinations,-4.000%,-10.000%,-15175837,57523,151026710,-2.500%,-16.600%,rate_change,LBPM-134157360,FILED,,output/pdfs/OH/134157360/filing_summary.pdf,pipeline_only,extension,pipeline_extracted,
OH,08/01/2024,Liberty Mutual Insurance Company,04.0 Homeowners,04.0000 Homeowners Sub-TOI Combinations,1.700%,-10.200%,-86744,373,848181,-6.400%,-11.900%,rate_change,LBPM-134184839,FILED,,output/pdfs/OH/134184839/filing_summary.pdf,pipeline_only,extension,pipeline_extracted,
OH,09/05/2024,Liberty Mutual Fire Insurance Company,04.0 Homeowners,04.0000 Homeowners Sub-TOI Combinations,1.700%,-10.000%,-1638238,4811,16401663,-5.960%,-10.100%,rate_change,LBPM-134184842,FILED,,output/pdfs/OH/134184842/filing_summary.pdf,pipeline_only,extension,pipeline_extracted,
OH,09/05/2024,Liberty Insurance Corporation,04.0 Homeowners,04.0000 Homeowners Sub-TOI Combinations,1.700%,0.000%,0,0,0,0.000%,0.000%,rate_change,LBPM-134185663,FILED,,output/pdfs/OH/134185663/filing_summary.pdf,pipeline_only,extension,pipeline_extracted,
OH,09/05/2024,Liberty Mutual Personal Insurance Company,04.0 Homeowners,04.0000 Homeowners Sub-TOI Combinations,1.700%,-10.000%,-12622598,48657,126422924,-2.800%,-11.400%,rate_change,LBPM-134185663,FILED,,output/pdfs/OH/134185663/filing_summary.pdf,pipeline_only,extension,pipeline_extracted,
OH,10/03/2024,Liberty Mutual Insurance Company,19.0 Personal Auto,19.0000 Personal Auto Combinations,-5.200%,-4.500%,-81079,905,1812265,-2.000%,-8.600%,rate_change,LBPM-134267400,FILED,,output/pdfs/OH/134267400/filing_summary.pdf,pipeline_only,extension,pipeline_extracted,
OH,10/03/2024,Liberty Mutual Personal Insurance Company,19.0 Personal Auto,19.0000 Personal Auto Combinations,-5.200%,-5.100%,-4884663,41475,96633840,-1.700%,-9.700%,rate_change,LBPM-134267400,FILED,,output/pdfs/OH/134267400/filing_summary.pdf,pipeline_only,extension,pipeline_extracted,
OH,01/25/2024,Liberty Mutual Personal Insurance Company,04.0 Homeowners,04.0000 Homeowners Sub-TOI Combinations,25.700%,22.800%,27750120,95406,121905795,25.800%,0.000%,rate_change,LBPM-134360368,FILED,,output/pdfs/OH/134360368/filing_summary.pdf,pipeline_only,extension,pipeline_extracted,
OH,02/13/2025,Liberty Mutual Insurance Company,19.0 Personal Auto,19.0000 Personal Auto Combinations,-5.200%,-0.700%,-7898,618,1183817,0.000%,-2.700%,rate_change,LBPM-134411982,FILED,,output/pdfs/OH/134411982/filing_summary.pdf,pipeline_only,original,pipeline_extracted_in_validated_window,
OH,02/13/2025,Liberty Mutual Personal Insurance Company,19.0 Personal Auto,19.0000 Personal Auto Combinations,-5.200%,-0.600%,-435116,34196,75063838,0.000%,-3.600%,rate_change,LBPM-134411982,FILED,,output/pdfs/OH/134411982/filing_summary.pdf,pipeline_only,original,pipeline_extracted_in_validated_window,
OH,06/26/2025,Liberty Mutual Insurance Company,19.0 Personal Auto,19.0000 Personal Auto Combinations,-5.500%,-5.000%,-68379,727,1367579,17.000%,-41.000%,rate_change,LBPM-134577826,FILED,,output/pdfs/OH/134577826/filing_summary.pdf,pipeline_only,original,pipeline_extracted_in_validated_window,
OH,06/26/2025,Liberty Mutual Personal Insurance Company,19.0 Personal Auto,19.0000 Personal Auto Combinations,-5.500%,-5.000%,-4346430,39574,86928605,41.000%,-85.000%,rate_change,LBPM-134577826,FILED,,output/pdfs/OH/134577826/filing_summary.pdf,pipeline_only,original,pipeline_extracted_in_validated_window,
OH,07/10/2025,Liberty Mutual Insurance Company,19.0 Personal Auto,19.0000 Personal Auto Combinations,0.000%,0.000%,0,727,1367579,4.300%,-2.700%,rate_change,LBPM-134595661,FILED,,output/pdfs/OH/134595661/filing_summary.pdf,pipeline_only,original,pipeline_extracted_in_validated_window,
OH,07/10/2025,Liberty Mutual Personal Insurance Company,19.0 Personal Auto,19.0000 Personal Auto Combinations,0.000%,0.000%,0,39574,86928605,4.300%,-2.700%,rate_change,LBPM-134595661,FILED,,output/pdfs/OH/134595661/filing_summary.pdf,pipeline_only,original,pipeline_extracted_in_validated_window,
OH,08/18/2025,Liberty Mutual Insurance Company,19.0 Personal Auto,19.0000 Personal Auto Combinations,0.000%,0.000%,0,727,1367579,0.000%,0.000%,rate_change,LBPM-134601474,FILED,,output/pdfs/OH/134601474/filing_summary.pdf,pipeline_only,original,pipeline_extracted_in_validated_window,
OH,08/18/2025,Liberty Mutual Personal Insurance Company,19.0 Personal Auto,19.0000 Personal Auto Combinations,0.000%,0.000%,0,39574,86928605,0.000%,0.000%,rate_change,LBPM-134601474,FILED,,output/pdfs/OH/134601474/filing_summary.pdf,pipeline_only,original,pipeline_extracted_in_validated_window,
OH,08/01/2025,Liberty Mutual Insurance Company,04.0 Homeowners,04.0000 Homeowners Sub-TOI Combinations,-1.900%,-5.000%,-49059,443,987728,-4.300%,-5.300%,rate_change,LBPM-134602374,FILED,,output/pdfs/OH/134602374/filing_summary.pdf,pipeline_only,original,pipeline_extracted_in_validated_window,
OH,01/20/2024,"MGA Insurance Company, Inc.",19.0 Personal Auto,19.0001 Private Passenger Auto (PPA),21.700%,9.900%,735142,3429,7480649,61.100%,-11.400%,rate_change,GNSC-133954835,FILED,,output/pdfs/OH/133954835/filing_summary.pdf,pipeline_only,extension,pipeline_extracted,
OH,07/02/2024,"MGA Insurance Company, Inc.",19.0 Personal Auto,19.0001 Private Passenger Auto (PPA),3.100%,-2.100%,-130478,3058,5996904,18.400%,-60.000%,rate_change,GNSC-134161279,FILED,,output/pdfs/OH/134161279/filing_summary.pdf,pipeline_only,extension,pipeline_extracted,
OH,01/18/2025,"MGA Insurance Company, Inc.",19.0 Personal Auto,19.0001 Private Passenger Auto (PPA),6.200%,-2.000%,-101338,2904,4981293,29.200%,-30.200%,rate_change,GNSC-134374423,FILED,,output/pdfs/OH/134374423/filing_summary.pdf,pipeline_only,original,pipeline_extracted_in_validated_window,
OH,06/20/2025,"MGA Insurance Company, Inc.",19.0 Personal Auto,19.0001 Private Passenger Auto (PPA),-3.400%,-25.600%,-1334974,2700,5213836,83.700%,-74.100%,rate_change,GNSC-134573818,FILED,,output/pdfs/OH/134573818/filing_summary.pdf,pipeline_only,original,pipeline_extracted_in_validated_window,
OH,03/22/2026,"MGA Insurance Company, Inc.",19.0 Personal Auto,19.0001 Private Passenger Auto (PPA),20.100%,1.500%,155194,5834,10346286,6.200%,-17.900%,rate_change,GNSC-134875223,FILED,,output/pdfs/OH/134875223/filing_summary.pdf,pipeline_only,original,pipeline_extracted_in_validated_window,
OH,03/03/2024,Nationwide Insurance Company of America,19.0 Personal Auto,19.0001 Private Passenger Auto (PPA),10.900%,14.500%,9540786,40846,65798526,31.500%,5.200%,rate_change,NWPP-133925889,FILED,,output/pdfs/OH/133925889/filing_summary.pdf,pipeline_only,extension,pipeline_extracted,
OH,03/03/2024,Nationwide General Insurance Company,19.0 Personal Auto,19.0001 Private Passenger Auto (PPA),10.900%,0.000%,0,51602,115219063,52.200%,-1.500%,rate_change,NWPP-133925889,FILED,,output/pdfs/OH/133925889/filing_summary.pdf,pipeline_only,extension,pipeline_extracted,
OH,03/03/2024,Nationwide Mutual Insurance Company,19.0 Personal Auto,19.0001 Private Passenger Auto (PPA),10.900%,0.000%,0,61733,120310927,0.000%,0.000%,rate_change,NWPP-133925889,FILED,,output/pdfs/OH/133925889/filing_summary.pdf,pipeline_only,extension,pipeline_extracted,
OH,03/03/2024,Nationwide Property and Casualty Insurance Company,19.0 Personal Auto,19.0001 Private Passenger Auto (PPA),10.900%,8.000%,6417607,46399,80220088,82.800%,0.000%,rate_change,NWPP-133925889,FILED,,output/pdfs/OH/133925889/filing_summary.pdf,pipeline_only,extension,pipeline_extracted,
OH,05/05/2024,Nationwide Insurance Company of America,04.0 Homeowners,04.0000 Homeowners Sub-TOI Combinations,21.100%,0.000%,1323,67190,97248713,8.100%,-4.400%,rate_change,NWPP-133933382,FILED,,output/pdfs/OH/133933382/filing_summary.pdf,pipeline_only,extension,pipeline_extracted,
OH,05/05/2024,Nationwide General Insurance Company,04.0 Homeowners,04.0000 Homeowners Sub-TOI Combinations,21.100%,0.000%,-1128,34992,54989537,51.400%,-23.700%,rate_change,NWPP-133933382,FILED,,output/pdfs/OH/133933382/filing_summary.pdf,pipeline_only,extension,pipeline_extracted,
OH,05/05/2024,Nationwide Mutual Insurance Company,04.0 Homeowners,04.0000 Homeowners Sub-TOI Combinations,21.100%,0.000%,-41,37112,68219450,13.600%,-22.400%,rate_change,NWPP-133933382,FILED,,output/pdfs/OH/133933382/filing_summary.pdf,pipeline_only,extension,pipeline_extracted,
OH,05/05/2024,Nationwide Property and Casualty Insurance Company,04.0 Homeowners,04.0000 Homeowners Sub-TOI Combinations,21.100%,0.000%,183,53278,92092894,39.100%,-25.000%,rate_change,NWPP-133933382,FILED,,output/pdfs/OH/133933382/filing_summary.pdf,pipeline_only,extension,pipeline_extracted,
OH,05/05/2024,Nationwide Insurance Company of America,19.0 Personal Auto,19.0001 Private Passenger Auto (PPA),0.000%,0.000%,0,37864,69224029,39.700%,-4.800%,rate_change,NWPP-133993556,FILED,,output/pdfs/OH/133993556/filing_summary.pdf,pipeline_only,extension,pipeline_extracted,
OH,05/05/2024,Nationwide General Insurance Company,19.0 Personal Auto,19.0001 Private Passenger Auto (PPA),0.000%,0.000%,0,48614,111988691,76.900%,-4.900%,rate_change,NWPP-133993556,FILED,,output/pdfs/OH/133993556/filing_summary.pdf,pipeline_only,extension,pipeline_extracted,
OH,05/05/2024,Nationwide Mutual Insurance Company,19.0 Personal Auto,19.0001 Private Passenger Auto (PPA),0.000%,0.000%,0,59526,118523946,36.000%,-4.300%,rate_change,NWPP-133993556,FILED,,output/pdfs/OH/133993556/filing_summary.pdf,pipeline_only,extension,pipeline_extracted,
OH,05/05/2024,Nationwide Property and Casualty Insurance Company,19.0 Personal Auto,19.0001 Private Passenger Auto (PPA),0.000%,0.000%,0,42361,79646070,41.400%,-4.600%,rate_change,NWPP-133993556,FILED,,output/pdfs/OH/133993556/filing_summary.pdf,pipeline_only,extension,pipeline_extracted,
OH,,Nationwide Mutual Insurance Company,19.0 Personal Auto,19.0002 Motorcycle,0.000%,0.000%,0,0,0,0.000%,0.000%,rate_change,NWPP-134184991,FILED,,output/pdfs/OH/134184991/filing_summary.pdf,pipeline_only,original,pipeline_extracted_in_validated_window,
OH,09/02/2024,Nationwide Insurance Company of America,04.0 Homeowners,04.0000 Homeowners Sub-TOI Combinations,23.000%,27.300%,21834821,62905,79837458,163.600%,-33.500%,rate_change,NWPP-134188781,FILED,,output/pdfs/OH/134188781/filing_summary.pdf,pipeline_only,extension,pipeline_extracted,
OH,09/02/2024,Nationwide General Insurance Company,04.0 Homeowners,04.0000 Homeowners Sub-TOI Combinations,23.000%,22.700%,10163070,33167,44770157,31.600%,1.800%,rate_change,NWPP-134188781,FILED,,output/pdfs/OH/134188781/filing_summary.pdf,pipeline_only,extension,pipeline_extracted,
OH,09/02/2024,Nationwide Mutual Insurance Company,04.0 Homeowners,04.0000 Homeowners Sub-TOI Combinations,23.000%,20.400%,11456790,35456,56055799,30.400%,1.400%,rate_change,NWPP-134188781,FILED,,output/pdfs/OH/134188781/filing_summary.pdf,pipeline_only,extension,pipeline_extracted,
OH,09/02/2024,Nationwide Property and Casualty Insurance Company,04.0 Homeowners,04.0000 Homeowners Sub-TOI Combinations,23.000%,20.400%,14903248,50851,73040360,30.400%,1.600%,rate_change,NWPP-134188781,FILED,,output/pdfs/OH/134188781/filing_summary.pdf,pipeline_only,extension,pipeline_extracted,
OH,11/23/2024,Nationwide Insurance Company of America,19.0 Personal Auto,19.0001 Private Passenger Auto (PPA),,-10.000%,-6692342,31187,66923422,-2.900%,-14.300%,rate_change,NWPP-134269614,FILED,,output/pdfs/OH/134269614/filing_summary.pdf,pipeline_only,extension,pipeline_extracted,
OH,11/16/2024,Nationwide Insurance Company of America,04.0 Homeowners,04.0000 Homeowners Sub-TOI Combinations,-5.500%,-5.100%,-4226615,42266,82925832,0.000%,-5.600%,rate_change,NWPP-134305980,FILED,,output/pdfs/OH/134305980/filing_summary.pdf,pipeline_only,extension,pipeline_extracted,
OH,11/16/2024,Nationwide General Insurance Company,04.0 Homeowners,04.0000 Homeowners Sub-TOI Combinations,-5.500%,-5.100%,-2419716,23900,47760370,0.000%,-5.400%,rate_change,NWPP-134305980,FILED,,output/pdfs/OH/134305980/filing_summary.pdf,pipeline_only,extension,pipeline_extracted,
OH,11/16/2024,Nationwide Mutual Insurance Company,04.0 Homeowners,04.0000 Homeowners Sub-TOI Combinations,-5.500%,-5.000%,-3168116,31142,62691834,0.000%,-5.100%,rate_change,NWPP-134305980,FILED,,output/pdfs/OH/134305980/filing_summary.pdf,pipeline_only,extension,pipeline_extracted,
OH,11/16/2024,Nationwide Property and Casualty Insurance Company,04.0 Homeowners,04.0000 Homeowners Sub-TOI Combinations,-5.500%,-5.100%,-4067933,42892,80047850,0.000%,-5.100%,rate_change,NWPP-134305980,FILED,,output/pdfs/OH/134305980/filing_summary.pdf,pipeline_only,extension,pipeline_extracted,
OH,03/22/2025,Nationwide Insurance Company of America,19.0 Personal Auto,19.0001 Private Passenger Auto (PPA),,0.000%,0,28499,60168313,109.800%,-52.000%,rate_change,NWPP-134347727,FILED,,output/pdfs/OH/134347727/filing_summary.pdf,pipeline_only,original,pipeline_extracted_in_validated_window,
OH,04/04/2025,Nationwide Insurance Company of America,19.0 Personal Auto,19.0001 Private Passenger Auto (PPA),5.100%,-10.000%,-6293048,27527,62930481,0.000%,-16.500%,rate_change,NWPP-134423603,FILED,,output/pdfs/OH/134423603/filing_summary.pdf,pipeline_only,original,pipeline_extracted_in_validated_window,
OH,10/05/2025,Nationwide Insurance Company of America,19.0 Personal Auto,19.0000 Personal Auto Combinations,,0.000%,0,27527,62930481,6.000%,-2.700%,rate_change,NWPP-134555862,FILED,,output/pdfs/OH/134555862/filing_summary.pdf,pipeline_only,original,pipeline_extracted_in_validated_window,
OH,12/05/2025,Nationwide Property and Casualty Insurance Company,19.0 Personal Auto,19.0000 Personal Auto Combinations,,0.000%,0,31148,68354010,1.700%,-2.900%,rate_change,NWPP-134556562,FILED,,output/pdfs/OH/134556562/filing_summary.pdf,pipeline_only,original,pipeline_extracted_in_validated_window,
OH,12/05/2025,Nationwide General Insurance Company,19.0 Personal Auto,19.0000 Personal Auto Combinations,,0.000%,0,39995,96207888,0.600%,-2.700%,rate_change,NWPP-134558574,FILED,,output/pdfs/OH/134558574/filing_summary.pdf,pipeline_only,original,pipeline_extracted_in_validated_window,
OH,12/05/2025,Nationwide Mutual Insurance Company,19.0 Personal Auto,19.0000 Personal Auto Combinations,,0.000%,0,52724,108451888,0.700%,-2.600%,rate_change,NWPP-134558682,FILED,,output/pdfs/OH/134558682/filing_summary.pdf,pipeline_only,original,pipeline_extracted_in_validated_window,
OH,10/05/2025,Nationwide Insurance Company of America,04.0 Homeowners,04.0000 Homeowners Sub-TOI Combinations,0.000%,0.000%,-434908,50428,77276800,24.000%,-36.200%,rate_change,NWPP-134566078,FILED,,output/pdfs/OH/134566078/filing_summary.pdf,pipeline_only,original,pipeline_extracted_in_validated_window,
OH,10/05/2025,Nationwide General Insurance Company,04.0 Homeowners,04.0000 Homeowners Sub-TOI Combinations,0.000%,0.000%,-191866,27836,44608853,34.000%,-33.700%,rate_change,NWPP-134566078,FILED,,output/pdfs/OH/134566078/filing_summary.pdf,pipeline_only,original,pipeline_extracted_in_validated_window,
OH,10/05/2025,Nationwide Mutual Insurance Company,04.0 Homeowners,04.0000 Homeowners Sub-TOI Combinations,0.000%,0.000%,-156176,31195,57277633,10.900%,-26.200%,rate_change,NWPP-134566078,FILED,,output/pdfs/OH/134566078/filing_summary.pdf,pipeline_only,original,pipeline_extracted_in_validated_window,
OH,10/05/2025,Nationwide Property and Casualty Insurance Company,04.0 Homeowners,04.0000 Homeowners Sub-TOI Combinations,0.000%,0.000%,-233890,44429,73486894,10.800%,-25.400%,rate_change,NWPP-134566078,FILED,,output/pdfs/OH/134566078/filing_summary.pdf,pipeline_only,original,pipeline_extracted_in_validated_window,
OH,12/20/2025,Nationwide Insurance Company of America,19.0 Personal Auto,19.0001 Private Passenger Auto (PPA),-3.900%,-10.000%,-5564595,28168,55645949,1.700%,-28.400%,rate_change,NWPP-G134739089,FILED,,output/pdfs/OH/134762833/filing_summary.pdf,pipeline_only,original,pipeline_extracted_in_validated_window,
OH,04/24/2024,Progressive Specialty Insurance Company,04.0 Homeowners,04.0002 Mobile Homeowners,12.380%,12.290%,10267951,21402,9137104,85.000%,-43.000%,rate_change,AMSI-133824390,FILED,,output/pdfs/OH/133824390/filing_summary.pdf,pipeline_only,extension,pipeline_extracted,
OH,08/30/2024,Progressive Direct Insurance Company,19.0 Personal Auto,19.0003 Recreational Vehicle (RV),1.800%,1.100%,82621,15605,7511025,95.000%,-23.200%,rate_change,PRGS-133778278,FILED,,output/pdfs/OH/133778278/filing_summary.pdf,pipeline_only,extension,pipeline_extracted,
OH,08/30/2024,Progressive Specialty Insurance Company,19.0 Personal Auto,19.0003 Recreational Vehicle (RV),1.800%,2.000%,252122,22960,12606098,98.500%,-24.500%,rate_change,PRGS-133778278,FILED,,output/pdfs/OH/133778278/filing_summary.pdf,pipeline_only,extension,pipeline_extracted,
OH,12/13/2024,Progressive Direct Insurance Company,19.0 Personal Auto,19.0002 Motorcycle,-11.200%,-1.200%,-73080,87587,6090020,134.400%,-54.400%,rate_change,PRGS-134067616,FILED,,output/pdfs/OH/134067616/filing_summary.pdf,pipeline_only,extension,pipeline_extracted,
OH,12/13/2024,Progressive Specialty Insurance Company,19.0 Personal Auto,19.0002 Motorcycle,-11.200%,-3.800%,-364523,138881,9592699,102.000%,-51.700%,rate_change,PRGS-134067616,FILED,,output/pdfs/OH/134067616/filing_summary.pdf,pipeline_only,extension,pipeline_extracted,
OH,01/17/2025,Progressive Casualty Insurance Company,19.0 Personal Auto,19.0001 Private Passenger Auto (PPA),-9.700%,-2.600%,-130547,5196,5029308,8.200%,-13.900%,rate_change,PRGS-134358271,FILED,,output/pdfs/OH/134358271/filing_summary.pdf,pipeline_only,original,pipeline_extracted_in_validated_window,
OH,01/17/2025,Progressive Direct Insurance Company,19.0 Personal Auto,19.0001 Private Passenger Auto (PPA),-8.000%,-3.200%,-13354381,506910,412179833,21.900%,-36.900%,rate_change,PRGS-134358271,FILED,,output/pdfs/OH/134358271/filing_summary.pdf,pipeline_only,original,pipeline_extracted_in_validated_window,
OH,01/17/2025,Progressive Preferred Insurance Company,19.0 Personal Auto,19.0001 Private Passenger Auto (PPA),-9.700%,-2.600%,-163526,6445,6299841,6.400%,-14.900%,rate_change,PRGS-134358271,FILED,,output/pdfs/OH/134358271/filing_summary.pdf,pipeline_only,original,pipeline_extracted_in_validated_window,
OH,01/17/2025,Progressive Specialty Insurance Company,19.0 Personal Auto,19.0001 Private Passenger Auto (PPA),-9.700%,-2.600%,-8906142,393876,343108550,12.100%,-17.900%,rate_change,PRGS-134358271,FILED,,output/pdfs/OH/134358271/filing_summary.pdf,pipeline_only,original,pipeline_extracted_in_validated_window,
OH,06/20/2025,Progressive Casualty Insurance Company,19.0 Personal Auto,19.0001 Private Passenger Auto (PPA),-4.900%,-2.000%,-98957,4850,4942861,15.500%,-8.700%,rate_change,PRGS-134516714,FILED,,output/pdfs/OH/134516714/filing_summary.pdf,pipeline_only,original,pipeline_extracted_in_validated_window,
OH,06/20/2025,Progressive Direct Insurance Company,19.0 Personal Auto,19.0001 Private Passenger Auto (PPA),-2.200%,0.100%,262288,550850,498910989,23.300%,-14.600%,rate_change,PRGS-134516714,FILED,,output/pdfs/OH/134516714/filing_summary.pdf,pipeline_only,original,pipeline_extracted_in_validated_window,
OH,06/20/2025,Progressive Preferred Insurance Company,19.0 Personal Auto,19.0001 Private Passenger Auto (PPA),-4.900%,-2.000%,-125059,6101,6246623,14.700%,-10.600%,rate_change,PRGS-134516714,FILED,,output/pdfs/OH/134516714/filing_summary.pdf,pipeline_only,original,pipeline_extracted_in_validated_window,
OH,06/20/2025,Progressive Specialty Insurance Company,19.0 Personal Auto,19.0001 Private Passenger Auto (PPA),-4.900%,-2.000%,-8471843,432959,423164278,22.800%,-13.400%,rate_change,PRGS-134516714,FILED,,output/pdfs/OH/134516714/filing_summary.pdf,pipeline_only,original,pipeline_extracted_in_validated_window,
OH,10/10/2025,Progressive Direct Insurance Company,19.0 Personal Auto,19.0002 Motorcycle,-10.500%,-7.400%,-1375367,56308,18586047,17.000%,-22.200%,rate_change,PRGS-134633185,FILED,,output/pdfs/OH/134633185/filing_summary.pdf,pipeline_only,original,pipeline_extracted_in_validated_window,
OH,10/10/2025,Progressive Specialty Insurance Company,19.0 Personal Auto,19.0002 Motorcycle,-10.500%,-6.100%,-1566346,77811,25677808,16.300%,-20.000%,rate_change,PRGS-134633185,FILED,,output/pdfs/OH/134633185/filing_summary.pdf,pipeline_only,original,pipeline_extracted_in_validated_window,
OH,11/21/2025,Progressive Casualty Insurance Company,19.0 Personal Auto,19.0001 Private Passenger Auto (PPA),-3.700%,-2.500%,-242856,4079,9714246,36.400%,-30.600%,rate_change,PRGS-134729388,FILED,,output/pdfs/OH/134729388/filing_summary.pdf,pipeline_only,original,pipeline_extracted_in_validated_window,
OH,11/21/2025,Progressive Direct Insurance Company,19.0 Personal Auto,19.0001 Private Passenger Auto (PPA),-5.200%,-4.400%,-40247964,445515,914726459,82.500%,-43.500%,rate_change,PRGS-134729388,FILED,,output/pdfs/OH/134729388/filing_summary.pdf,pipeline_only,original,pipeline_extracted_in_validated_window,
OH,11/21/2025,Progressive Preferred Insurance Company,19.0 Personal Auto,19.0001 Private Passenger Auto (PPA),-3.700%,-2.500%,-301542,5272,12061664,49.200%,-32.900%,rate_change,PRGS-134729388,FILED,,output/pdfs/OH/134729388/filing_summary.pdf,pipeline_only,original,pipeline_extracted_in_validated_window,
OH,11/21/2025,Progressive Specialty Insurance Company,19.0 Personal Auto,19.0001 Private Passenger Auto (PPA),-3.700%,-2.500%,-19655980,354575,786239186,93.000%,-49.000%,rate_change,PRGS-134729388,FILED,,output/pdfs/OH/134729388/filing_summary.pdf,pipeline_only,original,pipeline_extracted_in_validated_window,
OH,04/17/2026,Progressive Casualty Insurance Company,19.0 Personal Auto,19.0001 Private Passenger Auto (PPA),2.700%,0.000%,4857,4391,9714246,5.900%,-5.000%,rate_change,PRGS-134879605,FILED,,output/pdfs/OH/134879605/filing_summary.pdf,pipeline_only,original,pipeline_extracted_in_validated_window,
OH,04/17/2026,Progressive Direct Insurance Company,19.0 Personal Auto,19.0001 Private Passenger Auto (PPA),5.600%,0.100%,1829453,581638,914726459,14.900%,-24.400%,rate_change,PRGS-134879605,FILED,,output/pdfs/OH/134879605/filing_summary.pdf,pipeline_only,original,pipeline_extracted_in_validated_window,
OH,04/17/2026,Progressive Preferred Insurance Company,19.0 Personal Auto,19.0001 Private Passenger Auto (PPA),2.700%,0.000%,6031,5633,12061664,9.600%,-6.700%,rate_change,PRGS-134879605,FILED,,output/pdfs/OH/134879605/filing_summary.pdf,pipeline_only,original,pipeline_extracted_in_validated_window,
OH,04/17/2026,Progressive Specialty Insurance Company,19.0 Personal Auto,19.0001 Private Passenger Auto (PPA),2.700%,0.000%,393120,475611,786239186,6.100%,-4.600%,rate_change,PRGS-134879605,FILED,,output/pdfs/OH/134879605/filing_summary.pdf,pipeline_only,original,pipeline_extracted_in_validated_window,
OH,04/11/2024,Safeco Insurance Company of Illinois,19.0 Personal Auto,19.0003 Recreational Vehicle (RV),16.800%,5.700%,177837,7516,3104362,31.400%,0.000%,rate_change,LBPM-133914698,FILED,,output/pdfs/OH/133914698/filing_summary.pdf,pipeline_only,extension,pipeline_extracted,
OH,03/02/2024,Safeco Insurance Company of Indiana,04.0 Homeowners,04.0000 Homeowners Sub-TOI Combinations,22.600%,17.200%,20431725,57143,118815247,21.630%,2.590%,rate_change,LBPM-133936409,FILED,,output/pdfs/OH/133936409/filing_summary.pdf,pipeline_only,extension,pipeline_extracted,
OH,07/15/2024,Safeco Insurance Company of Illinois,19.0 Personal Auto,19.0000 Personal Auto Combinations,18.600%,5.000%,9418123,90167,189903991,14.000%,0.000%,rate_change,LBPM-134098468,FILED,,output/pdfs/OH/134098468/filing_summary.pdf,pipeline_only,extension,pipeline_extracted,
OH,08/29/2024,Safeco Insurance Company of Indiana,04.0 Homeowners,04.0000 Homeowners Sub-TOI Combinations,7.800%,-5.000%,-5571692,43760,111463698,-2.700%,-12.300%,rate_change,LBPM-134198851,FILED,,output/pdfs/OH/134198851/filing_summary.pdf,pipeline_only,extension,pipeline_extracted,
OH,11/16/2024,Safeco Insurance Company of Illinois,19.0 Personal Auto,19.0002 Motorcycle,10.400%,9.700%,370217,10225,3807801,39.100%,0.000%,rate_change,LBPM-134214106,FILED,,output/pdfs/OH/134214106/filing_summary.pdf,pipeline_only,extension,pipeline_extracted,
OH,11/02/2024,Safeco Insurance Company of Illinois,19.0 Personal Auto,19.0000 Personal Auto Combinations,-6.800%,-6.200%,-10858206,78391,174475527,0.000%,-18.000%,rate_change,LBPM-134245399,FILED,,output/pdfs/OH/134245399/filing_summary.pdf,pipeline_only,extension,pipeline_extracted,
OH,03/29/2025,Safeco Insurance Company of Indiana,04.0 Homeowners,04.0000 Homeowners Sub-TOI Combinations,11.800%,10.500%,168677,1988,1611492,15.000%,2.300%,rate_change,LBPM-134390357,FILED,,output/pdfs/OH/134390357/filing_summary.pdf,pipeline_only,original,pipeline_extracted_in_validated_window,
OH,05/17/2025,Safeco Insurance Company of Illinois,19.0 Personal Auto,19.0000 Personal Auto Combinations,0.000%,0.000%,-27939,65412,136717369,13.000%,-5.200%,rate_change,LBPM-134535643,FILED,,output/pdfs/OH/134535643/filing_summary.pdf,pipeline_only,original,pipeline_extracted_in_validated_window,
OH,11/16/2025,Safeco Insurance Company of Illinois,19.0 Personal Auto,19.0002 Motorcycle,9.200%,9.200%,235198,7932,2559274,20.200%,0.000%,rate_change,LBPM-134704045,FILED,,output/pdfs/OH/134704045/filing_summary.pdf,pipeline_only,original,pipeline_extracted_in_validated_window,
OH,02/01/2024,State Farm Fire and Casualty Company,04.0 Homeowners,04.0002 Mobile Homeowners,0.000%,0.000%,-3738,12424,8239118,0.900%,-4.500%,rate_change,SFMA-133755047,FILED,,output/pdfs/OH/133755047/filing_summary.pdf,pipeline_only,extension,pipeline_extracted,
OH,01/01/2024,State Farm Fire and Casualty Company,19.0 Personal Auto,19.0001 Private Passenger Auto (PPA),0.000%,0.000%,0,63047,74424498,23.500%,-24.000%,rate_change,SFMA-133807567,FILED,,output/pdfs/OH/133807567/filing_summary.pdf,pipeline_only,extension,pipeline_extracted,
OH,01/01/2024,State Farm Mutual Automobile Insurance Company,19.0 Personal Auto,19.0001 Private Passenger Auto (PPA),0.000%,0.000%,0,1856676,1162439768,20.800%,-20.600%,rate_change,SFMA-133807567,FILED,,output/pdfs/OH/133807567/filing_summary.pdf,pipeline_only,extension,pipeline_extracted,
OH,03/15/2024,State Farm Fire and Casualty Company,04.0 Homeowners,04.0000 Homeowners Sub-TOI Combinations,17.000%,14.300%,104721364,893470,730730623,19.500%,0.000%,rate_change,SFMA-133962990,FILED,,output/pdfs/OH/133962990/filing_summary.pdf,pipeline_only,extension,pipeline_extracted,
OH,08/01/2024,State Farm Fire and Casualty Company,19.0 Personal Auto,19.0002 Motorcycle,0.000%,0.000%,0,7747,3218876,9.500%,-9.000%,rate_change,SFMA-134076634,FILED,,output/pdfs/OH/134076634/filing_summary.pdf,pipeline_only,extension,pipeline_extracted,
OH,08/01/2024,State Farm Mutual Automobile Insurance Company,19.0 Personal Auto,19.0002 Motorcycle,0.000%,0.000%,0,71737,14670253,10.000%,-9.500%,rate_change,SFMA-134076634,FILED,,output/pdfs/OH/134076634/filing_summary.pdf,pipeline_only,extension,pipeline_extracted,
OH,08/12/2024,State Farm Fire and Casualty Company,19.0 Personal Auto,19.0000 Personal Auto Combinations,21.400%,5.500%,6762229,87674,121998190,,,rate_change,SFMA-134130358,FILED,,output/pdfs/OH/134130358/filing_summary.pdf,pipeline_only,extension,pipeline_extracted,
OH,08/12/2024,State Farm Mutual Automobile Insurance Company,19.0 Personal Auto,19.0000 Personal Auto Combinations,6.300%,2.900%,45358864,2115410,1548180898,,,rate_change,SFMA-134130358,FILED,,output/pdfs/OH/134130358/filing_summary.pdf,pipeline_only,extension,pipeline_extracted,
OH,03/15/2025,State Farm Fire and Casualty Company,04.0 Homeowners,04.0000 Homeowners Sub-TOI Combinations,21.300%,11.900%,103960968,918905,874554701,22.600%,-4.900%,rate_change,SFMA-134378059,FILED,,output/pdfs/OH/134378059/filing_summary.pdf,pipeline_only,original,pipeline_extracted_in_validated_window,
OH,09/15/2025,State Farm Fire and Casualty Company,04.0 Homeowners,04.0000 Homeowners Sub-TOI Combinations,0.000%,0.000%,0,929951,901264589,0.000%,0.000%,rate_change,SFMA-134603151,FILED,,output/pdfs/OH/134603151/filing_summary.pdf,pipeline_only,original,pipeline_extracted_in_validated_window,
OH,10/20/2025,State Farm Fire and Casualty Company,19.0 Personal Auto,19.0000 Personal Auto Combinations,18.600%,0.800%,1066531,93359,141764846,,,rate_change,SFMA-134637347,FILED,,output/pdfs/OH/134637347/filing_summary.pdf,pipeline_only,original,pipeline_extracted_in_validated_window,
OH,10/20/2025,State Farm Mutual Automobile Insurance Company,19.0 Personal Auto,19.0000 Personal Auto Combinations,0.200%,-3.900%,-70968448,2176914,1805034463,,,rate_change,SFMA-134637347,FILED,,output/pdfs/OH/134637347/filing_summary.pdf,pipeline_only,original,pipeline_extracted_in_validated_window,
OH,12/04/2025,State Farm Fire and Casualty Company,19.0 Personal Auto,19.0000 Personal Auto Combinations,11.100%,-2.800%,-4828961,107013,170971538,,,rate_change,SFMA-134699767,FILED,,output/pdfs/OH/134699767/filing_summary.pdf,pipeline_only,original,pipeline_extracted_in_validated_window,
OH,12/04/2025,State Farm Mutual Automobile Insurance Company,19.0 Personal Auto,19.0000 Personal Auto Combinations,5.000%,-4.200%,-76450301,2278688,1838361222,,,rate_change,SFMA-134699767,FILED,,output/pdfs/OH/134699767/filing_summary.pdf,pipeline_only,original,pipeline_extracted_in_validated_window,
OH,01/15/2026,State Farm Fire and Casualty Company,04.0 Homeowners,04.0002 Mobile Homeowners,13.300%,10.600%,1007517,13639,9498132,15.400%,-2.500%,rate_change,SFMA-134745460,FILED,,output/pdfs/OH/134745460/filing_summary.pdf,pipeline_only,original,pipeline_extracted_in_validated_window,
OH,03/15/2026,State Farm Fire and Casualty Company,04.0 Homeowners,04.0000 Homeowners Sub-TOI Combinations,11.600%,7.200%,69572695,932506,967830095,24.700%,-15.400%,rate_change,SFMA-134817304,FILED,,output/pdfs/OH/134817304/filing_summary.pdf,pipeline_only,original,pipeline_extracted_in_validated_window,
OH,05/25/2024,The Travelers Home and Marine Insurance Company,04.0 Homeowners,04.0000 Homeowners Sub-TOI Combinations,3.300%,3.000%,42714,1269,1423815,7.600%,0.000%,rate_change,TRVD-134025171,FILED,,output/pdfs/OH/134025171/filing_summary.pdf,pipeline_only,extension,pipeline_extracted,
OH,05/25/2024,Travelers Property Casualty Insurance Company,04.0 Homeowners,04.0000 Homeowners Sub-TOI Combinations,3.300%,2.900%,723529,21953,24949262,7.600%,0.000%,rate_change,TRVD-134025171,FILED,,output/pdfs/OH/134025171/filing_summary.pdf,pipeline_only,extension,pipeline_extracted,
OH,05/25/2024,The Travelers Home and Marine Insurance Company,04.0 Homeowners,04.0000 Homeowners Sub-TOI Combinations,3.300%,2.900%,2773,31,95611,6.700%,2.000%,rate_change,TRVD-134025181,FILED,,output/pdfs/OH/134025181/filing_summary.pdf,pipeline_only,extension,pipeline_extracted,
OH,05/25/2024,Travelers Property Casualty Insurance Company,04.0 Homeowners,04.0000 Homeowners Sub-TOI Combinations,3.300%,2.800%,90583,1027,3235109,7.300%,1.300%,rate_change,TRVD-134025181,FILED,,output/pdfs/OH/134025181/filing_summary.pdf,pipeline_only,extension,pipeline_extracted,
OH,05/24/2025,The Travelers Home and Marine Insurance Company,04.0 Homeowners,04.0000 Homeowners Sub-TOI Combinations,21.800%,12.800%,167972,1112,1312282,32.600%,-2.200%,rate_change,TRVD-G134441443,FILED,,output/pdfs/OH/134444486/filing_summary.pdf,pipeline_only,original,pipeline_extracted_in_validated_window,
OH,05/24/2025,Travelers Property Casualty Insurance Company,04.0 Homeowners,04.0000 Homeowners Sub-TOI Combinations,21.800%,11.600%,2671237,19153,23027909,35.100%,-4.500%,rate_change,TRVD-G134441443,FILED,,output/pdfs/OH/134444486/filing_summary.pdf,pipeline_only,original,pipeline_extracted_in_validated_window,
OH,05/24/2025,The Travelers Home and Marine Insurance Company,04.0 Homeowners,04.0000 Homeowners Sub-TOI Combinations,21.800%,14.200%,13336,28,93912,25.000%,0.000%,rate_change,TRVD-G134441444,FILED,,output/pdfs/OH/134444488/filing_summary.pdf,pipeline_only,original,pipeline_extracted_in_validated_window,
OH,05/24/2025,Travelers Property Casualty Insurance Company,04.0 Homeowners,04.0000 Homeowners Sub-TOI Combinations,21.800%,12.100%,382119,939,3158005,31.000%,0.000%,rate_change,TRVD-G134441444,FILED,,output/pdfs/OH/134444488/filing_summary.pdf,pipeline_only,original,pipeline_extracted_in_validated_window,
OH,05/31/2024,United Services Automobile Association,04.0 Homeowners,04.0003 Owner Occupied Homeowners,5.000%,0.000%,0,36052,61668962,120.000%,-63.100%,rate_change,USAA-133868229,FILED,,output/pdfs/OH/133868229/filing_summary.pdf,pipeline_only,extension,pipeline_extracted,
OH,05/31/2024,USAA Casualty Insurance Company,04.0 Homeowners,04.0003 Owner Occupied Homeowners,1.600%,0.000%,0,24748,42388588,134.800%,-53.700%,rate_change,USAA-133868229,FILED,,output/pdfs/OH/133868229/filing_summary.pdf,pipeline_only,extension,pipeline_extracted,
OH,05/31/2024,USAA General Indemnity Company,04.0 Homeowners,04.0003 Owner Occupied Homeowners,2.500%,0.000%,0,23669,41054433,162.200%,-63.600%,rate_change,USAA-133868229,FILED,,output/pdfs/OH/133868229/filing_summary.pdf,pipeline_only,extension,pipeline_extracted,
OH,05/31/2024,Garrison Property and Casualty Insurance Company,04.0 Homeowners,04.0003 Owner Occupied Homeowners,2.900%,0.000%,0,7522,14473036,128.600%,-57.500%,rate_change,USAA-133868229,FILED,,output/pdfs/OH/133868229/filing_summary.pdf,pipeline_only,extension,pipeline_extracted,
OH,10/26/2024,United Services Automobile Association,19.0 Personal Auto,19.0001 Private Passenger Auto (PPA),,0.000%,0,0,91793810,0.000%,0.000%,rate_change,USAA-134188871,FILED,,output/pdfs/OH/134188871/filing_summary.pdf,pipeline_only,extension,pipeline_extracted,
OH,10/26/2024,USAA Casualty Insurance Company,19.0 Personal Auto,19.0001 Private Passenger Auto (PPA),,0.000%,0,0,80393175,0.000%,0.000%,rate_change,USAA-134188871,FILED,,output/pdfs/OH/134188871/filing_summary.pdf,pipeline_only,extension,pipeline_extracted,
OH,10/26/2024,USAA General Indemnity Company,19.0 Personal Auto,19.0001 Private Passenger Auto (PPA),,0.000%,0,0,80275984,0.000%,0.000%,rate_change,USAA-134188871,FILED,,output/pdfs/OH/134188871/filing_summary.pdf,pipeline_only,extension,pipeline_extracted,
OH,10/26/2024,Garrison Property and Casualty Insurance Company,19.0 Personal Auto,19.0001 Private Passenger Auto (PPA),,0.000%,0,0,36095143,0.000%,0.000%,rate_change,USAA-134188871,FILED,,output/pdfs/OH/134188871/filing_summary.pdf,pipeline_only,extension,pipeline_extracted,
OH,03/24/2025,United Services Automobile Association,04.0 Homeowners,04.0003 Owner Occupied Homeowners,16.600%,15.100%,9805104,36860,64874198,17.500%,1.600%,rate_change,USAA-134380420,FILED,,output/pdfs/OH/134380420/filing_summary.pdf,pipeline_only,original,pipeline_extracted_in_validated_window,
OH,03/24/2025,USAA Casualty Insurance Company,04.0 Homeowners,04.0003 Owner Occupied Homeowners,10.900%,9.700%,4399768,26023,45415914,11.100%,1.600%,rate_change,USAA-134380420,FILED,,output/pdfs/OH/134380420/filing_summary.pdf,pipeline_only,original,pipeline_extracted_in_validated_window,
OH,03/24/2025,USAA General Indemnity Company,04.0 Homeowners,04.0003 Owner Occupied Homeowners,16.100%,14.500%,6438523,25499,44448620,16.500%,1.600%,rate_change,USAA-134380420,FILED,,output/pdfs/OH/134380420/filing_summary.pdf,pipeline_only,original,pipeline_extracted_in_validated_window,
OH,03/24/2025,Garrison Property and Casualty Insurance Company,04.0 Homeowners,04.0003 Owner Occupied Homeowners,8.900%,6.400%,1066279,8554,16674598,7.200%,1.700%,rate_change,USAA-134380420,FILED,,output/pdfs/OH/134380420/filing_summary.pdf,pipeline_only,original,pipeline_extracted_in_validated_window,
OH,01/19/2026,United Services Automobile Association,19.0 Personal Auto,19.0001 Private Passenger Auto (PPA),0.000%,0.000%,0,0,102169012,0.000%,0.000%,rate_change,USAA-134717646,FILED,,output/pdfs/OH/134717646/filing_summary.pdf,pipeline_only,original,pipeline_extracted_in_validated_window,
OH,01/19/2026,USAA Casualty Insurance Company,19.0 Personal Auto,19.0001 Private Passenger Auto (PPA),0.000%,0.000%,0,0,90774480,0.000%,0.000%,rate_change,USAA-134717646,FILED,,output/pdfs/OH/134717646/filing_summary.pdf,pipeline_only,original,pipeline_extracted_in_validated_window,
OH,01/19/2026,USAA General Indemnity Company,19.0 Personal Auto,19.0001 Private Passenger Auto (PPA),0.000%,0.000%,0,0,87823227,0.000%,0.000%,rate_change,USAA-134717646,FILED,,output/pdfs/OH/134717646/filing_summary.pdf,pipeline_only,original,pipeline_extracted_in_validated_window,
OH,01/19/2026,Garrison Property and Casualty Insurance Company,19.0 Personal Auto,19.0001 Private Passenger Auto (PPA),0.000%,0.000%,0,0,40812055,0.000%,0.000%,rate_change,USAA-134717646,FILED,,output/pdfs/OH/134717646/filing_summary.pdf,pipeline_only,original,pipeline_extracted_in_validated_window,
OH,03/16/2026,United Services Automobile Association,04.0 Homeowners,04.0003 Owner Occupied Homeowners,17.300%,17.300%,13662379,38188,78993725,63.700%,-25.800%,rate_change,USAA-134785241,FILED,,output/pdfs/OH/134785241/filing_summary.pdf,pipeline_only,original,pipeline_extracted_in_validated_window,
OH,03/16/2026,USAA Casualty Insurance Company,04.0 Homeowners,04.0003 Owner Occupied Homeowners,20.600%,14.900%,8139109,28014,54790009,55.700%,-22.700%,rate_change,USAA-134785241,FILED,,output/pdfs/OH/134785241/filing_summary.pdf,pipeline_only,original,pipeline_extracted_in_validated_window,
OH,03/16/2026,USAA General Indemnity Company,04.0 Homeowners,04.0003 Owner Occupied Homeowners,22.200%,14.900%,8815023,29264,59093304,48.300%,-17.800%,rate_change,USAA-134785241,FILED,,output/pdfs/OH/134785241/filing_summary.pdf,pipeline_only,original,pipeline_extracted_in_validated_window,
OH,03/16/2026,Garrison Property and Casualty Insurance Company,04.0 Homeowners,04.0003 Owner Occupied Homeowners,22.000%,14.900%,3119051,10154,20975477,97.000%,-22.700%,rate_change,USAA-134785241,FILED,,output/pdfs/OH/134785241/filing_summary.pdf,pipeline_only,original,pipeline_extracted_in_validated_window,
IL,01/15/2024,Allstate Indemnity Company,04.0 Homeowners,04.0004 Tenant Homeowners,18.800%,18.800%,1687140,52356,8974155,22.800%,6.600%,rate_change,ALSE-133867778,Filed,,output/pdfs/IL/133867778/filing_summary.pdf,pipeline_only,extension,pipeline_extracted,
IL,01/15/2024,Allstate Indemnity Company,04.0 Homeowners,04.0001 Condominium Homeowners,29.700%,28.200%,3676934,24081,13039254,48.500%,9.400%,rate_change,ALSE-133867786,Filed,,output/pdfs/IL/133867786/filing_summary.pdf,pipeline_only,extension,pipeline_extracted,
IL,01/15/2024,Allstate Insurance Company,04.0 Homeowners,04.0001 Condominium Homeowners,33.400%,31.900%,634439,3610,1988838,47.100%,15.800%,rate_change,ALSE-133867795,Filed,,output/pdfs/IL/133867795/filing_summary.pdf,pipeline_only,extension,pipeline_extracted,
IL,01/15/2024,Allstate Insurance Company,04.0 Homeowners,04.0001 Condominium Homeowners,47.100%,45.600%,8792100,33129,19281054,64.500%,16.900%,rate_change,ALSE-133867855,Filed,,output/pdfs/IL/133867855/filing_summary.pdf,pipeline_only,extension,pipeline_extracted,
IL,02/21/2024,Allstate Vehicle and Property Insurance Company,04.0 Homeowners,04.0003 Owner Occupied Homeowners,12.700%,12.700%,54113364,228439,426089484,41.000%,6.800%,rate_change,ALSE-133916097,Filed,,output/pdfs/IL/133916097/filing_summary.pdf,pipeline_only,extension,pipeline_extracted,
IL,02/17/2024,Allstate Fire and Casualty Insurance Company,19.0 Personal Auto,19.0001 Private Passenger Auto (PPA),5.000%,3.000%,27415046,343012,913834883,31.500%,0.000%,rate_change,ALSE-133947907,Filed,,output/pdfs/IL/133947907/filing_summary.pdf,pipeline_only,extension,pipeline_extracted,
IL,03/31/2024,Allstate North American Insurance Company,19.0 Personal Auto,19.0001 Private Passenger Auto (PPA),,0.000%,0,15168,40385082,75.000%,-17.000%,rate_change,ALSE-133995498,Filed,,output/pdfs/IL/133995498/filing_summary.pdf,pipeline_only,extension,pipeline_extracted,
IL,05/01/2024,Allstate Fire and Casualty Insurance Company,19.0 Personal Auto,19.0001 Private Passenger Auto (PPA),0.000%,0.000%,0,343012,930401930,1.100%,-9.200%,rate_change,ALSE-134066226,Filed,,output/pdfs/IL/134066226/filing_summary.pdf,pipeline_only,extension,pipeline_extracted,
IL,08/05/2024,Allstate Fire and Casualty Insurance Company,19.0 Personal Auto,19.0001 Private Passenger Auto (PPA),0.000%,0.000%,0,0,851138498,0.000%,0.000%,rate_change,ALSE-134144486,Filed,,output/pdfs/IL/134144486/filing_summary.pdf,pipeline_only,extension,pipeline_extracted,
IL,08/10/2024,Allstate North American Insurance Company,19.0 Personal Auto,19.0001 Private Passenger Auto (PPA),,-10.000%,-7251902,27237,72519019,12.500%,-14.500%,rate_change,ALSE-134159506,Filed,,output/pdfs/IL/134159506/filing_summary.pdf,pipeline_only,extension,pipeline_extracted,
IL,08/22/2024,Allstate Fire and Casualty Insurance Company,19.0 Personal Auto,19.0001 Private Passenger Auto (PPA),2.300%,2.300%,20839603,335102,906069714,48.500%,-3.300%,rate_change,ALSE-134172010,Filed,,output/pdfs/IL/134172010/filing_summary.pdf,pipeline_only,extension,pipeline_extracted,
IL,10/14/2024,Allstate Insurance Company,19.0 Personal Auto,19.0001 Private Passenger Auto (PPA),0.000%,0.000%,0,0,53758997,0.000%,0.000%,rate_change,ALSE-134214425,Filed,,output/pdfs/IL/134214425/filing_summary.pdf,pipeline_only,extension,pipeline_extracted,
IL,10/14/2024,Allstate Property and Casualty Insurance Company,19.0 Personal Auto,19.0001 Private Passenger Auto (PPA),0.000%,0.000%,0,0,26366753,0.000%,0.000%,rate_change,ALSE-134214425,Filed,,output/pdfs/IL/134214425/filing_summary.pdf,pipeline_only,extension,pipeline_extracted,
IL,10/14/2024,Allstate Indemnity Company,19.0 Personal Auto,19.0001 Private Passenger Auto (PPA),0.000%,0.000%,0,0,6167452,0.000%,0.000%,rate_change,ALSE-134214425,Filed,,output/pdfs/IL/134214425/filing_summary.pdf,pipeline_only,extension,pipeline_extracted,
IL,01/27/2025,Allstate Indemnity Company,04.0 Homeowners,04.0001 Condominium Homeowners,2.600%,1.100%,158340,20274,14544314,5.200%,0.000%,rate_change,ALSE-134285511,Filed,,output/pdfs/IL/134285511/filing_summary.pdf,pipeline_only,original,pipeline_extracted_in_validated_window,
IL,12/20/2024,Allstate North American Insurance Company,19.0 Personal Auto,19.0001 Private Passenger Auto (PPA),27.500%,15.000%,13617584,42375,90783890,26.500%,4.700%,rate_change,ALSE-134302597,Filed,,output/pdfs/IL/134302597/filing_summary.pdf,pipeline_only,extension,pipeline_extracted,
IL,02/24/2025,Allstate Insurance Company,04.0 Homeowners,04.0003 Owner Occupied Homeowners,8.200%,8.200%,5132313,34954,62589181,9.300%,5.100%,rate_change,ALSE-134353498,Filed,,output/pdfs/IL/134353498/filing_summary.pdf,pipeline_only,original,pipeline_extracted_in_validated_window,
IL,02/24/2025,Allstate Indemnity Company,04.0 Homeowners,04.0003 Owner Occupied Homeowners,11.500%,11.500%,8513935,39402,74034221,13.300%,6.300%,rate_change,ALSE-134353540,Filed,,output/pdfs/IL/134353540/filing_summary.pdf,pipeline_only,original,pipeline_extracted_in_validated_window,
IL,02/24/2025,Allstate Property and Casualty Insurance Company,04.0 Homeowners,04.0003 Owner Occupied Homeowners,5.000%,5.000%,1576758,14498,31535155,6.300%,3.500%,rate_change,ALSE-134353564,Filed,,output/pdfs/IL/134353564/filing_summary.pdf,pipeline_only,original,pipeline_extracted_in_validated_window,
IL,02/24/2025,Allstate Vehicle and Property Insurance Company,04.0 Homeowners,04.0003 Owner Occupied Homeowners,14.300%,14.300%,70024182,247965,489679596,16.700%,7.400%,rate_change,ALSE-134353590,Filed,,output/pdfs/IL/134353590/filing_summary.pdf,pipeline_only,original,pipeline_extracted_in_validated_window,
IL,02/24/2025,Allstate North American Insurance Company,04.0 Homeowners,04.0003 Owner Occupied Homeowners,0.000%,0.000%,0,15316,30225720,9.300%,-8.200%,rate_change,ALSE-134422136,Filed,,output/pdfs/IL/134422136/filing_summary.pdf,pipeline_only,original,pipeline_extracted_in_validated_window,
IL,06/05/2025,Allstate Fire and Casualty Insurance Company,19.0 Personal Auto,19.0004 Other,27.700%,27.700%,607128,7178,2193521,42.500%,0.000%,rate_change,ALSE-134485642,Filed,,output/pdfs/IL/134485642/filing_summary.pdf,pipeline_only,original,pipeline_extracted_in_validated_window,
IL,06/05/2025,Allstate Insurance Company,19.0 Personal Auto,19.0004 Other,44.500%,44.500%,51275,567,115270,66.300%,0.000%,rate_change,ALSE-134485651,Filed,,output/pdfs/IL/134485651/filing_summary.pdf,pipeline_only,original,pipeline_extracted_in_validated_window,
IL,06/09/2025,Allstate Fire and Casualty Insurance Company,19.0 Personal Auto,19.0001 Private Passenger Auto (PPA),0.000%,0.000%,0,0,864730099,0.000%,0.000%,rate_change,ALSE-134489047,Filed,,output/pdfs/IL/134489047/filing_summary.pdf,pipeline_only,original,pipeline_extracted_in_validated_window,
IL,04/11/2025,Allstate North American Insurance Company,04.0 Homeowners,04.0003 Owner Occupied Homeowners,0.000%,-1.600%,-872021,27156,54501286,22.700%,-26.600%,rate_change,ALSE-134489291,Filed,,output/pdfs/IL/134489291/filing_summary.pdf,pipeline_only,original,pipeline_extracted_in_validated_window,
IL,05/30/2025,Allstate North American Insurance Company,19.0 Personal Auto,19.0001 Private Passenger Auto (PPA),0.000%,0.000%,0,87792,188084941,2.900%,-1.300%,rate_change,ALSE-134494129,Filed,,output/pdfs/IL/134494129/filing_summary.pdf,pipeline_only,original,pipeline_extracted_in_validated_window,
IL,08/10/2025,Allstate North American Insurance Company,19.0 Personal Auto,19.0001 Private Passenger Auto (PPA),4.000%,3.000%,8150296,104895,271676524,8.100%,0.800%,rate_change,ALSE-134583115,Filed,,output/pdfs/IL/134583115/filing_summary.pdf,pipeline_only,original,pipeline_extracted_in_validated_window,
IL,10/20/2025,Allstate Insurance Company,19.0 Personal Auto,19.0001 Private Passenger Auto (PPA),0.000%,0.000%,0,0,50509267,0.000%,0.000%,rate_change,ALSE-134644727,Filed,,output/pdfs/IL/134644727/filing_summary.pdf,pipeline_only,original,pipeline_extracted_in_validated_window,
IL,10/20/2025,Allstate Property and Casualty Insurance Company,19.0 Personal Auto,19.0001 Private Passenger Auto (PPA),0.000%,0.000%,0,0,25037723,0.000%,0.000%,rate_change,ALSE-134644727,Filed,,output/pdfs/IL/134644727/filing_summary.pdf,pipeline_only,original,pipeline_extracted_in_validated_window,
IL,10/20/2025,Allstate Indemnity Company,19.0 Personal Auto,19.0001 Private Passenger Auto (PPA),0.000%,0.000%,0,0,5605755,0.000%,0.000%,rate_change,ALSE-134644727,Filed,,output/pdfs/IL/134644727/filing_summary.pdf,pipeline_only,original,pipeline_extracted_in_validated_window,
IL,10/16/2025,Allstate North American Insurance Company,19.0 Personal Auto,19.0001 Private Passenger Auto (PPA),0.000%,-0.400%,-1119694,104895,279923591,5.000%,-41.800%,rate_change,ALSE-134649516,Filed,,output/pdfs/IL/134649516/filing_summary.pdf,pipeline_only,original,pipeline_extracted_in_validated_window,
IL,03/04/2026,Allstate North American Insurance Company,04.0 Homeowners,04.0004 Tenant Homeowners,0.000%,0.000%,0,35187,5207813,2.900%,-1.200%,rate_change,ALSE-134669368,Filed,,output/pdfs/IL/134669368/filing_summary.pdf,pipeline_only,original,pipeline_extracted_in_validated_window,
IL,12/18/2025,Allstate Indemnity Company,19.0 Personal Auto,19.0001 Private Passenger Auto (PPA),4.700%,4.700%,208183,2206,4429424,9.800%,0.000%,rate_change,ALSE-134731626,Filed,,output/pdfs/IL/134731626/filing_summary.pdf,pipeline_only,original,pipeline_extracted_in_validated_window,
IL,02/24/2026,Allstate Property and Casualty Insurance Company,04.0 Homeowners,04.0003 Owner Occupied Homeowners,0.900%,0.900%,285485,13145,31720588,1.000%,0.700%,rate_change,ALSE-134769332,Filed,,output/pdfs/IL/134769332/filing_summary.pdf,pipeline_only,original,pipeline_extracted_in_validated_window,
IL,02/24/2026,Allstate Indemnity Company,04.0 Homeowners,04.0003 Owner Occupied Homeowners,6.500%,6.500%,5045919,36658,77629527,7.000%,3.800%,rate_change,ALSE-134769549,Filed,,output/pdfs/IL/134769549/filing_summary.pdf,pipeline_only,original,pipeline_extracted_in_validated_window,
IL,02/24/2026,Allstate Insurance Company,04.0 Homeowners,04.0003 Owner Occupied Homeowners,11.600%,8.800%,5646083,32730,64160035,9.300%,5.900%,rate_change,ALSE-134769570,Filed,,output/pdfs/IL/134769570/filing_summary.pdf,pipeline_only,original,pipeline_extracted_in_validated_window,
IL,02/24/2026,Allstate Vehicle and Property Insurance Company,04.0 Homeowners,04.0003 Owner Occupied Homeowners,8.800%,8.800%,47169463,209345,536016630,10.400%,4.900%,rate_change,ALSE-134771276,Filed,,output/pdfs/IL/134771276/filing_summary.pdf,pipeline_only,original,pipeline_extracted_in_validated_window,
IL,03/05/2026,Allstate Fire and Casualty Insurance Company,19.0 Personal Auto,19.0001 Private Passenger Auto (PPA),2.200%,2.200%,16949650,261039,770438637,7.000%,0.000%,rate_change,ALSE-134810256,Filed,,output/pdfs/IL/134810256/filing_summary.pdf,pipeline_only,original,pipeline_extracted_in_validated_window,
IL,02/01/2024,American Family Insurance Company,19.0 Personal Auto,19.0001 Private Passenger Auto (PPA),28.100%,26.600%,56438858,155528,212176158,42.800%,7.200%,rate_change,AMFC-133926868,Filed,,output/pdfs/IL/133926868/filing_summary.pdf,pipeline_only,extension,pipeline_extracted,
IL,03/01/2024,American Family Insurance Company,19.0 Personal Auto,19.0002 Motorcycle,27.000%,27.000%,696419,6903,2582737,89.700%,-14.500%,rate_change,AMFC-133939070,Filed,,output/pdfs/IL/133939070/filing_summary.pdf,pipeline_only,extension,pipeline_extracted,
IL,02/01/2024,"American Family Mutual Insurance Company, S.I.",19.0 Personal Auto,19.0001 Private Passenger Auto (PPA),15.100%,15.100%,21256253,60350,140769885,28.400%,0.000%,rate_change,AMFC-133939748,Filed,,output/pdfs/IL/133939748/filing_summary.pdf,pipeline_only,extension,pipeline_extracted,
IL,04/01/2024,American Family Insurance Company,04.0 Homeowners,04.0000 Homeowners Sub-TOI Combinations,33.200%,30.000%,33096121,69409,110240327,65.200%,-1.800%,rate_change,AMFC-133960245,Filed,,output/pdfs/IL/133960245/filing_summary.pdf,pipeline_only,extension,pipeline_extracted,
IL,05/01/2024,"American Family Mutual Insurance Company, S.I.",04.0 Homeowners,04.0000 Homeowners Sub-TOI Combinations,25.900%,25.900%,39525146,73083,152649978,76.300%,0.000%,rate_change,AMFC-133969937,Filed,,output/pdfs/IL/133969937/filing_summary.pdf,pipeline_only,extension,pipeline_extracted,
IL,11/15/2024,American Family Insurance Company,04.0 Homeowners,04.0000 Homeowners Sub-TOI Combinations,14.000%,9.800%,14017049,69088,143577880,18.400%,0.000%,rate_change,AMFC-134203178,Filed,,output/pdfs/IL/134203178/filing_summary.pdf,pipeline_only,extension,pipeline_extracted,
IL,12/05/2024,American Family Insurance Company,19.0 Personal Auto,19.0001 Private Passenger Auto (PPA),-5.100%,0.000%,0,70278,231536701,307.100%,-65.700%,rate_change,AMFC-134342467,Filed,,output/pdfs/IL/134342467/filing_summary.pdf,pipeline_only,extension,pipeline_extracted,
IL,04/02/2025,American Family Insurance Company,04.0 Homeowners,04.0000 Homeowners Sub-TOI Combinations,0.000%,0.200%,226016,65383,143768940,6.800%,-7.800%,rate_change,AMFC-134353339,Filed,,output/pdfs/IL/134353339/filing_summary.pdf,pipeline_only,original,pipeline_extracted_in_validated_window,
IL,04/01/2025,American Family Insurance Company,04.0 Homeowners,04.0000 Homeowners Sub-TOI Combinations,5.000%,0.800%,1250510,67026,150853329,-40.400%,63.300%,rate_change,AMFC-134360180,Filed,,output/pdfs/IL/134360180/filing_summary.pdf,pipeline_only,original,pipeline_extracted_in_validated_window,
IL,03/01/2025,American Family Insurance Company,19.0 Personal Auto,19.0001 Private Passenger Auto (PPA),0.000%,-1.200%,-2505582,65181,208798500,0.000%,-8.350%,rate_change,AMFC-134378478,Filed,,output/pdfs/IL/134378478/filing_summary.pdf,pipeline_only,original,pipeline_extracted_in_validated_window,
IL,06/05/2025,American Family Insurance Company,19.0 Personal Auto,19.0001 Private Passenger Auto (PPA),-4.100%,-4.100%,-7884772,61561,192311506,15.760%,-37.770%,rate_change,AMFC-134491530,Filed,,output/pdfs/IL/134491530/filing_summary.pdf,pipeline_only,original,pipeline_extracted_in_validated_window,
IL,06/25/2025,American Family Insurance Company,04.0 Homeowners,04.0000 Homeowners Sub-TOI Combinations,0.000%,-0.900%,-1124774,43883,125476767,0.000%,-11.200%,rate_change,AMFC-134496795,Filed,,output/pdfs/IL/134496795/filing_summary.pdf,pipeline_only,original,pipeline_extracted_in_validated_window,
IL,07/15/2025,American Family Insurance Company,19.0 Personal Auto,19.0002 Motorcycle,-16.800%,-5.100%,-161789,6793,3149531,345.900%,-78.700%,rate_change,AMFC-134577770,Filed,,output/pdfs/IL/134577770/filing_summary.pdf,pipeline_only,original,pipeline_extracted_in_validated_window,
IL,12/05/2025,American Family Insurance Company,19.0 Personal Auto,19.0001 Private Passenger Auto (PPA),4.400%,3.000%,5055556,57697,168782687,28.500%,-29.900%,rate_change,AMFC-134711267,Filed,,output/pdfs/IL/134711267/filing_summary.pdf,pipeline_only,original,pipeline_extracted_in_validated_window,
IL,02/25/2026,American Family Insurance Company,04.0 Homeowners,04.0000 Homeowners Sub-TOI Combinations,0.000%,0.000%,-6099,62627,131298929,6.300%,-37.000%,rate_change,AMFC-134777284,Filed,,output/pdfs/IL/134777284/filing_summary.pdf,pipeline_only,original,pipeline_extracted_in_validated_window,
IL,01/15/2026,American Family Insurance Company,19.0 Personal Auto,19.0001 Private Passenger Auto (PPA),0.000%,0.000%,631,56722,169729382,55.300%,-40.200%,rate_change,AMFC-134781410,Filed,,output/pdfs/IL/134781410/filing_summary.pdf,pipeline_only,original,pipeline_extracted_in_validated_window,
IL,04/18/2024,COUNTRY Mutual Insurance Company,04.0 Homeowners,04.0000 Homeowners Sub-TOI Combinations,33.774%,25.024%,101445852,240357,405400478,28.800%,0.000%,rate_change,CFPC-133922347,Filed,,output/pdfs/IL/133922347/filing_summary.pdf,pipeline_only,extension,pipeline_extracted,
IL,04/18/2024,COUNTRY Casualty Insurance Company,04.0 Homeowners,04.0000 Homeowners Sub-TOI Combinations,33.774%,25.209%,643988,1300,2554586,28.000%,0.000%,rate_change,CFPC-133922347,Filed,,output/pdfs/IL/133922347/filing_summary.pdf,pipeline_only,extension,pipeline_extracted,
IL,04/25/2024,COUNTRY Mutual Insurance Company,19.0 Personal Auto,19.0000 Personal Auto Combinations,9.278%,7.777%,8581595,64719,110345834,28.600%,-48.800%,rate_change,CFPC-133968538,Filed,,output/pdfs/IL/133968538/filing_summary.pdf,pipeline_only,extension,pipeline_extracted,
IL,04/25/2024,COUNTRY Preferred Insurance Company,19.0 Personal Auto,19.0000 Personal Auto Combinations,9.278%,9.477%,30367755,174405,320436377,28.600%,-48.800%,rate_change,CFPC-133968538,Filed,,output/pdfs/IL/133968538/filing_summary.pdf,pipeline_only,extension,pipeline_extracted,
IL,04/25/2024,COUNTRY Casualty Insurance Company,19.0 Personal Auto,19.0000 Personal Auto Combinations,9.278%,9.659%,133346,559,1380537,22.900%,-39.700%,rate_change,CFPC-133968538,Filed,,output/pdfs/IL/133968538/filing_summary.pdf,pipeline_only,extension,pipeline_extracted,
IL,05/15/2024,COUNTRY Mutual Insurance Company,19.0 Personal Auto,19.0000 Personal Auto Combinations,29.076%,13.421%,9329142,27923,69510807,1830.500%,-16.200%,rate_change,CFPC-133968582,Filed,,output/pdfs/IL/133968582/filing_summary.pdf,pipeline_only,extension,pipeline_extracted,
IL,05/15/2024,COUNTRY Preferred Insurance Company,19.0 Personal Auto,19.0000 Personal Auto Combinations,29.076%,12.686%,16593126,67595,130802212,1635.700%,-13.200%,rate_change,CFPC-133968582,Filed,,output/pdfs/IL/133968582/filing_summary.pdf,pipeline_only,extension,pipeline_extracted,
IL,05/15/2024,COUNTRY Casualty Insurance Company,19.0 Personal Auto,19.0000 Personal Auto Combinations,29.076%,13.210%,956697,2814,7242072,1392.100%,-9.300%,rate_change,CFPC-133968582,Filed,,output/pdfs/IL/133968582/filing_summary.pdf,pipeline_only,extension,pipeline_extracted,
IL,05/01/2024,COUNTRY Mutual Insurance Company,19.0 Personal Auto,19.0000 Personal Auto Combinations,0.000%,-0.100%,-69736,27930,69510807,20.200%,-17.300%,rate_change,CFPC-133979600,Filed,,output/pdfs/IL/133979600/filing_summary.pdf,pipeline_only,extension,pipeline_extracted,
IL,05/01/2024,COUNTRY Preferred Insurance Company,19.0 Personal Auto,19.0000 Personal Auto Combinations,0.000%,-0.100%,-130866,67607,130802212,20.600%,-18.700%,rate_change,CFPC-133979600,Filed,,output/pdfs/IL/133979600/filing_summary.pdf,pipeline_only,extension,pipeline_extracted,
IL,05/01/2024,COUNTRY Casualty Insurance Company,19.0 Personal Auto,19.0000 Personal Auto Combinations,0.000%,-0.087%,-6307,2814,7242072,20.700%,-16.600%,rate_change,CFPC-133979600,Filed,,output/pdfs/IL/133979600/filing_summary.pdf,pipeline_only,extension,pipeline_extracted,
IL,09/21/2024,COUNTRY Preferred Insurance Company,04.0 Homeowners,04.0000 Homeowners Sub-TOI Combinations,7.142%,8.075%,36381916,267217,450524808,436.200%,-84.100%,rate_change,CFPC-134129059,Filed,,output/pdfs/IL/134129059/filing_summary.pdf,pipeline_only,extension,pipeline_extracted,
IL,11/15/2024,COUNTRY Mutual Insurance Company,19.0 Personal Auto,19.0000 Personal Auto Combinations,19.846%,2.425%,1685476,29725,69510807,10.100%,-21.500%,rate_change_withdrawn,CFPC-134172660,Withdrawn,,output/pdfs/IL/134172660/filing_summary.pdf,pipeline_only,extension,pipeline_extracted,
IL,11/15/2024,COUNTRY Preferred Insurance Company,19.0 Personal Auto,19.0000 Personal Auto Combinations,19.846%,2.483%,3247531,70945,130802212,9.700%,-25.900%,rate_change_withdrawn,CFPC-134172660,Withdrawn,,output/pdfs/IL/134172660/filing_summary.pdf,pipeline_only,extension,pipeline_extracted,
IL,11/15/2024,COUNTRY Casualty Insurance Company,19.0 Personal Auto,19.0000 Personal Auto Combinations,19.846%,3.055%,221247,2923,7242072,9.800%,-15.700%,rate_change_withdrawn,CFPC-134172660,Withdrawn,,output/pdfs/IL/134172660/filing_summary.pdf,pipeline_only,extension,pipeline_extracted,
IL,10/25/2024,COUNTRY Mutual Insurance Company,19.0 Personal Auto,19.0000 Personal Auto Combinations,3.930%,3.446%,3802820,61704,110345834,8.400%,0.000%,rate_change,CFPC-134172714,Filed,,output/pdfs/IL/134172714/filing_summary.pdf,pipeline_only,extension,pipeline_extracted,
IL,10/25/2024,COUNTRY Preferred Insurance Company,19.0 Personal Auto,19.0000 Personal Auto Combinations,3.930%,3.514%,11259574,168142,320436377,10.000%,0.000%,rate_change,CFPC-134172714,Filed,,output/pdfs/IL/134172714/filing_summary.pdf,pipeline_only,extension,pipeline_extracted,
IL,10/25/2024,COUNTRY Casualty Insurance Company,19.0 Personal Auto,19.0000 Personal Auto Combinations,3.930%,4.066%,56135,505,1380537,7.100%,1.200%,rate_change,CFPC-134172714,Filed,,output/pdfs/IL/134172714/filing_summary.pdf,pipeline_only,extension,pipeline_extracted,
IL,01/15/2025,COUNTRY Mutual Insurance Company,19.0 Personal Auto,19.0000 Personal Auto Combinations,6.096%,-0.647%,-639321,29725,98763339,0.000%,-35.800%,rate_change,CFPC-134305682,Filed,,output/pdfs/IL/134305682/filing_summary.pdf,pipeline_only,original,pipeline_extracted_in_validated_window,
IL,01/15/2025,COUNTRY Preferred Insurance Company,19.0 Personal Auto,19.0000 Personal Auto Combinations,6.096%,-0.003%,-5315,70945,181111655,0.000%,-37.200%,rate_change,CFPC-134305682,Filed,,output/pdfs/IL/134305682/filing_summary.pdf,pipeline_only,original,pipeline_extracted_in_validated_window,
IL,01/15/2025,COUNTRY Casualty Insurance Company,19.0 Personal Auto,19.0000 Personal Auto Combinations,6.096%,-0.030%,-2887,2923,9583285,0.000%,-22.200%,rate_change,CFPC-134305682,Filed,,output/pdfs/IL/134305682/filing_summary.pdf,pipeline_only,original,pipeline_extracted_in_validated_window,
IL,09/21/2025,COUNTRY Mutual Insurance Company,19.0 Personal Auto,19.0000 Personal Auto Combinations,-8.862%,-7.527%,-17580965,91400,233570711,2281.100%,-77.500%,rate_change,CFPC-134419708,Filed,,output/pdfs/IL/134419708/filing_summary.pdf,pipeline_only,original,pipeline_extracted_in_validated_window,
IL,09/21/2025,COUNTRY Preferred Insurance Company,19.0 Personal Auto,19.0000 Personal Auto Combinations,-8.862%,-3.115%,-18065176,239502,579868489,2083.300%,-76.000%,rate_change,CFPC-134419708,Filed,,output/pdfs/IL/134419708/filing_summary.pdf,pipeline_only,original,pipeline_extracted_in_validated_window,
IL,09/21/2025,COUNTRY Casualty Insurance Company,19.0 Personal Auto,19.0000 Personal Auto Combinations,-8.862%,-3.925%,-443797,3261,11307246,1285.400%,-69.000%,rate_change,CFPC-134419708,Filed,,output/pdfs/IL/134419708/filing_summary.pdf,pipeline_only,original,pipeline_extracted_in_validated_window,
IL,09/21/2025,COUNTRY Preferred Insurance Company,04.0 Homeowners,04.0000 Homeowners Sub-TOI Combinations,-5.552%,-6.002%,-31657181,280018,527477018,27.500%,-26.800%,rate_change,CFPC-134573798,Filed,,output/pdfs/IL/134573798/filing_summary.pdf,pipeline_only,original,pipeline_extracted_in_validated_window,
IL,12/24/2025,COUNTRY Mutual Insurance Company,19.0 Personal Auto,19.0000 Personal Auto Combinations,-8.202%,-6.067%,-12604932,80507,207762195,4.400%,-11.100%,rate_change,CFPC-134703367,Filed,,output/pdfs/IL/134703367/filing_summary.pdf,pipeline_only,original,pipeline_extracted_in_validated_window,
IL,12/24/2025,COUNTRY Preferred Insurance Company,19.0 Personal Auto,19.0000 Personal Auto Combinations,-8.202%,-6.008%,-31360881,219427,521985373,5.100%,-11.600%,rate_change,CFPC-134703367,Filed,,output/pdfs/IL/134703367/filing_summary.pdf,pipeline_only,original,pipeline_extracted_in_validated_window,
IL,12/24/2025,COUNTRY Casualty Insurance Company,19.0 Personal Auto,19.0000 Personal Auto Combinations,-8.202%,-5.859%,-516357,2205,8813054,1.600%,-10.800%,rate_change,CFPC-134703367,Filed,,output/pdfs/IL/134703367/filing_summary.pdf,pipeline_only,original,pipeline_extracted_in_validated_window,
IL,03/21/2026,COUNTRY Preferred Insurance Company,04.0 Homeowners,04.0000 Homeowners Sub-TOI Combinations,-7.086%,-5.985%,-31569697,249108,527477018,7.600%,-29.300%,rate_change,CFPC-134771746,Filed,,output/pdfs/IL/134771746/filing_summary.pdf,pipeline_only,original,pipeline_extracted_in_validated_window,
IL,09/16/2024,Encompass Home and Auto Insurance Company,19.0 Personal Auto,19.0001 Private Passenger Auto (PPA),0.000%,0.000%,0,0,10753687,0.000%,0.000%,rate_change,ALSE-134144821,Filed,,output/pdfs/IL/134144821/filing_summary.pdf,pipeline_only,extension,pipeline_extracted,
IL,11/12/2024,Encompass Home and Auto Insurance Company,19.0 Personal Auto,19.0001 Private Passenger Auto (PPA),23.000%,23.000%,2550173,3765,11087708,68.800%,2.000%,rate_change,ALSE-134185042,Filed,,output/pdfs/IL/134185042/filing_summary.pdf,pipeline_only,extension,pipeline_extracted,
IL,11/12/2024,Encompass Home and Auto Insurance Company,04.0 Homeowners,04.0000 Homeowners Sub-TOI Combinations,1.300%,1.300%,127336,3668,10106093,47.800%,0.100%,rate_change,ALSE-134188597,Filed,,output/pdfs/IL/134188597/filing_summary.pdf,pipeline_only,extension,pipeline_extracted,
IL,05/13/2024,Encompass Insurance Company,19.0 Personal Auto,19.0001 Private Passenger Auto (PPA),63.500%,15.000%,9972731,8880,66405540,29.900%,7.300%,rate_change,GMMX-134091132,Filed,,output/pdfs/IL/134091132/filing_summary.pdf,pipeline_only,extension,pipeline_extracted,
IL,05/13/2024,Encompass Insurance Company,04.0 Homeowners,04.0003 Owner Occupied Homeowners,0.000%,0.000%,0,23577,36799718,2.420%,-9.450%,rate_change,GMMX-134091221,Filed,,output/pdfs/IL/134091221/filing_summary.pdf,pipeline_only,extension,pipeline_extracted,
IL,11/11/2024,Encompass Insurance Company,19.0 Personal Auto,19.0001 Private Passenger Auto (PPA),40.900%,15.000%,14728576,38068,98123270,33.700%,-8.000%,rate_change,GMMX-134308654,Filed,,output/pdfs/IL/134308654/filing_summary.pdf,pipeline_only,extension,pipeline_extracted,
IL,11/11/2024,Encompass Insurance Company,04.0 Homeowners,04.0003 Owner Occupied Homeowners,23.000%,15.000%,15344195,38904,102090018,25.400%,1.500%,rate_change,GMMX-134308801,Filed,,output/pdfs/IL/134308801/filing_summary.pdf,pipeline_only,extension,pipeline_extracted,
IL,07/21/2025,Encompass Home and Auto Insurance Company,19.0 Personal Auto,19.0001 Private Passenger Auto (PPA),0.000%,0.000%,0,0,9556271,0.000%,0.000%,rate_change,GMMX-134492143,Filed,,output/pdfs/IL/134492143/filing_summary.pdf,pipeline_only,original,pipeline_extracted_in_validated_window,
IL,05/12/2025,Encompass Insurance Company,19.0 Personal Auto,19.0001 Private Passenger Auto (PPA),18.400%,9.900%,10697746,38355,108058043,73.700%,0.500%,rate_change,GMMX-134517330,Filed,,output/pdfs/IL/134517330/filing_summary.pdf,pipeline_only,original,pipeline_extracted_in_validated_window,
IL,05/12/2025,Encompass Insurance Company,04.0 Homeowners,04.0003 Owner Occupied Homeowners,0.000%,0.000%,0,35878,90225448,13.000%,-2.200%,rate_change,GMMX-134517397,Filed,,output/pdfs/IL/134517397/filing_summary.pdf,pipeline_only,original,pipeline_extracted_in_validated_window,
IL,11/12/2025,Encompass Home and Auto Insurance Company,19.0 Personal Auto,19.0001 Private Passenger Auto (PPA),19.600%,12.500%,1253924,2731,10031393,38.400%,-0.800%,rate_change,GMMX-134636350,Filed,,output/pdfs/IL/134636350/filing_summary.pdf,pipeline_only,original,pipeline_extracted_in_validated_window,
IL,12/15/2025,Encompass Insurance Company,19.0 Personal Auto,19.0001 Private Passenger Auto (PPA),0.000%,-3.100%,-3312782,35190,107175898,20.000%,-20.000%,rate_change,GMMX-134677472,Filed,,output/pdfs/IL/134677472/filing_summary.pdf,pipeline_only,original,pipeline_extracted_in_validated_window,
IL,12/15/2025,Encompass Insurance Company,04.0 Homeowners,04.0000 Homeowners Sub-TOI Combinations,0.000%,-3.000%,-2654827,47943,87617060,20.000%,-20.000%,rate_change,GMMX-134677494,Filed,,output/pdfs/IL/134677494/filing_summary.pdf,pipeline_only,original,pipeline_extracted_in_validated_window,
IL,02/16/2026,Encompass Insurance Company,19.0 Personal Auto,19.0001 Private Passenger Auto (PPA),0.000%,0.000%,0,35190,103863116,0.000%,0.000%,rate_change,GMMX-134844950,Filed,,output/pdfs/IL/134844950/filing_summary.pdf,pipeline_only,original,pipeline_extracted_in_validated_window,
IL,03/16/2026,Encompass Insurance Company,19.0 Personal Auto,19.0001 Private Passenger Auto (PPA),0.000%,0.000%,0,35190,103716369,2.000%,-5.000%,rate_change,GMMX-134868948,Filed,,output/pdfs/IL/134868948/filing_summary.pdf,pipeline_only,original,pipeline_extracted_in_validated_window,
IL,03/16/2026,Encompass Insurance Company,04.0 Homeowners,04.0003 Owner Occupied Homeowners,0.000%,0.000%,0,34297,82077948,5.000%,-5.000%,rate_change,GMMX-134869060,Filed,,output/pdfs/IL/134869060/filing_summary.pdf,pipeline_only,original,pipeline_extracted_in_validated_window,
IL,04/20/2024,Farmers Direct Property and Casualty Insurance Company,04.0 Homeowners,04.0000 Homeowners Sub-TOI Combinations,40.500%,25.000%,11093863,22317,44375453,25.000%,25.000%,rate_change,FAIG-134054936,Filed,,output/pdfs/IL/134054936/filing_summary.pdf,pipeline_only,extension,pipeline_extracted,
IL,05/12/2024,Farmers Group Property and Casualty Insurance Company,04.0 Homeowners,04.0000 Homeowners Sub-TOI Combinations,29.900%,12.100%,1425469,5362,11828837,19.000%,11.000%,rate_change,FAIG-134091376,Filed,,output/pdfs/IL/134091376/filing_summary.pdf,pipeline_only,extension,pipeline_extracted,
IL,06/01/2024,Farmers Property and Casualty Insurance Company,04.0 Homeowners,04.0000 Homeowners Sub-TOI Combinations,33.200%,8.000%,118783,695,1484788,10.000%,0.000%,rate_change,FAIG-134110930,Filed,,output/pdfs/IL/134110930/filing_summary.pdf,pipeline_only,extension,pipeline_extracted,
IL,06/01/2024,Farmers Casualty Insurance Company,04.0 Homeowners,04.0000 Homeowners Sub-TOI Combinations,19.000%,12.000%,2939259,10820,24493827,15.000%,0.000%,rate_change,FAIG-134110930,Filed,,output/pdfs/IL/134110930/filing_summary.pdf,pipeline_only,extension,pipeline_extracted,
IL,08/01/2024,Farmers Group Property and Casualty Insurance Company,19.0 Personal Auto,19.0001 Private Passenger Auto (PPA),0.000%,0.000%,0,7179,21962310,-8.400%,8.000%,rate_change,FAIG-134172100,Filed,,output/pdfs/IL/134172100/filing_summary.pdf,pipeline_only,extension,pipeline_extracted,
IL,07/31/2024,Farmers Direct Property and Casualty Insurance Company,04.0 Homeowners,04.0000 Homeowners Sub-TOI Combinations,36.100%,3.000%,1331264,14785,44375453,9.100%,-2.300%,rate_change,FAIG-134176542,Filed,,output/pdfs/IL/134176542/filing_summary.pdf,pipeline_only,extension,pipeline_extracted,
IL,10/04/2024,Farmers Direct Property and Casualty Insurance Company,04.0 Homeowners,04.0000 Homeowners Sub-TOI Combinations,8.500%,-25.000%,-12750642,18943,51002568,-25.000%,-25.000%,rate_change,FAIG-134257466,Filed,,output/pdfs/IL/134257466/filing_summary.pdf,pipeline_only,extension,pipeline_extracted,
IL,10/04/2024,Farmers Casualty Insurance Company,04.0 Homeowners,04.0000 Homeowners Sub-TOI Combinations,-9.200%,-12.000%,-3599056,9535,29992136,0.000%,-15.000%,rate_change,FAIG-134257567,Filed,,output/pdfs/IL/134257567/filing_summary.pdf,pipeline_only,extension,pipeline_extracted,
IL,02/18/2025,Farmers Direct Property and Casualty Insurance Company,04.0 Homeowners,04.0000 Homeowners Sub-TOI Combinations,29.200%,12.600%,6068271,14176,48160884,36.400%,-48.600%,rate_change,FAIG-134415971,Filed,,output/pdfs/IL/134415971/filing_summary.pdf,pipeline_only,original,pipeline_extracted_in_validated_window,
IL,05/19/2025,Farmers Direct Property and Casualty Insurance Company,04.0 Homeowners,04.0000 Homeowners Sub-TOI Combinations,13.400%,0.300%,126412,12154,45226382,20.000%,-15.900%,rate_change,FAIG-134536261,Filed,,output/pdfs/IL/134536261/filing_summary.pdf,pipeline_only,original,pipeline_extracted_in_validated_window,
IL,07/21/2025,Farmers Property and Casualty Insurance Company,19.0 Personal Auto,19.0001 Private Passenger Auto (PPA),-9.700%,0.100%,319,154,319477,0.400%,0.000%,rate_change,FAIG-134616451,Filed,,output/pdfs/IL/134616451/filing_summary.pdf,pipeline_only,original,pipeline_extracted_in_validated_window,
IL,07/21/2025,Farmers Group Property and Casualty Insurance Company,19.0 Personal Auto,19.0001 Private Passenger Auto (PPA),0.000%,0.000%,0,5266,17358809,0.000%,0.000%,rate_change,FAIG-134616511,Filed,,output/pdfs/IL/134616511/filing_summary.pdf,pipeline_only,original,pipeline_extracted_in_validated_window,
IL,07/21/2025,Farmers Casualty Insurance Company,19.0 Personal Auto,19.0001 Private Passenger Auto (PPA),0.000%,0.200%,11186,1853,5593093,0.400%,0.000%,rate_change,FAIG-134616576,Filed,,output/pdfs/IL/134616576/filing_summary.pdf,pipeline_only,original,pipeline_extracted_in_validated_window,
IL,12/05/2025,Farmers Direct Property and Casualty Insurance Company,04.0 Homeowners,04.0000 Homeowners Sub-TOI Combinations,4.900%,1.800%,779172,12141,42770869,15.100%,-14.300%,rate_change,FAIG-134770145,Filed,,output/pdfs/IL/134770145/filing_summary.pdf,pipeline_only,original,pipeline_extracted_in_validated_window,
IL,01/13/2024,Farmers New Century Insurance Company,04.0 Homeowners,04.0000 Homeowners Sub-TOI Combinations,0.000%,0.000%,0,14653,22320721,0.000%,0.000%,rate_change,FARM-133938440,Filed,,output/pdfs/IL/133938440/filing_summary.pdf,pipeline_only,extension,pipeline_extracted,
IL,01/19/2024,Farmers New Century Insurance Company,04.0 Homeowners,04.0000 Homeowners Sub-TOI Combinations,0.000%,0.000%,0,16962,27205000,0.000%,0.000%,rate_change,FARM-133963687,Filed,,output/pdfs/IL/133963687/filing_summary.pdf,pipeline_only,extension,pipeline_extracted,
IL,03/23/2024,Farmers New Century Insurance Company,19.0 Personal Auto,19.0001 Private Passenger Auto (PPA),11.700%,0.000%,3408,10364,25298123,73.600%,-24.300%,rate_change,FARM-134025610,Filed,,output/pdfs/IL/134025610/filing_summary.pdf,pipeline_only,extension,pipeline_extracted,
IL,07/28/2024,Farmers New Century Insurance Company,19.0 Personal Auto,19.0001 Private Passenger Auto (PPA),7.000%,-0.200%,-61074,13059,28472170,20.500%,-30.000%,rate_change,FARM-134182990,Filed,,output/pdfs/IL/134182990/filing_summary.pdf,pipeline_only,extension,pipeline_extracted,
IL,08/12/2024,Farmers New Century Insurance Company,04.0 Homeowners,04.0000 Homeowners Sub-TOI Combinations,25.100%,10.200%,2861000,30154,28078000,40.200%,-23.200%,rate_change,FARM-134193746,Filed,,output/pdfs/IL/134193746/filing_summary.pdf,pipeline_only,extension,pipeline_extracted,
IL,08/12/2024,Farmers Insurance Exchange,04.0 Homeowners,04.0000 Homeowners Sub-TOI Combinations,25.100%,3.900%,5524000,52992,142014000,65.400%,-35.800%,rate_change,FARM-134193746,Filed,,output/pdfs/IL/134193746/filing_summary.pdf,pipeline_only,extension,pipeline_extracted,
IL,08/12/2024,Illinois Farmers Insurance Company,04.0 Homeowners,04.0000 Homeowners Sub-TOI Combinations,25.100%,9.000%,2709000,20090,30102000,9.000%,2.700%,rate_change,FARM-134193746,Filed,,output/pdfs/IL/134193746/filing_summary.pdf,pipeline_only,extension,pipeline_extracted,
IL,12/10/2024,Farmers New Century Insurance Company,04.0 Homeowners,04.0000 Homeowners Sub-TOI Combinations,0.000%,0.000%,0,22220,42398000,0.000%,0.000%,rate_change,FARM-134340466,Filed,,output/pdfs/IL/134340466/filing_summary.pdf,pipeline_only,extension,pipeline_extracted,
IL,01/13/2025,Farmers New Century Insurance Company,04.0 Homeowners,04.0000 Homeowners Sub-TOI Combinations,0.000%,0.000%,0,46569,131708000,0.000%,0.000%,rate_change,FARM-134346035,Filed,,output/pdfs/IL/134346035/filing_summary.pdf,pipeline_only,original,pipeline_extracted_in_validated_window,
IL,01/13/2025,Farmers Insurance Exchange,04.0 Homeowners,04.0000 Homeowners Sub-TOI Combinations,0.000%,0.000%,0,22220,42398000,0.000%,0.000%,rate_change,FARM-134346035,Filed,,output/pdfs/IL/134346035/filing_summary.pdf,pipeline_only,original,pipeline_extracted_in_validated_window,
IL,01/19/2025,Farmers New Century Insurance Company,19.0 Personal Auto,19.0001 Private Passenger Auto (PPA),3.100%,0.200%,79696,15133,32780390,20.100%,-3.300%,rate_change,FARM-134349096,Filed,,output/pdfs/IL/134349096/filing_summary.pdf,pipeline_only,original,pipeline_extracted_in_validated_window,
IL,03/17/2025,Farmers New Century Insurance Company,19.0 Personal Auto,19.0001 Private Passenger Auto (PPA),-1.300%,0.000%,5450,16838,32780390,148.000%,-56.900%,rate_change,FARM-134434509,Filed,,output/pdfs/IL/134434509/filing_summary.pdf,pipeline_only,original,pipeline_extracted_in_validated_window,
IL,03/17/2025,Farmers New Century Insurance Company,04.0 Homeowners,04.0000 Homeowners Sub-TOI Combinations,0.000%,0.000%,0,23339,45074000,0.000%,0.000%,rate_change,FARM-134436845,Filed,,output/pdfs/IL/134436845/filing_summary.pdf,pipeline_only,original,pipeline_extracted_in_validated_window,
IL,04/07/2025,Farmers New Century Insurance Company,04.0 Homeowners,04.0000 Homeowners Sub-TOI Combinations,17.400%,-0.700%,-293000,23339,45074000,9.400%,-18.900%,rate_change,FARM-134470833,Filed,,output/pdfs/IL/134470833/filing_summary.pdf,pipeline_only,original,pipeline_extracted_in_validated_window,
IL,07/20/2025,Farmers New Century Insurance Company,19.0 Personal Auto,19.0001 Private Passenger Auto (PPA),4.600%,0.000%,16172,19637,38892245,118.500%,-41.300%,rate_change,FARM-134577032,Filed,,output/pdfs/IL/134577032/filing_summary.pdf,pipeline_only,original,pipeline_extracted_in_validated_window,
IL,07/20/2025,Truck Insurance Exchange,19.0 Personal Auto,19.0001 Private Passenger Auto (PPA),4.600%,4.000%,1078325,8341,26661759,13.100%,0.000%,rate_change,FARM-134577032,Filed,,output/pdfs/IL/134577032/filing_summary.pdf,pipeline_only,original,pipeline_extracted_in_validated_window,
IL,07/20/2025,Illinois Farmers Insurance Company,19.0 Personal Auto,19.0001 Private Passenger Auto (PPA),4.600%,4.000%,5228521,44932,129660687,14.200%,-0.500%,rate_change,FARM-134577032,Filed,,output/pdfs/IL/134577032/filing_summary.pdf,pipeline_only,original,pipeline_extracted_in_validated_window,
IL,08/11/2025,Farmers New Century Insurance Company,04.0 Homeowners,04.0000 Homeowners Sub-TOI Combinations,19.300%,0.500%,262000,37677,48210000,5.000%,0.000%,rate_change,FARM-134602571,Filed,,output/pdfs/IL/134602571/filing_summary.pdf,pipeline_only,original,pipeline_extracted_in_validated_window,
IL,08/11/2025,Farmers Insurance Exchange,04.0 Homeowners,04.0000 Homeowners Sub-TOI Combinations,19.300%,5.200%,6755000,43019,129861000,19.900%,-13.700%,rate_change,FARM-134602571,Filed,,output/pdfs/IL/134602571/filing_summary.pdf,pipeline_only,original,pipeline_extracted_in_validated_window,
IL,08/11/2025,Illinois Farmers Insurance Company,04.0 Homeowners,04.0000 Homeowners Sub-TOI Combinations,19.300%,4.100%,1278000,16664,30862000,6.100%,0.600%,rate_change,FARM-134602571,Filed,,output/pdfs/IL/134602571/filing_summary.pdf,pipeline_only,original,pipeline_extracted_in_validated_window,
IL,10/13/2025,Farmers New Century Insurance Company,19.0 Personal Auto,19.0001 Private Passenger Auto (PPA),0.900%,0.800%,323710,19637,38892245,14.200%,-7.200%,rate_change,FARM-134658067,Filed,,output/pdfs/IL/134658067/filing_summary.pdf,pipeline_only,original,pipeline_extracted_in_validated_window,
IL,01/18/2026,Farmers New Century Insurance Company,19.0 Personal Auto,19.0001 Private Passenger Auto (PPA),3.100%,0.000%,0,19637,38892245,0.000%,0.000%,rate_change,FARM-134792823,Filed,,output/pdfs/IL/134792823/filing_summary.pdf,pipeline_only,original,pipeline_extracted_in_validated_window,
IL,01/18/2026,Illinois Farmers Insurance Company,19.0 Personal Auto,19.0001 Private Passenger Auto (PPA),3.100%,3.000%,3389964,37451,113228814,14.200%,-0.400%,rate_change,FARM-134792823,Filed,,output/pdfs/IL/134792823/filing_summary.pdf,pipeline_only,original,pipeline_extracted_in_validated_window,
IL,01/18/2026,Truck Insurance Exchange,19.0 Personal Auto,19.0001 Private Passenger Auto (PPA),3.100%,3.000%,664397,6661,21939257,14.100%,-0.100%,rate_change,FARM-134792823,Filed,,output/pdfs/IL/134792823/filing_summary.pdf,pipeline_only,original,pipeline_extracted_in_validated_window,
IL,04/05/2026,Farmers Insurance Exchange,04.0 Homeowners,04.0000 Homeowners Sub-TOI Combinations,14.600%,0.000%,0,37770,120246002,0.000%,0.000%,rate_change,FARM-134860350,Filed,,output/pdfs/IL/134860350/filing_summary.pdf,pipeline_only,original,pipeline_extracted_in_validated_window,
IL,04/05/2026,Farmers New Century Insurance Company,04.0 Homeowners,04.0000 Homeowners Sub-TOI Combinations,14.600%,5.200%,3201904,50406,61126899,10.900%,-12.400%,rate_change,FARM-134860350,Filed,,output/pdfs/IL/134860350/filing_summary.pdf,pipeline_only,original,pipeline_extracted_in_validated_window,
IL,04/05/2026,Illinois Farmers Insurance Company,04.0 Homeowners,04.0000 Homeowners Sub-TOI Combinations,14.600%,0.000%,0,9745,29074421,0.000%,0.000%,rate_change,FARM-134860350,Filed,,output/pdfs/IL/134860350/filing_summary.pdf,pipeline_only,original,pipeline_extracted_in_validated_window,
IL,01/18/2024,GEICO Indemnity Company,19.0 Personal Auto,19.0001 Private Passenger Auto (PPA),0.000%,0.000%,0,1148,3720246,33.000%,-12.400%,rate_change,GECC-133927141,Filed,,output/pdfs/IL/133927141/filing_summary.pdf,pipeline_only,extension,pipeline_extracted,
IL,01/18/2024,GEICO Casualty Company,19.0 Personal Auto,19.0001 Private Passenger Auto (PPA),0.000%,0.000%,0,147888,314205585,118.000%,-27.300%,rate_change,GECC-133927141,Filed,,output/pdfs/IL/133927141/filing_summary.pdf,pipeline_only,extension,pipeline_extracted,
IL,01/18/2024,GEICO General Insurance Company,19.0 Personal Auto,19.0001 Private Passenger Auto (PPA),0.000%,0.000%,0,20992,40649803,95.000%,-21.800%,rate_change,GECC-133927141,Filed,,output/pdfs/IL/133927141/filing_summary.pdf,pipeline_only,extension,pipeline_extracted,
IL,01/18/2024,Government Employees Insurance Company,19.0 Personal Auto,19.0001 Private Passenger Auto (PPA),0.000%,0.000%,0,9910,22703487,119.800%,-28.000%,rate_change,GECC-133927141,Filed,,output/pdfs/IL/133927141/filing_summary.pdf,pipeline_only,extension,pipeline_extracted,
IL,01/18/2024,GEICO Secure Insurance Company,19.0 Personal Auto,19.0001 Private Passenger Auto (PPA),0.000%,0.000%,0,109214,224011392,114.400%,-55.400%,rate_change,GECC-133927141,Filed,,output/pdfs/IL/133927141/filing_summary.pdf,pipeline_only,extension,pipeline_extracted,
IL,04/11/2024,GEICO Secure Insurance Company,19.0 Personal Auto,19.0001 Private Passenger Auto (PPA),0.000%,-4.900%,-11438865,106087,233446217,0.000%,-7.300%,rate_change,GECC-134020064,Filed,,output/pdfs/IL/134020064/filing_summary.pdf,pipeline_only,extension,pipeline_extracted,
IL,04/11/2024,GEICO Choice Insurance Company,19.0 Personal Auto,19.0001 Private Passenger Auto (PPA),0.000%,-5.800%,-1703982,16546,29379004,4.500%,-38.700%,rate_change,GECC-134025121,Filed,,output/pdfs/IL/134025121/filing_summary.pdf,pipeline_only,extension,pipeline_extracted,
IL,08/22/2024,GEICO Choice Insurance Company,19.0 Personal Auto,19.0001 Private Passenger Auto (PPA),0.000%,0.000%,0,18030,29379004,10.900%,-3.600%,rate_change,GECC-134142450,Filed,,output/pdfs/IL/134142450/filing_summary.pdf,pipeline_only,extension,pipeline_extracted,
IL,09/05/2024,GEICO Choice Insurance Company,19.0 Personal Auto,19.0001 Private Passenger Auto (PPA),0.000%,0.000%,0,18249,36677778,54.900%,-32.900%,rate_change,GECC-134186148,Filed,,output/pdfs/IL/134186148/filing_summary.pdf,pipeline_only,extension,pipeline_extracted,
IL,09/06/2024,GEICO Secure Insurance Company,19.0 Personal Auto,19.0001 Private Passenger Auto (PPA),0.000%,0.000%,0,0,233446217,0.000%,0.000%,rate_change,GECC-134206014,Filed,,output/pdfs/IL/134206014/filing_summary.pdf,pipeline_only,extension,pipeline_extracted,
IL,04/11/2024,GEICO Secure Insurance Company,19.0 Personal Auto,19.0001 Private Passenger Auto (PPA),0.000%,0.000%,0,0,233446217,0.000%,0.000%,rate_change_withdrawn,GECC-134206300,Withdrawn,,output/pdfs/IL/134206300/filing_summary.pdf,pipeline_only,extension,pipeline_extracted,
IL,10/03/2024,GEICO Marine Insurance Company,19.0 Personal Auto,19.0001 Private Passenger Auto (PPA),0.000%,-2.100%,-15165,544,722150,4.900%,-6.900%,rate_change,GECC-134269339,Filed,,output/pdfs/IL/134269339/filing_summary.pdf,pipeline_only,extension,pipeline_extracted,
IL,01/13/2025,GEICO Indemnity Company,19.0 Personal Auto,19.0002 Motorcycle,0.300%,0.100%,8415,21293,8415122,239.100%,-78.300%,rate_change,GECC-134312488,Filed,,output/pdfs/IL/134312488/filing_summary.pdf,pipeline_only,original,pipeline_extracted_in_validated_window,
IL,02/27/2025,GEICO Casualty Company,19.0 Personal Auto,19.0001 Private Passenger Auto (PPA),0.000%,0.000%,0,3955,272999758,0.000%,-23.000%,rate_change,GECC-134392069,Filed,,output/pdfs/IL/134392069/filing_summary.pdf,pipeline_only,original,pipeline_extracted_in_validated_window,
IL,02/27/2025,GEICO General Insurance Company,19.0 Personal Auto,19.0001 Private Passenger Auto (PPA),0.000%,0.000%,0,520,37944919,0.000%,-53.500%,rate_change,GECC-134392069,Filed,,output/pdfs/IL/134392069/filing_summary.pdf,pipeline_only,original,pipeline_extracted_in_validated_window,
IL,02/27/2025,Government Employees Insurance Company,19.0 Personal Auto,19.0001 Private Passenger Auto (PPA),0.000%,0.000%,0,289,27199475,0.000%,-46.800%,rate_change,GECC-134392069,Filed,,output/pdfs/IL/134392069/filing_summary.pdf,pipeline_only,original,pipeline_extracted_in_validated_window,
IL,04/28/2025,GEICO Indemnity Company,19.0 Personal Auto,19.0001 Private Passenger Auto (PPA),0.000%,0.000%,0,17527,33520570,10.000%,-10.000%,rate_change,GECC-134508185,Filed,,output/pdfs/IL/134508185/filing_summary.pdf,pipeline_only,original,pipeline_extracted_in_validated_window,
IL,04/28/2025,GEICO Marine Insurance Company,19.0 Personal Auto,19.0001 Private Passenger Auto (PPA),0.000%,0.000%,0,3740,8834216,10.000%,-10.000%,rate_change,GECC-134508185,Filed,,output/pdfs/IL/134508185/filing_summary.pdf,pipeline_only,original,pipeline_extracted_in_validated_window,
IL,07/17/2025,GEICO Indemnity Company,19.0 Personal Auto,19.0001 Private Passenger Auto (PPA),0.000%,0.000%,0,0,51500093,0.000%,0.000%,rate_change,GECC-134608783,Filed,,output/pdfs/IL/134608783/filing_summary.pdf,pipeline_only,original,pipeline_extracted_in_validated_window,
IL,07/17/2025,GEICO Marine Insurance Company,19.0 Personal Auto,19.0001 Private Passenger Auto (PPA),0.000%,0.000%,0,0,12862414,0.000%,0.000%,rate_change,GECC-134608783,Filed,,output/pdfs/IL/134608783/filing_summary.pdf,pipeline_only,original,pipeline_extracted_in_validated_window,
IL,11/04/2025,GEICO Indemnity Company,19.0 Personal Auto,19.0001 Private Passenger Auto (PPA),0.000%,0.000%,0,75159,106007916,14.500%,-12.400%,rate_change,GECC-134728379,Filed,,output/pdfs/IL/134728379/filing_summary.pdf,pipeline_only,original,pipeline_extracted_in_validated_window,
IL,11/04/2025,GEICO Marine Insurance Company,19.0 Personal Auto,19.0001 Private Passenger Auto (PPA),0.000%,0.000%,0,10081,20453708,14.300%,-7.900%,rate_change,GECC-134728379,Filed,,output/pdfs/IL/134728379/filing_summary.pdf,pipeline_only,original,pipeline_extracted_in_validated_window,
IL,04/03/2026,GEICO Indemnity Company,19.0 Personal Auto,19.0001 Private Passenger Auto (PPA),3.000%,3.000%,4232304,99798,141076816,21.600%,-7.300%,rate_change,GECC-134888662,Filed,,output/pdfs/IL/134888662/filing_summary.pdf,pipeline_only,original,pipeline_extracted_in_validated_window,
IL,04/03/2026,GEICO Marine Insurance Company,19.0 Personal Auto,19.0001 Private Passenger Auto (PPA),-10.200%,-10.200%,-2601245,12754,25502397,3.500%,-22.500%,rate_change,GECC-134888662,Filed,,output/pdfs/IL/134888662/filing_summary.pdf,pipeline_only,original,pipeline_extracted_in_validated_window,
IL,04/25/2024,Liberty Insurance Corporation,04.0 Homeowners,04.0000 Homeowners Sub-TOI Combinations,23.900%,10.700%,739527,10754,6887372,22.800%,1.200%,rate_change,LBPM-134031820,Filed,,output/pdfs/IL/134031820/filing_summary.pdf,pipeline_only,extension,pipeline_extracted,
IL,04/25/2024,Liberty Mutual Insurance Company,04.0 Homeowners,04.0000 Homeowners Sub-TOI Combinations,23.900%,0.000%,0,0,0,0.000%,0.000%,rate_change,LBPM-134031820,Filed,,output/pdfs/IL/134031820/filing_summary.pdf,pipeline_only,extension,pipeline_extracted,
IL,04/25/2024,Liberty Mutual Personal Insurance Company,04.0 Homeowners,04.0000 Homeowners Sub-TOI Combinations,23.900%,21.950%,1384808,50288,6308700,26.200%,0.000%,rate_change,LBPM-134031820,Filed,,output/pdfs/IL/134031820/filing_summary.pdf,pipeline_only,extension,pipeline_extracted,
IL,06/29/2024,Liberty Mutual Fire Insurance Company,04.0 Homeowners,04.0000 Homeowners Sub-TOI Combinations,23.900%,11.700%,138378,1133,1184226,23.100%,4.500%,rate_change,LBPM-134031975,Filed,,output/pdfs/IL/134031975/filing_summary.pdf,pipeline_only,extension,pipeline_extracted,
IL,04/25/2024,Liberty Mutual Insurance Company,04.0 Homeowners,04.0000 Homeowners Sub-TOI Combinations,23.900%,17.160%,305342,712,1778912,17.600%,12.600%,rate_change_withdrawn,LBPM-134032141,Withdrawn,,output/pdfs/IL/134032141/filing_summary.pdf,pipeline_only,extension,pipeline_extracted,
IL,04/20/2024,Liberty Mutual Insurance Company,19.0 Personal Auto,19.0000 Personal Auto Combinations,0.000%,0.000%,0,38262,115498694,0.000%,0.000%,rate_change,LBPM-134058055,Filed,,output/pdfs/IL/134058055/filing_summary.pdf,pipeline_only,extension,pipeline_extracted,
IL,04/20/2024,Liberty Mutual Personal Insurance Company,19.0 Personal Auto,19.0000 Personal Auto Combinations,0.000%,0.000%,0,289,859070,0.000%,0.000%,rate_change,LBPM-134058055,Filed,,output/pdfs/IL/134058055/filing_summary.pdf,pipeline_only,extension,pipeline_extracted,
IL,06/06/2024,Liberty Mutual Insurance Company,19.0 Personal Auto,19.0000 Personal Auto Combinations,0.000%,0.000%,0,204,425803,0.000%,0.000%,rate_change,LBPM-134123826,Filed,,output/pdfs/IL/134123826/filing_summary.pdf,pipeline_only,extension,pipeline_extracted,
IL,06/06/2024,Liberty Mutual Personal Insurance Company,19.0 Personal Auto,19.0000 Personal Auto Combinations,0.000%,0.000%,0,37695,99196142,0.000%,0.000%,rate_change,LBPM-134123826,Filed,,output/pdfs/IL/134123826/filing_summary.pdf,pipeline_only,extension,pipeline_extracted,
IL,08/01/2024,Liberty Mutual Insurance Company,19.0 Personal Auto,19.0000 Personal Auto Combinations,-4.700%,-5.800%,-25631,162,439158,-2.000%,-8.000%,rate_change,LBPM-134165516,Filed,,output/pdfs/IL/134165516/filing_summary.pdf,pipeline_only,extension,pipeline_extracted,
IL,08/01/2024,Liberty Mutual Personal Insurance Company,19.0 Personal Auto,19.0000 Personal Auto Combinations,-4.700%,-5.800%,-5529053,34230,94735156,-1.000%,-8.000%,rate_change,LBPM-134165516,Filed,,output/pdfs/IL/134165516/filing_summary.pdf,pipeline_only,extension,pipeline_extracted,
IL,09/05/2024,Liberty Insurance Corporation,19.0 Personal Auto,19.0000 Personal Auto Combinations,-4.700%,-10.000%,-2709,5,27098,-4.000%,-14.000%,rate_change,LBPM-134166767,Filed,,output/pdfs/IL/134166767/filing_summary.pdf,pipeline_only,extension,pipeline_extracted,
IL,09/05/2024,Liberty Mutual Fire Insurance Company,19.0 Personal Auto,19.0000 Personal Auto Combinations,-4.700%,-10.000%,-406128,748,4061284,-3.000%,-14.000%,rate_change,LBPM-134166767,Filed,,output/pdfs/IL/134166767/filing_summary.pdf,pipeline_only,extension,pipeline_extracted,
IL,09/05/2024,The First Liberty Insurance Corporation,19.0 Personal Auto,19.0000 Personal Auto Combinations,-4.700%,-10.000%,-13013,22,130127,-3.000%,-13.000%,rate_change,LBPM-134166767,Filed,,output/pdfs/IL/134166767/filing_summary.pdf,pipeline_only,extension,pipeline_extracted,
IL,09/24/2024,Liberty Mutual Insurance Company,19.0 Personal Auto,19.0000 Personal Auto Combinations,0.000%,0.000%,0,137,374015,0.000%,0.000%,rate_change,LBPM-134255456,Filed,,output/pdfs/IL/134255456/filing_summary.pdf,pipeline_only,extension,pipeline_extracted,
IL,09/24/2024,Liberty Mutual Personal Insurance Company,19.0 Personal Auto,19.0000 Personal Auto Combinations,0.000%,0.000%,0,31436,88177028,0.000%,0.000%,rate_change,LBPM-134255456,Filed,,output/pdfs/IL/134255456/filing_summary.pdf,pipeline_only,extension,pipeline_extracted,
IL,01/16/2025,Liberty Mutual Insurance Company,04.0 Homeowners,04.0000 Homeowners Sub-TOI Combinations,0.000%,0.000%,0,0,0,0.000%,0.000%,rate_change,LBPM-134367956,Filed,,output/pdfs/IL/134367956/filing_summary.pdf,pipeline_only,original,pipeline_extracted_in_validated_window,
IL,03/19/2025,Liberty Mutual Insurance Company,19.0 Personal Auto,19.0000 Personal Auto Combinations,0.000%,0.000%,0,146,302380,0.000%,0.000%,rate_change,LBPM-134421442,Filed,,output/pdfs/IL/134421442/filing_summary.pdf,pipeline_only,original,pipeline_extracted_in_validated_window,
IL,03/19/2025,Liberty Mutual Personal Insurance Company,19.0 Personal Auto,19.0000 Personal Auto Combinations,0.000%,0.000%,0,46927,79025958,0.000%,0.000%,rate_change,LBPM-134421442,Filed,,output/pdfs/IL/134421442/filing_summary.pdf,pipeline_only,original,pipeline_extracted_in_validated_window,
IL,05/17/2025,Liberty Mutual Insurance Company,04.0 Homeowners,04.0000 Homeowners Sub-TOI Combinations,0.000%,0.000%,0,701,576099,0.000%,0.000%,rate_change,LBPM-134485644,Filed,,output/pdfs/IL/134485644/filing_summary.pdf,pipeline_only,original,pipeline_extracted_in_validated_window,
IL,06/29/2025,Liberty Mutual Fire Insurance Company,04.0 Homeowners,04.0000 Homeowners Sub-TOI Combinations,28.300%,6.300%,70344,957,1120878,10.100%,2.900%,rate_change,LBPM-134489169,Filed,,output/pdfs/IL/134489169/filing_summary.pdf,pipeline_only,original,pipeline_extracted_in_validated_window,
IL,04/25/2025,Liberty Mutual Insurance Company,04.0 Homeowners,04.0000 Homeowners Sub-TOI Combinations,28.300%,9.900%,25,1,253,9.900%,9.900%,rate_change,LBPM-134491856,Filed,,output/pdfs/IL/134491856/filing_summary.pdf,pipeline_only,original,pipeline_extracted_in_validated_window,
IL,04/25/2025,Liberty Mutual Personal Insurance Company,04.0 Homeowners,04.0000 Homeowners Sub-TOI Combinations,28.300%,9.700%,587695,41828,6077290,11.900%,0.000%,rate_change,LBPM-134491856,Filed,,output/pdfs/IL/134491856/filing_summary.pdf,pipeline_only,original,pipeline_extracted_in_validated_window,
IL,06/15/2025,Liberty Mutual Insurance Company,19.0 Personal Auto,19.0000 Personal Auto Combinations,0.800%,0.200%,745,103,303567,18.200%,-36.900%,rate_change,LBPM-134538110,Filed,,output/pdfs/IL/134538110/filing_summary.pdf,pipeline_only,original,pipeline_extracted_in_validated_window,
IL,06/15/2025,Liberty Mutual Personal Insurance Company,19.0 Personal Auto,19.0000 Personal Auto Combinations,0.800%,-0.100%,-111879,27617,79381884,90.700%,-84.200%,rate_change,LBPM-134538110,Filed,,output/pdfs/IL/134538110/filing_summary.pdf,pipeline_only,original,pipeline_extracted_in_validated_window,
IL,07/03/2025,Liberty Mutual Insurance Company,19.0 Personal Auto,19.0000 Personal Auto Combinations,0.000%,0.000%,-13,103,304312,0.000%,-0.100%,rate_change,LBPM-134586350,Filed,,output/pdfs/IL/134586350/filing_summary.pdf,pipeline_only,original,pipeline_extracted_in_validated_window,
IL,07/03/2025,Liberty Mutual Personal Insurance Company,19.0 Personal Auto,19.0000 Personal Auto Combinations,0.000%,0.000%,-2594,27617,79270005,0.000%,-0.400%,rate_change,LBPM-134586350,Filed,,output/pdfs/IL/134586350/filing_summary.pdf,pipeline_only,original,pipeline_extracted_in_validated_window,
IL,11/17/2025,Liberty Mutual Insurance Company,04.0 Homeowners,04.0000 Homeowners Sub-TOI Combinations,0.000%,0.000%,0,795,200931,0.000%,0.000%,rate_change,LBPM-134654453,Filed,,output/pdfs/IL/134654453/filing_summary.pdf,pipeline_only,original,pipeline_extracted_in_validated_window,
IL,11/17/2025,Liberty Mutual Insurance Company,19.0 Personal Auto,19.0000 Personal Auto Combinations,0.000%,0.000%,0,103,304312,0.000%,0.000%,rate_change,LBPM-134662340,Filed,,output/pdfs/IL/134662340/filing_summary.pdf,pipeline_only,original,pipeline_extracted_in_validated_window,
IL,11/17/2025,Liberty Mutual Personal Insurance Company,19.0 Personal Auto,19.0000 Personal Auto Combinations,0.000%,0.000%,0,27617,79270005,0.000%,0.000%,rate_change,LBPM-134662340,Filed,,output/pdfs/IL/134662340/filing_summary.pdf,pipeline_only,original,pipeline_extracted_in_validated_window,
IL,11/17/2025,Safeco Insurance Company of Oregon,19.0 Personal Auto,19.0000 Personal Auto Combinations,0.000%,0.000%,0,9063,38528032,0.000%,0.000%,rate_change,LBPM-134662340,Filed,,output/pdfs/IL/134662340/filing_summary.pdf,pipeline_only,original,pipeline_extracted_in_validated_window,
IL,09/11/2025,Liberty Mutual Insurance Company,19.0 Personal Auto,19.0000 Personal Auto Combinations,-3.000%,-0.500%,-1030,80,227986,12.090%,-9.800%,rate_change,LBPM-134665401,Filed,,output/pdfs/IL/134665401/filing_summary.pdf,pipeline_only,original,pipeline_extracted_in_validated_window,
IL,09/11/2025,Liberty Mutual Personal Insurance Company,19.0 Personal Auto,19.0000 Personal Auto Combinations,-3.000%,-2.500%,-1660011,26974,67457887,13.560%,-15.700%,rate_change,LBPM-134665401,Filed,,output/pdfs/IL/134665401/filing_summary.pdf,pipeline_only,original,pipeline_extracted_in_validated_window,
IL,10/16/2025,Liberty Insurance Corporation,19.0 Personal Auto,19.0000 Personal Auto Combinations,-3.200%,-2.800%,-789,5,28199,9.800%,-17.900%,rate_change,LBPM-134665781,Filed,,output/pdfs/IL/134665781/filing_summary.pdf,pipeline_only,original,pipeline_extracted_in_validated_window,
IL,10/16/2025,Liberty Mutual Fire Insurance Company,19.0 Personal Auto,19.0000 Personal Auto Combinations,-3.200%,-2.100%,-109256,761,5140152,12.200%,-18.100%,rate_change,LBPM-134665781,Filed,,output/pdfs/IL/134665781/filing_summary.pdf,pipeline_only,original,pipeline_extracted_in_validated_window,
IL,10/16/2025,The First Liberty Insurance Corporation,19.0 Personal Auto,19.0000 Personal Auto Combinations,-3.200%,-3.200%,-6660,25,206119,9.900%,-9.000%,rate_change,LBPM-134665781,Filed,,output/pdfs/IL/134665781/filing_summary.pdf,pipeline_only,original,pipeline_extracted_in_validated_window,
IL,02/09/2026,Liberty Mutual Insurance Company,04.0 Homeowners,04.0000 Homeowners Sub-TOI Combinations,19.100%,3.300%,81014,932,2422087,3.800%,2.800%,rate_change,LBPM-134772838,Filed,,output/pdfs/IL/134772838/filing_summary.pdf,pipeline_only,original,pipeline_extracted_in_validated_window,
IL,04/15/2026,Liberty Mutual Fire Insurance Company,04.0 Homeowners,04.0000 Homeowners Sub-TOI Combinations,19.100%,3.000%,246703,1758,8274373,4.800%,1.600%,rate_change,LBPM-134773268,Filed,,output/pdfs/IL/134773268/filing_summary.pdf,pipeline_only,original,pipeline_extracted_in_validated_window,
IL,03/24/2024,"MGA Insurance Company, Inc.",19.0 Personal Auto,19.0001 Private Passenger Auto (PPA),12.200%,5.200%,747430,6123,14483966,67.500%,-19.000%,rate_change,GNSC-134042226,Filed,,output/pdfs/IL/134042226/filing_summary.pdf,pipeline_only,extension,pipeline_extracted,
IL,09/24/2024,"MGA Insurance Company, Inc.",19.0 Personal Auto,19.0001 Private Passenger Auto (PPA),16.000%,-0.100%,-13912,5607,11662242,41.800%,-27.000%,rate_change,GNSC-134254627,Filed,,output/pdfs/IL/134254627/filing_summary.pdf,pipeline_only,extension,pipeline_extracted,
IL,04/18/2025,"MGA Insurance Company, Inc.",19.0 Personal Auto,19.0001 Private Passenger Auto (PPA),11.500%,-5.300%,-388655,4589,7976997,10.000%,-5.000%,rate_change,GNSC-134495101,Filed,,output/pdfs/IL/134495101/filing_summary.pdf,pipeline_only,original,pipeline_extracted_in_validated_window,
IL,12/05/2025,"MGA Insurance Company, Inc.",19.0 Personal Auto,19.0001 Private Passenger Auto (PPA),12.100%,0.100%,56562,5399,11015546,10.000%,-5.000%,rate_change,GNSC-134757406,Filed,,output/pdfs/IL/134757406/filing_summary.pdf,pipeline_only,original,pipeline_extracted_in_validated_window,
IL,05/05/2024,Nationwide Insurance Company of America,04.0 Homeowners,04.0000 Homeowners Sub-TOI Combinations,29.400%,0.000%,-78,18153,46669436,14.000%,-1.000%,rate_change,NWPP-133941017,Filed,,output/pdfs/IL/133941017/filing_summary.pdf,pipeline_only,extension,pipeline_extracted,
IL,02/24/2024,Nationwide Insurance Company of America,19.0 Personal Auto,19.0001 Private Passenger Auto (PPA),8.600%,0.000%,0,2061,6352823,0.000%,0.000%,rate_change,NWPP-133952831,Filed,,output/pdfs/IL/133952831/filing_summary.pdf,pipeline_only,extension,pipeline_extracted,
IL,02/24/2024,Nationwide General Insurance Company,19.0 Personal Auto,19.0001 Private Passenger Auto (PPA),8.600%,11.200%,3461774,11347,31004506,74.700%,4.400%,rate_change,NWPP-133952831,Filed,,output/pdfs/IL/133952831/filing_summary.pdf,pipeline_only,extension,pipeline_extracted,
IL,02/24/2024,Nationwide Mutual Insurance Company,19.0 Personal Auto,19.0001 Private Passenger Auto (PPA),8.600%,0.000%,-775,3141,8771624,50.000%,-1.200%,rate_change,NWPP-133952831,Filed,,output/pdfs/IL/133952831/filing_summary.pdf,pipeline_only,extension,pipeline_extracted,
IL,02/24/2024,Nationwide Agribusiness Insurance Company,19.0 Personal Auto,19.0001 Private Passenger Auto (PPA),8.600%,19.400%,1677894,3184,8667184,31.400%,11.900%,rate_change,NWPP-133952831,Filed,,output/pdfs/IL/133952831/filing_summary.pdf,pipeline_only,extension,pipeline_extracted,
IL,08/12/2024,Nationwide Insurance Company of America,04.0 Homeowners,04.0000 Homeowners Sub-TOI Combinations,26.100%,28.800%,12288713,22289,42695419,120.600%,-33.000%,rate_change,NWPP-134182088,Filed,,output/pdfs/IL/134182088/filing_summary.pdf,pipeline_only,extension,pipeline_extracted,
IL,12/21/2024,Nationwide Agribusiness Insurance Company,19.0 Personal Auto,19.0001 Private Passenger Auto (PPA),0.400%,-9.900%,-654777,2133,6639036,1.000%,-18.700%,rate_change,NWPP-134348032,Filed,,output/pdfs/IL/134348032/filing_summary.pdf,pipeline_only,extension,pipeline_extracted,
IL,03/21/2025,Nationwide Agribusiness Insurance Company,19.0 Personal Auto,19.0001 Private Passenger Auto (PPA),-2.600%,-11.900%,-670393,2039,5656714,-2.200%,-22.500%,rate_change,NWPP-134439505,Filed,,output/pdfs/IL/134439505/filing_summary.pdf,pipeline_only,original,pipeline_extracted_in_validated_window,
IL,09/08/2025,Nationwide General Insurance Company,19.0 Personal Auto,19.0001 Private Passenger Auto (PPA),6.800%,0.000%,0,0,17457906,0.000%,0.000%,rate_change,NWPP-134551229,Filed,,output/pdfs/IL/134551229/filing_summary.pdf,pipeline_only,original,pipeline_extracted_in_validated_window,
IL,09/08/2025,Nationwide Agribusiness Insurance Company,19.0 Personal Auto,19.0001 Private Passenger Auto (PPA),6.800%,0.000%,-318,2036,4977531,75.200%,-34.000%,rate_change,NWPP-134551229,Filed,,output/pdfs/IL/134551229/filing_summary.pdf,pipeline_only,original,pipeline_extracted_in_validated_window,
IL,10/05/2025,Nationwide Insurance Company of America,04.0 Homeowners,04.0000 Homeowners Sub-TOI Combinations,0.000%,0.000%,7351,16651,40557187,73.200%,-93.800%,rate_change,NWPP-134573055,Filed,,output/pdfs/IL/134573055/filing_summary.pdf,pipeline_only,original,pipeline_extracted_in_validated_window,
IL,11/24/2025,Nationwide Agribusiness Insurance Company,19.0 Personal Auto,19.0001 Private Passenger Auto (PPA),-0.500%,-12.000%,-640642,2171,5351372,-0.900%,-20.700%,rate_change,NWPP-G134746614,Filed,,output/pdfs/IL/134750489/filing_summary.pdf,pipeline_only,original,pipeline_extracted_in_validated_window,
IL,03/21/2026,Nationwide Agribusiness Insurance Company,04.0 Homeowners,04.0000 Homeowners Sub-TOI Combinations,5.500%,0.000%,84,2385,5275547,2.900%,-12.500%,rate_change,NWPP-G134878754,Filed,,output/pdfs/IL/134881390/filing_summary.pdf,pipeline_only,original,pipeline_extracted_in_validated_window,
IL,01/15/2025,Progressive Northern Insurance Company,04.0 Homeowners,04.0002 Mobile Homeowners,20.200%,20.190%,6160961,9827,5126174,47.000%,-30.000%,rate_change,AMSI-133998421,Filed,,output/pdfs/IL/133998421/filing_summary.pdf,pipeline_only,original,pipeline_extracted_in_validated_window,
IL,11/22/2024,Progressive Direct Insurance Company,19.0 Personal Auto,19.0002 Motorcycle,1.100%,-1.400%,-5933,1831,423794,74.200%,-34.100%,rate_change,PRGS-134064672,Filed,,output/pdfs/IL/134064672/filing_summary.pdf,pipeline_only,extension,pipeline_extracted,
IL,11/22/2024,Progressive Northern Insurance Company,19.0 Personal Auto,19.0002 Motorcycle,1.100%,0.000%,0,60211,17744844,289.700%,-59.700%,rate_change,PRGS-134064672,Filed,,output/pdfs/IL/134064672/filing_summary.pdf,pipeline_only,extension,pipeline_extracted,
IL,11/22/2024,Progressive Universal Insurance Company,19.0 Personal Auto,19.0002 Motorcycle,1.100%,2.600%,333074,39618,12810527,280.800%,-53.200%,rate_change,PRGS-134064672,Filed,,output/pdfs/IL/134064672/filing_summary.pdf,pipeline_only,extension,pipeline_extracted,
IL,04/19/2024,Progressive Direct Insurance Company,19.0 Personal Auto,19.0001 Private Passenger Auto (PPA),-7.900%,-1.400%,-51851,1334,3703671,2.500%,-3.400%,rate_change,PRGS-134074570,Filed,,output/pdfs/IL/134074570/filing_summary.pdf,pipeline_only,extension,pipeline_extracted,
IL,04/19/2024,Progressive Northern Insurance Company,19.0 Personal Auto,19.0001 Private Passenger Auto (PPA),-9.700%,-0.600%,-868300,55703,144716714,7.200%,-2.600%,rate_change,PRGS-134074570,Filed,,output/pdfs/IL/134074570/filing_summary.pdf,pipeline_only,extension,pipeline_extracted,
IL,04/19/2024,Progressive Universal Insurance Company,19.0 Personal Auto,19.0001 Private Passenger Auto (PPA),-7.900%,-1.400%,-3005421,73193,214672945,4.600%,-4.800%,rate_change,PRGS-134074570,Filed,,output/pdfs/IL/134074570/filing_summary.pdf,pipeline_only,extension,pipeline_extracted,
IL,08/09/2024,Progressive Direct Insurance Company,19.0 Personal Auto,19.0001 Private Passenger Auto (PPA),-3.700%,-3.800%,-199901,17506,5329441,40.900%,-25.400%,rate_change,PRGS-134204114,Filed,,output/pdfs/IL/134204114/filing_summary.pdf,pipeline_only,extension,pipeline_extracted,
IL,08/09/2024,Progressive Northern Insurance Company,19.0 Personal Auto,19.0001 Private Passenger Auto (PPA),-0.100%,-1.200%,-3569638,952611,289825786,139.200%,-39.700%,rate_change,PRGS-134204114,Filed,,output/pdfs/IL/134204114/filing_summary.pdf,pipeline_only,extension,pipeline_extracted,
IL,08/09/2024,Progressive Universal Insurance Company,19.0 Personal Auto,19.0001 Private Passenger Auto (PPA),-3.700%,-3.800%,-15011523,1447520,400212316,99.400%,-34.300%,rate_change,PRGS-134204114,Filed,,output/pdfs/IL/134204114/filing_summary.pdf,pipeline_only,extension,pipeline_extracted,
IL,02/28/2025,Progressive Direct Insurance Company,19.0 Personal Auto,19.0001 Private Passenger Auto (PPA),-0.200%,-2.900%,-159063,4350,5477674,3.700%,-10.100%,rate_change,PRGS-134397366,Filed,,output/pdfs/IL/134397366/filing_summary.pdf,pipeline_only,original,pipeline_extracted_in_validated_window,
IL,02/28/2025,Progressive Northern Insurance Company,19.0 Personal Auto,19.0001 Private Passenger Auto (PPA),-1.600%,-4.000%,-13365707,265161,330570603,4.100%,-20.800%,rate_change,PRGS-134397366,Filed,,output/pdfs/IL/134397366/filing_summary.pdf,pipeline_only,original,pipeline_extracted_in_validated_window,
IL,02/28/2025,Progressive Universal Insurance Company,19.0 Personal Auto,19.0001 Private Passenger Auto (PPA),-0.200%,-2.900%,-14401221,430447,495936195,4.000%,-14.600%,rate_change,PRGS-134397366,Filed,,output/pdfs/IL/134397366/filing_summary.pdf,pipeline_only,original,pipeline_extracted_in_validated_window,
IL,10/10/2025,Progressive Direct Insurance Company,19.0 Personal Auto,19.0002 Motorcycle,,0.060%,10705,62600,17841408,57.700%,-33.500%,rate_change,PRGS-134622940,Filed,,output/pdfs/IL/134622940/filing_summary.pdf,pipeline_only,original,pipeline_extracted_in_validated_window,
IL,10/10/2025,Progressive Northern Insurance Company,19.0 Personal Auto,19.0002 Motorcycle,,0.720%,2395,1542,332599,34.900%,-26.200%,rate_change,PRGS-134622940,Filed,,output/pdfs/IL/134622940/filing_summary.pdf,pipeline_only,original,pipeline_extracted_in_validated_window,
IL,10/10/2025,Progressive Universal Insurance Company,19.0 Personal Auto,19.0002 Motorcycle,,-0.090%,-13469,47422,14965274,49.100%,-27.700%,rate_change,PRGS-134622940,Filed,,output/pdfs/IL/134622940/filing_summary.pdf,pipeline_only,original,pipeline_extracted_in_validated_window,
IL,08/15/2025,Progressive Direct Insurance Company,19.0 Personal Auto,19.0001 Private Passenger Auto (PPA),-1.200%,-4.200%,-194143,4228,4578847,3.200%,-11.900%,rate_change,PRGS-134633994,Filed,,output/pdfs/IL/134633994/filing_summary.pdf,pipeline_only,original,pipeline_extracted_in_validated_window,
IL,08/15/2025,Progressive Northern Insurance Company,19.0 Personal Auto,19.0001 Private Passenger Auto (PPA),-4.900%,-7.000%,-21713913,280699,310198761,-2.000%,-20.400%,rate_change,PRGS-134633994,Filed,,output/pdfs/IL/134633994/filing_summary.pdf,pipeline_only,original,pipeline_extracted_in_validated_window,
IL,08/15/2025,Progressive Universal Insurance Company,19.0 Personal Auto,19.0001 Private Passenger Auto (PPA),-1.200%,-4.200%,-19955778,461383,470655131,3.900%,-12.900%,rate_change,PRGS-134633994,Filed,,output/pdfs/IL/134633994/filing_summary.pdf,pipeline_only,original,pipeline_extracted_in_validated_window,
IL,01/30/2026,Progressive Direct Insurance Company,19.0 Personal Auto,19.0001 Private Passenger Auto (PPA),-3.200%,-3.200%,-96739,4085,3058192,55.500%,-41.800%,rate_change,PRGS-134785395,Filed,,output/pdfs/IL/134785395/filing_summary.pdf,pipeline_only,original,pipeline_extracted_in_validated_window,
IL,01/30/2026,Progressive Northern Insurance Company,19.0 Personal Auto,19.0001 Private Passenger Auto (PPA),-8.000%,-7.900%,-16996375,286424,215434964,82.800%,-44.600%,rate_change,PRGS-134785395,Filed,,output/pdfs/IL/134785395/filing_summary.pdf,pipeline_only,original,pipeline_extracted_in_validated_window,
IL,01/30/2026,Progressive Universal Insurance Company,19.0 Personal Auto,19.0001 Private Passenger Auto (PPA),-3.200%,-3.200%,-10449054,471709,330324484,55.500%,-41.800%,rate_change,PRGS-134785395,Filed,,output/pdfs/IL/134785395/filing_summary.pdf,pipeline_only,original,pipeline_extracted_in_validated_window,
IL,03/28/2024,Safeco Insurance Company of Oregon,19.0 Personal Auto,19.0000 Personal Auto Combinations,28.800%,25.800%,3692081,6537,14326534,41.000%,15.000%,rate_change,LBPM-133998934,Filed,,output/pdfs/IL/133998934/filing_summary.pdf,pipeline_only,extension,pipeline_extracted,
IL,03/28/2024,Safeco Insurance Company of Illinois,19.0 Personal Auto,19.0000 Personal Auto Combinations,28.800%,26.100%,32999971,52315,126207969,58.000%,6.000%,rate_change,LBPM-134000099,Filed,,output/pdfs/IL/134000099/filing_summary.pdf,pipeline_only,extension,pipeline_extracted,
IL,05/22/2024,Safeco Insurance Company of Illinois,04.0 Homeowners,04.0000 Homeowners Sub-TOI Combinations,39.000%,23.700%,11369557,17415,47989,65.200%,-10.100%,rate_change,LBPM-134011349,Filed,,output/pdfs/IL/134011349/filing_summary.pdf,pipeline_only,extension,pipeline_extracted,
IL,06/29/2024,Safeco Insurance Company of Illinois,19.0 Personal Auto,19.0002 Motorcycle,38.000%,22.600%,349483,4141,1545684,48.000%,-10.000%,rate_change,LBPM-134038744,Filed,,output/pdfs/IL/134038744/filing_summary.pdf,pipeline_only,extension,pipeline_extracted,
IL,05/16/2024,Safeco Insurance Company of Oregon,19.0 Personal Auto,19.0000 Personal Auto Combinations,0.000%,0.000%,0,8101,15235204,0.000%,0.000%,rate_change,LBPM-134050665,Filed,,output/pdfs/IL/134050665/filing_summary.pdf,pipeline_only,extension,pipeline_extracted,
IL,06/06/2024,Safeco Insurance Company of Oregon,19.0 Personal Auto,19.0000 Personal Auto Combinations,0.000%,0.000%,0,8509,22777346,0.000%,0.000%,rate_change,LBPM-134096858,Filed,,output/pdfs/IL/134096858/filing_summary.pdf,pipeline_only,extension,pipeline_extracted,
IL,07/21/2024,Safeco Insurance Company of Illinois,19.0 Personal Auto,19.0003 Recreational Vehicle (RV),23.300%,5.000%,28084,377,559881,12.100%,0.000%,rate_change,LBPM-134139949,Filed,,output/pdfs/IL/134139949/filing_summary.pdf,pipeline_only,extension,pipeline_extracted,
IL,07/25/2024,Safeco Insurance Company of Oregon,19.0 Personal Auto,19.0003 Recreational Vehicle (RV),23.300%,5.000%,2319,269,46046,11.000%,0.000%,rate_change,LBPM-134152145,Filed,,output/pdfs/IL/134152145/filing_summary.pdf,pipeline_only,extension,pipeline_extracted,
IL,10/05/2024,Safeco Insurance Company of Illinois,19.0 Personal Auto,19.0000 Personal Auto Combinations,-11.200%,-10.000%,-14203348,43424,141897730,5.000%,-17.500%,rate_change,LBPM-134172185,Filed,,output/pdfs/IL/134172185/filing_summary.pdf,pipeline_only,extension,pipeline_extracted,
IL,08/01/2024,Safeco Insurance Company of Oregon,19.0 Personal Auto,19.0000 Personal Auto Combinations,-11.200%,-10.000%,-2172735,8750,21808527,-0.400%,-19.300%,rate_change,LBPM-134176982,Filed,,output/pdfs/IL/134176982/filing_summary.pdf,pipeline_only,extension,pipeline_extracted,
IL,12/14/2024,Safeco Insurance Company of Oregon,19.0 Personal Auto,19.0000 Personal Auto Combinations,0.000%,-0.900%,-73134,3143,8401930,0.000%,-3.300%,rate_change,LBPM-134344605,Filed,,output/pdfs/IL/134344605/filing_summary.pdf,pipeline_only,extension,pipeline_extracted,
IL,06/29/2025,Safeco Insurance Company of Illinois,19.0 Personal Auto,19.0002 Motorcycle,15.500%,12.900%,193059,3745,1497190,48.000%,-10.000%,rate_change,LBPM-134440140,Filed,,output/pdfs/IL/134440140/filing_summary.pdf,pipeline_only,original,pipeline_extracted_in_validated_window,
IL,04/13/2025,Safeco Insurance Company of Oregon,19.0 Personal Auto,19.0000 Personal Auto Combinations,-3.100%,-2.400%,-986307,9063,40954456,0.000%,-5.600%,rate_change,LBPM-134450693,Filed,,output/pdfs/IL/134450693/filing_summary.pdf,pipeline_only,original,pipeline_extracted_in_validated_window,
IL,05/01/2025,Safeco Insurance Company of Oregon,19.0 Personal Auto,19.0000 Personal Auto Combinations,0.000%,0.000%,0,0,0,0.000%,0.000%,rate_change,LBPM-134506741,Filed,,output/pdfs/IL/134506741/filing_summary.pdf,pipeline_only,original,pipeline_extracted_in_validated_window,
IL,06/01/2025,Safeco Insurance Company of Oregon,19.0 Personal Auto,19.0000 Personal Auto Combinations,0.000%,0.000%,877,9063,38528032,26.100%,-75.700%,rate_change,LBPM-134541604,Filed,,output/pdfs/IL/134541604/filing_summary.pdf,pipeline_only,original,pipeline_extracted_in_validated_window,
IL,07/21/2025,Safeco Insurance Company of Illinois,19.0 Personal Auto,19.0004 Other,9.700%,9.400%,49617,1758,525249,31.900%,0.000%,rate_change,LBPM-134594196,Filed,,output/pdfs/IL/134594196/filing_summary.pdf,pipeline_only,original,pipeline_extracted_in_validated_window,
IL,08/01/2025,Safeco Insurance Company of Oregon,19.0 Personal Auto,19.0000 Personal Auto Combinations,0.000%,0.000%,0,0,0,0.000%,0.000%,rate_change,LBPM-134615095,Filed,,output/pdfs/IL/134615095/filing_summary.pdf,pipeline_only,original,pipeline_extracted_in_validated_window,
IL,12/22/2025,Safeco Insurance Company of Illinois,19.0 Personal Auto,19.0000 Personal Auto Combinations,-3.300%,-1.000%,-726342,24826,75147140,1.000%,-4.000%,rate_change,LBPM-134664975,Filed,,output/pdfs/IL/134664975/filing_summary.pdf,pipeline_only,original,pipeline_extracted_in_validated_window,
IL,10/16/2025,Safeco Insurance Company of Oregon,19.0 Personal Auto,19.0000 Personal Auto Combinations,-3.300%,-1.000%,-287638,12849,29594250,7.000%,-9.000%,rate_change,LBPM-134670539,Filed,,output/pdfs/IL/134670539/filing_summary.pdf,pipeline_only,original,pipeline_extracted_in_validated_window,
IL,04/15/2026,Safeco Insurance Company of Illinois,04.0 Homeowners,04.0000 Homeowners Sub-TOI Combinations,12.900%,3.500%,1000874,6614,28775133,46.000%,-10.000%,rate_change,LBPM-134771855,Filed,,output/pdfs/IL/134771855/filing_summary.pdf,pipeline_only,original,pipeline_extracted_in_validated_window,
IL,03/26/2026,Safeco Insurance Company of Oregon,19.0 Personal Auto,19.0000 Personal Auto Combinations,2.700%,2.000%,989182,21179,49825396,5.400%,-2.300%,rate_change,LBPM-134870043,Filed,,output/pdfs/IL/134870043/filing_summary.pdf,pipeline_only,original,pipeline_extracted_in_validated_window,
IL,05/15/2025,State Farm Classic Insurance Company,19.0 Personal Auto,19.0000 Personal Auto Combinations,13.041%,13.041%,245043,4036,1878974,35.593%,-1.187%,rate_change,SFCI-134283264,Filed,,output/pdfs/IL/134283264/filing_summary.pdf,pipeline_only,original,pipeline_extracted_in_validated_window,
IL,01/02/2024,State Farm Fire and Casualty Company,19.0 Personal Auto,19.0000 Personal Auto Combinations,17.600%,3.300%,5035653,77287,152718345,463.800%,-87.100%,rate_change,SFMA-133780938,Filed,,output/pdfs/IL/133780938/filing_summary.pdf,pipeline_only,extension,pipeline_extracted,
IL,01/02/2024,State Farm Mutual Automobile Insurance Company,19.0 Personal Auto,19.0000 Personal Auto Combinations,9.700%,5.800%,179326886,2997989,3112254412,703.900%,-91.400%,rate_change,SFMA-133780938,Filed,,output/pdfs/IL/133780938/filing_summary.pdf,pipeline_only,extension,pipeline_extracted,
IL,01/01/2024,State Farm Fire and Casualty Company,19.0 Personal Auto,19.0001 Private Passenger Auto (PPA),0.000%,0.000%,0,73614,117936113,23.500%,-24.000%,rate_change,SFMA-133807399,Filed,,output/pdfs/IL/133807399/filing_summary.pdf,pipeline_only,extension,pipeline_extracted,
IL,01/01/2024,State Farm Mutual Automobile Insurance Company,19.0 Personal Auto,19.0001 Private Passenger Auto (PPA),0.000%,0.000%,0,2789387,2382797644,20.800%,-20.600%,rate_change,SFMA-133807399,Filed,,output/pdfs/IL/133807399/filing_summary.pdf,pipeline_only,extension,pipeline_extracted,
IL,02/01/2024,State Farm Fire and Casualty Company,04.0 Homeowners,04.0000 Homeowners Sub-TOI Combinations,0.000%,0.000%,0,0,0,0.000%,0.000%,rate_change,SFMA-133877616,Filed,,output/pdfs/IL/133877616/filing_summary.pdf,pipeline_only,extension,pipeline_extracted,
IL,03/15/2024,State Farm Fire and Casualty Company,04.0 Homeowners,04.0000 Homeowners Sub-TOI Combinations,13.600%,12.300%,200717400,1451178,1638110867,22.800%,-1.700%,rate_change,SFMA-133973747,Filed,,output/pdfs/IL/133973747/filing_summary.pdf,pipeline_only,extension,pipeline_extracted,
IL,08/01/2024,State Farm Fire and Casualty Company,19.0 Personal Auto,19.0002 Motorcycle,0.000%,0.000%,0,4664,2224632,10.000%,-9.500%,rate_change,SFMA-134083880,Filed,,output/pdfs/IL/134083880/filing_summary.pdf,pipeline_only,extension,pipeline_extracted,
IL,08/01/2024,State Farm Mutual Automobile Insurance Company,19.0 Personal Auto,19.0002 Motorcycle,0.000%,0.000%,0,78782,20987986,9.500%,-9.000%,rate_change,SFMA-134083880,Filed,,output/pdfs/IL/134083880/filing_summary.pdf,pipeline_only,extension,pipeline_extracted,
IL,10/15/2024,State Farm Fire and Casualty Company,04.0 Homeowners,04.0005 Other Homeowners,18.800%,17.900%,21317632,103854,119099448,19.300%,0.000%,rate_change,SFMA-134221940,Filed,,output/pdfs/IL/134221940/filing_summary.pdf,pipeline_only,extension,pipeline_extracted,
IL,10/15/2024,State Farm Fire and Casualty Company,04.0 Homeowners,04.0005 Other Homeowners,23.000%,20.800%,3927312,48020,18859315,22.800%,0.000%,rate_change,SFMA-134221941,Filed,,output/pdfs/IL/134221941/filing_summary.pdf,pipeline_only,extension,pipeline_extracted,
IL,04/15/2025,State Farm Fire and Casualty Company,19.0 Personal Auto,19.0001 Private Passenger Auto (PPA),0.000%,0.000%,0,64676,123209804,22.090%,-18.860%,rate_change,SFMA-134294868,Filed,,output/pdfs/IL/134294868/filing_summary.pdf,pipeline_only,original,pipeline_extracted_in_validated_window,
IL,04/15/2025,State Farm Mutual Automobile Insurance Company,19.0 Personal Auto,19.0001 Private Passenger Auto (PPA),0.000%,0.000%,0,2844288,2910989567,20.000%,-18.190%,rate_change,SFMA-134294868,Filed,,output/pdfs/IL/134294868/filing_summary.pdf,pipeline_only,original,pipeline_extracted_in_validated_window,
IL,12/15/2024,State Farm Fire and Casualty Company,04.0 Homeowners,04.0000 Homeowners Sub-TOI Combinations,0.000%,0.000%,0,0,0,0.000%,0.000%,rate_change,SFMA-134304357,Filed,,output/pdfs/IL/134304357/filing_summary.pdf,pipeline_only,extension,pipeline_extracted,
IL,07/15/2025,State Farm Fire and Casualty Company,04.0 Homeowners,04.0000 Homeowners Sub-TOI Combinations,32.500%,27.200%,522849586,1491665,1923414396,39.900%,0.000%,rate_change,SFMA-134393024,Filed,,output/pdfs/IL/134393024/filing_summary.pdf,pipeline_only,original,pipeline_extracted_in_validated_window,
IL,07/18/2025,State Farm Fire and Casualty Company,19.0 Personal Auto,19.0000 Personal Auto Combinations,7.400%,-5.400%,-7455283,73018,137308681,14.000%,-26.500%,rate_change,SFMA-134548953,Filed,,output/pdfs/IL/134548953/filing_summary.pdf,pipeline_only,original,pipeline_extracted_in_validated_window,
IL,07/18/2025,State Farm Mutual Automobile Insurance Company,19.0 Personal Auto,19.0000 Personal Auto Combinations,-0.900%,-5.600%,-190354678,3179517,3394516644,15.800%,-34.600%,rate_change,SFMA-134548953,Filed,,output/pdfs/IL/134548953/filing_summary.pdf,pipeline_only,original,pipeline_extracted_in_validated_window,
IL,08/15/2025,State Farm Fire and Casualty Company,04.0 Homeowners,04.0002 Mobile Homeowners,39.700%,36.200%,4141558,15268,11441137,64.300%,-22.500%,rate_change,SFMA-134581344,Filed,,output/pdfs/IL/134581344/filing_summary.pdf,pipeline_only,original,pipeline_extracted_in_validated_window,
IL,09/15/2025,State Farm Fire and Casualty Company,04.0 Homeowners,04.0000 Homeowners Sub-TOI Combinations,0.000%,0.000%,0,1514708,1984480713,0.000%,0.000%,rate_change,SFMA-134610167,Filed,,output/pdfs/IL/134610167/filing_summary.pdf,pipeline_only,original,pipeline_extracted_in_validated_window,
IL,12/04/2025,State Farm Fire and Casualty Company,19.0 Personal Auto,19.0000 Personal Auto Combinations,7.000%,-9.800%,-14050140,81539,143304941,12.200%,-22.800%,rate_change,SFMA-134704563,Filed,,output/pdfs/IL/134704563/filing_summary.pdf,pipeline_only,original,pipeline_extracted_in_validated_window,
IL,12/04/2025,State Farm Mutual Automobile Insurance Company,19.0 Personal Auto,19.0000 Personal Auto Combinations,-0.300%,-9.400%,-319276490,3330568,3410968695,-0.100%,-18.200%,rate_change,SFMA-134704563,Filed,,output/pdfs/IL/134704563/filing_summary.pdf,pipeline_only,original,pipeline_extracted_in_validated_window,
IL,05/20/2025,The Travelers Home and Marine Insurance Company,04.0 Homeowners,04.0000 Homeowners Sub-TOI Combinations,5.200%,4.500%,2337891,27987,51953131,8.400%,0.000%,rate_change,TRVD-G134419802,Filed,,output/pdfs/IL/134422382/filing_summary.pdf,pipeline_only,original,pipeline_extracted_in_validated_window,
IL,05/20/2025,Travelers Commercial Insurance Company,04.0 Homeowners,04.0000 Homeowners Sub-TOI Combinations,5.200%,4.700%,106880,1317,2274042,8.000%,0.000%,rate_change,TRVD-G134419802,Filed,,output/pdfs/IL/134422382/filing_summary.pdf,pipeline_only,original,pipeline_extracted_in_validated_window,
IL,04/27/2024,Truck Insurance Exchange,19.0 Personal Auto,19.0001 Private Passenger Auto (PPA),11.700%,2.500%,929813,16405,36980825,49.600%,-7.300%,rate_change_withdrawn,FARM-134026438,Withdrawn,,output/pdfs/IL/134026438/filing_summary.pdf,pipeline_only,extension,pipeline_extracted,
IL,04/27/2024,Truck Insurance Exchange,19.0 Personal Auto,19.0001 Private Passenger Auto (PPA),11.700%,2.500%,929813,16405,36980825,49.600%,-7.300%,rate_change,FARM-134028549,Filed,,output/pdfs/IL/134028549/filing_summary.pdf,pipeline_only,extension,pipeline_extracted,
IL,02/21/2025,Illinois Farmers Insurance Company,19.0 Personal Auto,19.0001 Private Passenger Auto (PPA),3.100%,3.000%,3918237,44932,129660688,14.200%,-0.500%,rate_change,FARM-134372702,Filed,,output/pdfs/IL/134372702/filing_summary.pdf,pipeline_only,original,pipeline_extracted_in_validated_window,
IL,02/21/2025,Truck Insurance Exchange,19.0 Personal Auto,19.0001 Private Passenger Auto (PPA),3.100%,3.000%,809305,8341,26661759,14.200%,-0.100%,rate_change,FARM-134372702,Filed,,output/pdfs/IL/134372702/filing_summary.pdf,pipeline_only,original,pipeline_extracted_in_validated_window,
IL,05/31/2024,United Services Automobile Association,04.0 Homeowners,04.0003 Owner Occupied Homeowners,7.800%,0.000%,0,26798,64018258,108.500%,-65.400%,rate_change,USAA-133888957,Filed,,output/pdfs/IL/133888957/filing_summary.pdf,pipeline_only,extension,pipeline_extracted,
IL,05/31/2024,USAA Casualty Insurance Company,04.0 Homeowners,04.0003 Owner Occupied Homeowners,8.200%,0.000%,0,23995,56941175,136.300%,-69.400%,rate_change,USAA-133888957,Filed,,output/pdfs/IL/133888957/filing_summary.pdf,pipeline_only,extension,pipeline_extracted,
IL,05/31/2024,USAA General Indemnity Company,04.0 Homeowners,04.0003 Owner Occupied Homeowners,9.600%,0.000%,0,14943,35955295,91.500%,-68.900%,rate_change,USAA-133888957,Filed,,output/pdfs/IL/133888957/filing_summary.pdf,pipeline_only,extension,pipeline_extracted,
IL,05/31/2024,Garrison Property and Casualty Insurance Company,04.0 Homeowners,04.0003 Owner Occupied Homeowners,10.900%,0.000%,0,6447,15164479,103.700%,-67.000%,rate_change,USAA-133888957,Filed,,output/pdfs/IL/133888957/filing_summary.pdf,pipeline_only,extension,pipeline_extracted,
IL,03/21/2025,United Services Automobile Association,04.0 Homeowners,04.0003 Owner Occupied Homeowners,16.700%,7.800%,5119199,23712,65395573,9.200%,0.000%,rate_change,USAA-134406374,Filed,,output/pdfs/IL/134406374/filing_summary.pdf,pipeline_only,original,pipeline_extracted_in_validated_window,
IL,03/21/2025,USAA Casualty Insurance Company,04.0 Homeowners,04.0003 Owner Occupied Homeowners,17.700%,9.200%,5486043,20677,59607410,10.900%,0.000%,rate_change,USAA-134406374,Filed,,output/pdfs/IL/134406374/filing_summary.pdf,pipeline_only,original,pipeline_extracted_in_validated_window,
IL,03/21/2025,USAA General Indemnity Company,04.0 Homeowners,04.0003 Owner Occupied Homeowners,18.700%,6.600%,2489878,14227,37971929,7.600%,0.000%,rate_change,USAA-134406374,Filed,,output/pdfs/IL/134406374/filing_summary.pdf,pipeline_only,original,pipeline_extracted_in_validated_window,
IL,03/21/2025,Garrison Property and Casualty Insurance Company,04.0 Homeowners,04.0003 Owner Occupied Homeowners,12.900%,8.900%,1592170,5926,17837975,11.000%,0.000%,rate_change,USAA-134406374,Filed,,output/pdfs/IL/134406374/filing_summary.pdf,pipeline_only,original,pipeline_extracted_in_validated_window,
IL,01/19/2026,United Services Automobile Association,19.0 Personal Auto,19.0001 Private Passenger Auto (PPA),0.000%,0.000%,0,0,86811409,0.000%,0.000%,rate_change,USAA-134715030,Filed,,output/pdfs/IL/134715030/filing_summary.pdf,pipeline_only,original,pipeline_extracted_in_validated_window,
IL,01/19/2026,USAA Casualty Insurance Company,19.0 Personal Auto,19.0001 Private Passenger Auto (PPA),0.000%,0.000%,0,0,94393105,0.000%,0.000%,rate_change,USAA-134715030,Filed,,output/pdfs/IL/134715030/filing_summary.pdf,pipeline_only,original,pipeline_extracted_in_validated_window,
IL,01/19/2026,USAA General Indemnity Company,19.0 Personal Auto,19.0001 Private Passenger Auto (PPA),0.000%,0.000%,0,0,70477419,0.000%,0.000%,rate_change,USAA-134715030,Filed,,output/pdfs/IL/134715030/filing_summary.pdf,pipeline_only,original,pipeline_extracted_in_validated_window,
IL,01/19/2026,Garrison Property and Casualty Insurance Company,19.0 Personal Auto,19.0001 Private Passenger Auto (PPA),0.000%,0.000%,0,0,38413897,0.000%,0.000%,rate_change,USAA-134715030,Filed,,output/pdfs/IL/134715030/filing_summary.pdf,pipeline_only,original,pipeline_extracted_in_validated_window,
IL,02/15/2026,United Services Automobile Association,19.0 Personal Auto,19.0001 Private Passenger Auto (PPA),0.000%,0.000%,0,33224,86811409,0.000%,0.000%,rate_change,USAA-134721830,Filed,,output/pdfs/IL/134721830/filing_summary.pdf,pipeline_only,original,pipeline_extracted_in_validated_window,
IL,02/15/2026,USAA Casualty Insurance Company,19.0 Personal Auto,19.0001 Private Passenger Auto (PPA),0.000%,0.000%,0,40168,94393105,0.000%,0.000%,rate_change,USAA-134721830,Filed,,output/pdfs/IL/134721830/filing_summary.pdf,pipeline_only,original,pipeline_extracted_in_validated_window,
IL,02/15/2026,USAA General Indemnity Company,19.0 Personal Auto,19.0001 Private Passenger Auto (PPA),0.000%,0.000%,0,27568,70477419,0.000%,0.000%,rate_change,USAA-134721830,Filed,,output/pdfs/IL/134721830/filing_summary.pdf,pipeline_only,original,pipeline_extracted_in_validated_window,
IL,02/15/2026,Garrison Property and Casualty Insurance Company,19.0 Personal Auto,19.0001 Private Passenger Auto (PPA),0.000%,0.000%,0,18410,38413897,0.000%,0.000%,rate_change,USAA-134721830,Filed,,output/pdfs/IL/134721830/filing_summary.pdf,pipeline_only,original,pipeline_extracted_in_validated_window,
IL,01/18/2026,United Services Automobile Association,04.0 Homeowners,04.0003 Owner Occupied Homeowners,23.400%,12.500%,8677436,27119,69610239,14.100%,0.800%,rate_change,USAA-134732676,Filed,,output/pdfs/IL/134732676/filing_summary.pdf,pipeline_only,original,pipeline_extracted_in_validated_window,
IL,01/18/2026,USAA Casualty Insurance Company,04.0 Homeowners,04.0003 Owner Occupied Homeowners,21.700%,12.600%,8245220,25817,65308854,14.700%,0.800%,rate_change,USAA-134732676,Filed,,output/pdfs/IL/134732676/filing_summary.pdf,pipeline_only,original,pipeline_extracted_in_validated_window,
IL,01/18/2026,USAA General Indemnity Company,04.0 Homeowners,04.0003 Owner Occupied Homeowners,27.800%,11.600%,5007956,17566,43073796,13.300%,0.800%,rate_change,USAA-134732676,Filed,,output/pdfs/IL/134732676/filing_summary.pdf,pipeline_only,original,pipeline_extracted_in_validated_window,
IL,01/18/2026,Garrison Property and Casualty Insurance Company,04.0 Homeowners,04.0003 Owner Occupied Homeowners,21.700%,12.300%,2509807,8291,20385782,14.900%,0.800%,rate_change,USAA-134732676,Filed,,output/pdfs/IL/134732676/filing_summary.pdf,pipeline_only,original,pipeline_extracted_in_validated_window,
WV,01/29/2024,Allstate Property and Casualty Insurance Company,19.0 Personal Auto,19.0001 Private Passenger Auto (PPA),6.900%,6.900%,5362273,32371,77714107,12.900%,0.000%,rate_change,ALSE-133895381,Approved,,output/pdfs/WV/133895381/filing_summary.pdf,pipeline_only,extension,pipeline_extracted,
WV,03/11/2024,Allstate Vehicle and Property Insurance Company,04.0 Homeowners,04.0003 Owner Occupied Homeowners,15.400%,15.400%,3471359,19191,22541294,28.400%,9.500%,rate_change,ALSE-133928418,Approved,,output/pdfs/WV/133928418/filing_summary.pdf,pipeline_only,extension,pipeline_extracted,
WV,07/29/2024,Allstate Indemnity Company,19.0 Personal Auto,19.0001 Private Passenger Auto (PPA),6.300%,6.300%,69916,371,1109773,19.700%,2.700%,rate_change,ALSE-134116135,Approved,,output/pdfs/WV/134116135/filing_summary.pdf,pipeline_only,extension,pipeline_extracted,
WV,08/19/2024,Allstate Property and Casualty Insurance Company,19.0 Personal Auto,19.0001 Private Passenger Auto (PPA),0.000%,0.000%,0,0,62829561,0.000%,0.000%,rate_change,ALSE-134143921,Approved,,output/pdfs/WV/134143921/filing_summary.pdf,pipeline_only,extension,pipeline_extracted,
WV,10/07/2024,Allstate Indemnity Company,04.0 Homeowners,04.0002 Mobile Homeowners,11.800%,11.800%,298750,2227,2523090,12.900%,4.400%,rate_change,ALSE-134198234,Approved,,output/pdfs/WV/134198234/filing_summary.pdf,pipeline_only,extension,pipeline_extracted,
WV,11/11/2024,Allstate Insurance Company,19.0 Personal Auto,19.0001 Private Passenger Auto (PPA),0.000%,0.000%,0,0,12485026,0.000%,0.000%,rate_change,ALSE-134228464,Approved,,output/pdfs/WV/134228464/filing_summary.pdf,pipeline_only,extension,pipeline_extracted,
WV,11/11/2024,Allstate Indemnity Company,19.0 Personal Auto,19.0001 Private Passenger Auto (PPA),0.000%,0.000%,0,0,1067655,0.000%,0.000%,rate_change,ALSE-134228464,Approved,,output/pdfs/WV/134228464/filing_summary.pdf,pipeline_only,extension,pipeline_extracted,
WV,03/17/2025,Allstate Vehicle and Property Insurance Company,04.0 Homeowners,04.0003 Owner Occupied Homeowners,1.000%,1.000%,280940,20229,28094010,6.800%,-4.000%,rate_change,ALSE-134368292,Approved,,output/pdfs/WV/134368292/filing_summary.pdf,pipeline_only,original,pipeline_extracted_in_validated_window,
WV,06/10/2025,Allstate North American Insurance Company,19.0 Personal Auto,19.0001 Private Passenger Auto (PPA),0.000%,0.000%,0,31519,31077092,18.600%,-2.500%,rate_change,ALSE-134452008,Approved,,output/pdfs/WV/134452008/filing_summary.pdf,pipeline_only,original,pipeline_extracted_in_validated_window,
WV,06/23/2025,Allstate Property and Casualty Insurance Company,19.0 Personal Auto,19.0001 Private Passenger Auto (PPA),0.000%,0.000%,0,0,63253912,0.000%,0.000%,rate_change,ALSE-134492884,Approved,,output/pdfs/WV/134492884/filing_summary.pdf,pipeline_only,original,pipeline_extracted_in_validated_window,
WV,09/15/2025,Allstate North American Insurance Company,19.0 Personal Auto,19.0001 Private Passenger Auto (PPA),4.000%,4.000%,176517,3231,4412924,7.300%,1.700%,rate_change_withdrawn,ALSE-134576247,Withdrawn,,output/pdfs/WV/134576247/filing_summary.pdf,pipeline_only,original,pipeline_extracted_in_validated_window,
WV,11/03/2025,Allstate Insurance Company,19.0 Personal Auto,19.0001 Private Passenger Auto (PPA),0.000%,0.000%,0,0,11865082,0.000%,0.000%,rate_change,ALSE-134651292,Approved,,output/pdfs/WV/134651292/filing_summary.pdf,pipeline_only,original,pipeline_extracted_in_validated_window,
WV,11/03/2025,Allstate Indemnity Company,19.0 Personal Auto,19.0001 Private Passenger Auto (PPA),0.000%,0.000%,0,0,911026,0.000%,0.000%,rate_change,ALSE-134651292,Approved,,output/pdfs/WV/134651292/filing_summary.pdf,pipeline_only,original,pipeline_extracted_in_validated_window,
WV,03/02/2026,Allstate North American Insurance Company,19.0 Personal Auto,19.0001 Private Passenger Auto (PPA),4.500%,4.500%,337074,5553,7490542,9.000%,0.800%,rate_change,ALSE-134778749,Approved,,output/pdfs/WV/134778749/filing_summary.pdf,pipeline_only,original,pipeline_extracted_in_validated_window,
WV,09/15/2024,Encompass Home and Auto Insurance Company,19.0 Personal Auto,19.0000 Personal Auto Combinations,28.900%,18.800%,4235009,7372,22526644,37.300%,5.300%,rate_change,ALSE-134043958,Approved,,output/pdfs/WV/134043958/filing_summary.pdf,pipeline_only,extension,pipeline_extracted,
WV,09/15/2024,Encompass Home and Auto Insurance Company,04.0 Homeowners,04.0000 Homeowners Sub-TOI Combinations,20.200%,19.500%,1083132,3712,5549036,20.900%,0.000%,rate_change,ALSE-134045526,Approved,,output/pdfs/WV/134045526/filing_summary.pdf,pipeline_only,extension,pipeline_extracted,
WV,08/19/2024,Encompass Home and Auto Insurance Company,19.0 Personal Auto,19.0001 Private Passenger Auto (PPA),0.000%,0.000%,0,0,18793194,0.000%,0.000%,rate_change,ALSE-134065347,Approved,,output/pdfs/WV/134065347/filing_summary.pdf,pipeline_only,extension,pipeline_extracted,
WV,04/14/2025,Encompass Insurance Company,04.0 Homeowners,04.0000 Homeowners Sub-TOI Combinations,11.200%,9.500%,35749,236,375102,15.700%,-4.400%,rate_change,GMMX-134399061,Approved,,output/pdfs/WV/134399061/filing_summary.pdf,pipeline_only,original,pipeline_extracted_in_validated_window,
WV,09/22/2025,Encompass Home and Auto Insurance Company,19.0 Personal Auto,19.0000 Personal Auto Combinations,19.400%,9.400%,1906783,4683,20284929,27.800%,0.000%,rate_change,GMMX-134504726,Approved,,output/pdfs/WV/134504726/filing_summary.pdf,pipeline_only,original,pipeline_extracted_in_validated_window,
WV,09/22/2025,Encompass Home and Auto Insurance Company,04.0 Homeowners,04.0000 Homeowners Sub-TOI Combinations,22.900%,14.800%,979032,3034,6603185,15.800%,0.000%,rate_change,GMMX-134504762,Approved,,output/pdfs/WV/134504762/filing_summary.pdf,pipeline_only,original,pipeline_extracted_in_validated_window,
WV,03/31/2024,Farmers Property and Casualty Insurance Company,19.0 Personal Auto,19.0001 Private Passenger Auto (PPA),12.400%,10.000%,22160,897,221595,19.500%,9.000%,rate_change,FAIG-133903898,Approved,,output/pdfs/WV/133903898/filing_summary.pdf,pipeline_only,extension,pipeline_extracted,
WV,03/31/2024,Farmers Casualty Insurance Company,19.0 Personal Auto,19.0001 Private Passenger Auto (PPA),12.400%,10.000%,149940,99,1499404,19.500%,9.000%,rate_change,FAIG-133903898,Approved,,output/pdfs/WV/133903898/filing_summary.pdf,pipeline_only,extension,pipeline_extracted,
WV,03/31/2024,Farmers Direct Property and Casualty Insurance Company,19.0 Personal Auto,19.0001 Private Passenger Auto (PPA),19.300%,10.000%,321673,1489,3216728,20.700%,9.300%,rate_change,FAIG-133903905,Approved,,output/pdfs/WV/133903905/filing_summary.pdf,pipeline_only,extension,pipeline_extracted,
WV,05/01/2024,Farmers Group Property and Casualty Insurance Company,04.0 Homeowners,04.0000 Homeowners Sub-TOI Combinations,82.900%,10.000%,6700,68,66996,30.000%,5.000%,rate_change,FAIG-133981352,Approved,,output/pdfs/WV/133981352/filing_summary.pdf,pipeline_only,extension,pipeline_extracted,
WV,05/28/2024,Farmers Property and Casualty Insurance Company,04.0 Homeowners,04.0000 Homeowners Sub-TOI Combinations,20.200%,10.000%,174424,1218,1744236,30.000%,0.000%,rate_change,FAIG-133982229,Approved,,output/pdfs/WV/133982229/filing_summary.pdf,pipeline_only,extension,pipeline_extracted,
WV,09/30/2024,Farmers Group Property and Casualty Insurance Company,04.0 Homeowners,04.0000 Homeowners Sub-TOI Combinations,34.800%,0.000%,0,68,66996,22.200%,-1.500%,rate_change,FAIG-134149094,Approved,,output/pdfs/WV/134149094/filing_summary.pdf,pipeline_only,extension,pipeline_extracted,
WV,02/10/2025,Farmers Direct Property and Casualty Insurance Company,19.0 Personal Auto,19.0001 Private Passenger Auto (PPA),0.000%,0.000%,0,0,3317189,0.000%,0.000%,rate_change,FAIG-134337666,Approved,,output/pdfs/WV/134337666/filing_summary.pdf,pipeline_only,original,pipeline_extracted_in_validated_window,
WV,04/21/2025,Farmers Group Property and Casualty Insurance Company,04.0 Homeowners,04.0000 Homeowners Sub-TOI Combinations,11.800%,-8.100%,-10000,120,126000,6.000%,-28.000%,rate_change,FAIG-134389926,Approved,,output/pdfs/WV/134389926/filing_summary.pdf,pipeline_only,original,pipeline_extracted_in_validated_window,
WV,04/21/2025,Farmers Group Property and Casualty Insurance Company,19.0 Personal Auto,19.0001 Private Passenger Auto (PPA),0.000%,-1.600%,-3386,94,211656,9.700%,-12.000%,rate_change,FAIG-134395493,Approved,,output/pdfs/WV/134395493/filing_summary.pdf,pipeline_only,original,pipeline_extracted_in_validated_window,
WV,11/21/2025,Farmers Group Property and Casualty Insurance Company,04.0 Homeowners,04.0000 Homeowners Sub-TOI Combinations,5.600%,5.600%,10000,127,162000,6.400%,0.000%,rate_change,FAIG-134669967,Approved,,output/pdfs/WV/134669967/filing_summary.pdf,pipeline_only,original,pipeline_extracted_in_validated_window,
WV,11/21/2025,Farmers Group Property and Casualty Insurance Company,19.0 Personal Auto,19.0001 Private Passenger Auto (PPA),1736.000%,2.800%,35080,527,1252866,6.000%,-6.000%,rate_change,FAIG-134672434,Approved,,output/pdfs/WV/134672434/filing_summary.pdf,pipeline_only,original,pipeline_extracted_in_validated_window,
WV,02/15/2024,GEICO Secure Insurance Company,19.0 Personal Auto,19.0001 Private Passenger Auto (PPA),0.000%,0.000%,0,4132,10691434,95.000%,-36.900%,rate_change,GECC-133909423,Approved,,output/pdfs/WV/133909423/filing_summary.pdf,pipeline_only,extension,pipeline_extracted,
WV,05/09/2024,GEICO Casualty Company,19.0 Personal Auto,19.0001 Private Passenger Auto (PPA),0.000%,-10.700%,-113014,801,1056205,0.000%,-31.700%,rate_change,GECC-134030246,Approved,,output/pdfs/WV/134030246/filing_summary.pdf,pipeline_only,extension,pipeline_extracted,
WV,05/09/2024,GEICO Secure Insurance Company,19.0 Personal Auto,19.0001 Private Passenger Auto (PPA),0.000%,-5.100%,-618310,2799,12123726,0.000%,-31.300%,rate_change,GECC-134030246,Approved,,output/pdfs/WV/134030246/filing_summary.pdf,pipeline_only,extension,pipeline_extracted,
WV,05/23/2024,GEICO Indemnity Company,19.0 Personal Auto,19.0001 Private Passenger Auto (PPA),0.000%,0.000%,0,1066,4153271,46.700%,-13.200%,rate_change,GECC-134059014,Approved,,output/pdfs/WV/134059014/filing_summary.pdf,pipeline_only,extension,pipeline_extracted,
WV,05/23/2024,GEICO Casualty Company,19.0 Personal Auto,19.0001 Private Passenger Auto (PPA),0.000%,0.000%,0,704,1056205,32.800%,-11.500%,rate_change,GECC-134059014,Approved,,output/pdfs/WV/134059014/filing_summary.pdf,pipeline_only,extension,pipeline_extracted,
WV,05/23/2024,GEICO General Insurance Company,19.0 Personal Auto,19.0001 Private Passenger Auto (PPA),0.000%,0.000%,0,5764,15413218,44.300%,-17.400%,rate_change,GECC-134059014,Approved,,output/pdfs/WV/134059014/filing_summary.pdf,pipeline_only,extension,pipeline_extracted,
WV,05/23/2024,Government Employees Insurance Company,19.0 Personal Auto,19.0001 Private Passenger Auto (PPA),0.000%,0.000%,0,2266,6095535,40.200%,-16.500%,rate_change,GECC-134059014,Approved,,output/pdfs/WV/134059014/filing_summary.pdf,pipeline_only,extension,pipeline_extracted,
WV,05/23/2024,GEICO Choice Insurance Company,19.0 Personal Auto,19.0001 Private Passenger Auto (PPA),0.000%,0.000%,0,7015,22480634,43.100%,-28.500%,rate_change,GECC-134059014,Approved,,output/pdfs/WV/134059014/filing_summary.pdf,pipeline_only,extension,pipeline_extracted,
WV,05/23/2024,GEICO Advantage Insurance Company,19.0 Personal Auto,19.0001 Private Passenger Auto (PPA),0.000%,0.000%,0,22835,62149340,54.600%,-22.600%,rate_change,GECC-134059014,Approved,,output/pdfs/WV/134059014/filing_summary.pdf,pipeline_only,extension,pipeline_extracted,
WV,10/03/2024,GEICO Casualty Company,19.0 Personal Auto,19.0001 Private Passenger Auto (PPA),0.000%,0.000%,0,1063,1056205,11.000%,-3.600%,rate_change,GECC-134114220,Approved,,output/pdfs/WV/134114220/filing_summary.pdf,pipeline_only,extension,pipeline_extracted,
WV,01/09/2025,Liberty Insurance Corporation,04.0 Homeowners,04.0000 Homeowners Sub-TOI Combinations,-2.400%,-5.000%,-967654,7894,19231787,-3.500%,-5.700%,rate_change,LBPM-134273638,Approved,,output/pdfs/WV/134273638/filing_summary.pdf,pipeline_only,original,pipeline_extracted_in_validated_window,
WV,01/22/2024,Liberty Mutual Insurance Company,19.0 Personal Auto,19.0000 Personal Auto Combinations,0.000%,0.000%,0,76,136642,0.000%,0.000%,rate_change,LBPM-133828130,Approved,,output/pdfs/WV/133828130/filing_summary.pdf,pipeline_only,extension,pipeline_extracted,
WV,01/22/2024,Liberty Mutual Personal Insurance Company,19.0 Personal Auto,19.0000 Personal Auto Combinations,0.000%,0.000%,0,7509,15993033,0.000%,0.000%,rate_change,LBPM-133828130,Approved,,output/pdfs/WV/133828130/filing_summary.pdf,pipeline_only,extension,pipeline_extracted,
WV,02/19/2024,Liberty Mutual Insurance Company,19.0 Personal Auto,19.0000 Personal Auto Combinations,23.200%,18.080%,34517,115,190871,29.000%,9.200%,rate_change,LBPM-133890480,Approved,,output/pdfs/WV/133890480/filing_summary.pdf,pipeline_only,extension,pipeline_extracted,
WV,02/19/2024,Liberty Mutual Personal Insurance Company,19.0 Personal Auto,19.0000 Personal Auto Combinations,23.200%,9.920%,1861214,8134,18769009,34.700%,-12.600%,rate_change,LBPM-133890480,Approved,,output/pdfs/WV/133890480/filing_summary.pdf,pipeline_only,extension,pipeline_extracted,
WV,05/17/2024,Liberty Insurance Corporation,04.0 Homeowners,04.0000 Homeowners Sub-TOI Combinations,26.500%,20.000%,3631033,9545,18163237,21.100%,11.200%,rate_change,LBPM-133985588,Approved,,output/pdfs/WV/133985588/filing_summary.pdf,pipeline_only,extension,pipeline_extracted,
WV,05/17/2024,Liberty Mutual Insurance Company,04.0 Homeowners,04.0000 Homeowners Sub-TOI Combinations,26.500%,19.000%,152,1,800,19.000%,19.000%,rate_change,LBPM-133985588,Approved,,output/pdfs/WV/133985588/filing_summary.pdf,pipeline_only,extension,pipeline_extracted,
WV,05/17/2024,Liberty Mutual Personal Insurance Company,04.0 Homeowners,04.0000 Homeowners Sub-TOI Combinations,26.500%,20.000%,72477,2467,362812,22.700%,0.000%,rate_change,LBPM-133985588,Approved,,output/pdfs/WV/133985588/filing_summary.pdf,pipeline_only,extension,pipeline_extracted,
WV,06/21/2024,Liberty Mutual Fire Insurance Company,04.0 Homeowners,04.0000 Homeowners Sub-TOI Combinations,26.500%,20.000%,592735,1156,2958813,29.800%,16.100%,rate_change,LBPM-133986302,Approved,,output/pdfs/WV/133986302/filing_summary.pdf,pipeline_only,extension,pipeline_extracted,
WV,05/17/2024,Liberty Mutual Insurance Company,04.0 Homeowners,04.0000 Homeowners Sub-TOI Combinations,26.500%,19.700%,9463,18,47946,20.400%,17.000%,rate_change,LBPM-133986309,Approved,,output/pdfs/WV/133986309/filing_summary.pdf,pipeline_only,extension,pipeline_extracted,
WV,05/17/2024,Liberty Mutual Personal Insurance Company,04.0 Homeowners,04.0000 Homeowners Sub-TOI Combinations,26.500%,19.800%,165670,431,835437,20.500%,17.100%,rate_change,LBPM-133986309,Approved,,output/pdfs/WV/133986309/filing_summary.pdf,pipeline_only,extension,pipeline_extracted,
WV,01/09/2025,Liberty Mutual Fire Insurance Company,04.0 Homeowners,04.0000 Homeowners Sub-TOI Combinations,-2.400%,-5.000%,-138128,933,2754908,-4.200%,-7.500%,rate_change,LBPM-134274125,Approved,,output/pdfs/WV/134274125/filing_summary.pdf,pipeline_only,original,pipeline_extracted_in_validated_window,
WV,12/05/2024,Liberty Mutual Insurance Company,04.0 Homeowners,04.0000 Homeowners Sub-TOI Combinations,-2.400%,-5.000%,-2136,16,43131,-3.100%,-5.500%,rate_change,LBPM-134274323,Approved,,output/pdfs/WV/134274323/filing_summary.pdf,pipeline_only,extension,pipeline_extracted,
WV,12/05/2024,Liberty Mutual Personal Insurance Company,04.0 Homeowners,04.0000 Homeowners Sub-TOI Combinations,-2.400%,-5.000%,-71448,800,1423561,-1.700%,-5.800%,rate_change,LBPM-134274323,Approved,,output/pdfs/WV/134274323/filing_summary.pdf,pipeline_only,extension,pipeline_extracted,
WV,09/09/2025,Liberty Mutual Insurance Company,19.0 Personal Auto,19.0000 Personal Auto Combinations,0.700%,3.800%,2412,28,64028,14.700%,-14.200%,rate_change,LBPM-134592672,Approved,,output/pdfs/WV/134592672/filing_summary.pdf,pipeline_only,original,pipeline_extracted_in_validated_window,
WV,09/09/2025,Liberty Mutual Personal Insurance Company,19.0 Personal Auto,19.0000 Personal Auto Combinations,0.700%,0.000%,-345,5585,15374811,19.300%,-76.400%,rate_change,LBPM-134592672,Approved,,output/pdfs/WV/134592672/filing_summary.pdf,pipeline_only,original,pipeline_extracted_in_validated_window,
WV,01/01/2024,Nationwide Insurance Company of America,19.0 Personal Auto,19.0001 Private Passenger Auto (PPA),,0.000%,0,31143,59799379,7.000%,-0.700%,rate_change,NWPP-133770485,Approved,,output/pdfs/WV/133770485/filing_summary.pdf,pipeline_only,extension,pipeline_extracted,
WV,01/01/2024,Nationwide Mutual Insurance Company,19.0 Personal Auto,19.0001 Private Passenger Auto (PPA),,0.000%,0,20278,50450369,7.100%,-0.800%,rate_change,NWPP-133770485,Approved,,output/pdfs/WV/133770485/filing_summary.pdf,pipeline_only,extension,pipeline_extracted,
WV,01/01/2024,Nationwide Property and Casualty Insurance Company,19.0 Personal Auto,19.0001 Private Passenger Auto (PPA),,0.000%,0,369,482075,6.800%,-0.500%,rate_change,NWPP-133770485,Approved,,output/pdfs/WV/133770485/filing_summary.pdf,pipeline_only,extension,pipeline_extracted,
WV,01/01/2024,Nationwide General Insurance Company,04.0 Homeowners,04.0000 Homeowners Sub-TOI Combinations,0.000%,0.000%,0,10636,11825108,8.600%,-0.300%,rate_change,NWPP-133782315,Approved,,output/pdfs/WV/133782315/filing_summary.pdf,pipeline_only,extension,pipeline_extracted,
WV,01/01/2024,Nationwide Mutual Insurance Company,04.0 Homeowners,04.0000 Homeowners Sub-TOI Combinations,0.000%,0.000%,0,11437,15625502,7.600%,-0.300%,rate_change,NWPP-133782315,Approved,,output/pdfs/WV/133782315/filing_summary.pdf,pipeline_only,extension,pipeline_extracted,
WV,01/01/2024,Nationwide Property and Casualty Insurance Company,04.0 Homeowners,04.0000 Homeowners Sub-TOI Combinations,0.000%,0.000%,0,11047,15653813,7.400%,-0.300%,rate_change,NWPP-133782315,Approved,,output/pdfs/WV/133782315/filing_summary.pdf,pipeline_only,extension,pipeline_extracted,
WV,03/20/2024,Nationwide Insurance Company of America,19.0 Personal Auto,19.0001 Private Passenger Auto (PPA),11.600%,6.400%,3782474,29135,59101154,57.700%,-9.500%,rate_change,NWPP-133861855,Approved,,output/pdfs/WV/133861855/filing_summary.pdf,pipeline_only,extension,pipeline_extracted,
WV,03/20/2024,Nationwide Mutual Insurance Company,19.0 Personal Auto,19.0001 Private Passenger Auto (PPA),11.600%,5.200%,2532435,19013,48700672,26.500%,-61.600%,rate_change,NWPP-133861855,Approved,,output/pdfs/WV/133861855/filing_summary.pdf,pipeline_only,extension,pipeline_extracted,
WV,03/20/2024,Nationwide Property and Casualty Insurance Company,19.0 Personal Auto,19.0001 Private Passenger Auto (PPA),11.600%,6.000%,116781,1438,1946348,30.500%,-4.400%,rate_change,NWPP-133861855,Approved,,output/pdfs/WV/133861855/filing_summary.pdf,pipeline_only,extension,pipeline_extracted,
WV,09/20/2024,Nationwide Insurance Company of America,19.0 Personal Auto,19.0001 Private Passenger Auto (PPA),9.500%,11.000%,6111537,25054,55559424,23.300%,4.400%,rate_change,NWPP-134025293,Approved,,output/pdfs/WV/134025293/filing_summary.pdf,pipeline_only,extension,pipeline_extracted,
WV,09/20/2024,Nationwide Mutual Insurance Company,19.0 Personal Auto,19.0001 Private Passenger Auto (PPA),9.500%,5.000%,2263606,16955,45272116,9.100%,1.900%,rate_change,NWPP-134025293,Approved,,output/pdfs/WV/134025293/filing_summary.pdf,pipeline_only,extension,pipeline_extracted,
WV,09/20/2024,Nationwide Property and Casualty Insurance Company,19.0 Personal Auto,19.0001 Private Passenger Auto (PPA),9.500%,11.000%,561273,2768,5102484,22.600%,4.700%,rate_change,NWPP-134025293,Approved,,output/pdfs/WV/134025293/filing_summary.pdf,pipeline_only,extension,pipeline_extracted,
WV,05/26/2025,Nationwide Property and Casualty Insurance Company,19.0 Personal Auto,19.0001 Private Passenger Auto (PPA),1.300%,0.000%,-1702,4012,10309029,63.700%,-49.200%,rate_change,NWPP-134354127,Approved,,output/pdfs/WV/134354127/filing_summary.pdf,pipeline_only,original,pipeline_extracted_in_validated_window,
WV,07/17/2025,Nationwide Insurance Company of America,19.0 Personal Auto,19.0001 Private Passenger Auto (PPA),,0.000%,0,19974,52470204,0.000%,0.000%,rate_change,NWPP-134391208,Approved,,output/pdfs/WV/134391208/filing_summary.pdf,pipeline_only,original,pipeline_extracted_in_validated_window,
WV,08/07/2025,Nationwide Property and Casualty Insurance Company,19.0 Personal Auto,19.0001 Private Passenger Auto (PPA),-4.100%,-6.000%,-683862,4411,11370846,4.500%,-10.800%,rate_change,NWPP-134491511,Approved,,output/pdfs/WV/134491511/filing_summary.pdf,pipeline_only,original,pipeline_extracted_in_validated_window,
WV,02/21/2026,Nationwide Property and Casualty Insurance Company,19.0 Personal Auto,19.0001 Private Passenger Auto (PPA),0.000%,-10.000%,-1323361,5595,13267991,-1.600%,-26.100%,rate_change,NWPP-G134771352,Approved,,output/pdfs/WV/134773541/filing_summary.pdf,pipeline_only,original,pipeline_extracted_in_validated_window,
WV,03/08/2024,Progressive Classic Insurance Company,19.0 Personal Auto,19.0001 Private Passenger Auto (PPA),18.500%,16.000%,5295990,31572,33099935,60.200%,-11.200%,rate_change,PRGS-133901046,Approved,,output/pdfs/WV/133901046/filing_summary.pdf,pipeline_only,extension,pipeline_extracted,
WV,03/08/2024,Progressive Max Insurance Company,19.0 Personal Auto,19.0001 Private Passenger Auto (PPA),4.120%,4.120%,1677461,37246,40715075,46.200%,-15.800%,rate_change,PRGS-133901046,Approved,,output/pdfs/WV/133901046/filing_summary.pdf,pipeline_only,extension,pipeline_extracted,
WV,12/20/2024,Progressive Classic Insurance Company,19.0 Personal Auto,19.0001 Private Passenger Auto (PPA),-4.958%,-2.656%,-1081145,32624,40700118,5.405%,-4.872%,rate_change,PRGS-134300965,Approved,,output/pdfs/WV/134300965/filing_summary.pdf,pipeline_only,extension,pipeline_extracted,
WV,12/20/2024,Progressive Max Insurance Company,19.0 Personal Auto,19.0001 Private Passenger Auto (PPA),-1.565%,-0.644%,-316376,43645,49125662,8.133%,-4.789%,rate_change,PRGS-134300965,Approved,,output/pdfs/WV/134300965/filing_summary.pdf,pipeline_only,extension,pipeline_extracted,
WV,07/25/2025,Progressive Classic Insurance Company,19.0 Personal Auto,19.0001 Private Passenger Auto (PPA),-6.191%,-1.147%,-549579,39078,47926993,38.851%,-28.476%,rate_change,PRGS-134441961,Approved,,output/pdfs/WV/134441961/filing_summary.pdf,pipeline_only,original,pipeline_extracted_in_validated_window,
WV,07/25/2025,Progressive Max Insurance Company,19.0 Personal Auto,19.0001 Private Passenger Auto (PPA),0.935%,-0.103%,-61747,53429,59887465,33.506%,-23.285%,rate_change,PRGS-134441961,Approved,,output/pdfs/WV/134441961/filing_summary.pdf,pipeline_only,original,pipeline_extracted_in_validated_window,
WV,01/16/2026,Progressive Classic Insurance Company,19.0 Personal Auto,19.0001 Private Passenger Auto (PPA),-4.220%,-2.713%,-1414496,43367,52137716,21.844%,-24.349%,rate_change,PRGS-134712219,Approved,,output/pdfs/WV/134712219/filing_summary.pdf,pipeline_only,original,pipeline_extracted_in_validated_window,
WV,01/16/2026,Progressive Max Insurance Company,19.0 Personal Auto,19.0001 Private Passenger Auto (PPA),-0.058%,-0.828%,-586083,62519,70782945,23.816%,-19.471%,rate_change,PRGS-134712219,Approved,,output/pdfs/WV/134712219/filing_summary.pdf,pipeline_only,original,pipeline_extracted_in_validated_window,
WV,04/17/2026,Progressive Classic Insurance Company,19.0 Personal Auto,19.0002 Motorcycle,,0.100%,5222,14959,5222239,32.400%,-23.800%,rate_change,PRGS-134763823,Approved,,output/pdfs/WV/134763823/filing_summary.pdf,pipeline_only,original,pipeline_extracted_in_validated_window,
WV,04/17/2026,Progressive Max Insurance Company,19.0 Personal Auto,19.0002 Motorcycle,,-0.100%,-4181,11693,4181308,33.100%,-26.200%,rate_change,PRGS-134763823,Approved,,output/pdfs/WV/134763823/filing_summary.pdf,pipeline_only,original,pipeline_extracted_in_validated_window,
WV,07/20/2024,Safeco Insurance Company of America,04.0 Homeowners,04.0000 Homeowners Sub-TOI Combinations,33.700%,20.000%,2010727,7960,10062575,50.000%,-9.500%,rate_change,LBPM-133970496,Approved,,output/pdfs/WV/133970496/filing_summary.pdf,pipeline_only,extension,pipeline_extracted,
WV,10/21/2024,Safeco Insurance Company of America,19.0 Personal Auto,19.0000 Personal Auto Combinations,23.200%,14.500%,8227637,24924,56683651,25.000%,3.000%,rate_change_withdrawn,LBPM-134019698,Withdrawn,,output/pdfs/WV/134019698/filing_summary.pdf,pipeline_only,extension,pipeline_extracted,
WV,05/27/2024,Safeco Insurance Company of America,19.0 Personal Auto,19.0003 Recreational Vehicle (RV),14.900%,14.900%,17969,137,120595,31.000%,7.000%,rate_change,LBPM-134063451,Approved,,output/pdfs/WV/134063451/filing_summary.pdf,pipeline_only,extension,pipeline_extracted,
WV,02/01/2025,Safeco Insurance Company of America,04.0 Homeowners,04.0000 Homeowners Sub-TOI Combinations,6.500%,-7.000%,-745232,5158,10666632,15.000%,-23.400%,rate_change,LBPM-134265206,Approved,,output/pdfs/WV/134265206/filing_summary.pdf,pipeline_only,original,pipeline_extracted_in_validated_window,
WV,05/01/2025,Safeco Insurance Company of America,04.0 Homeowners,04.0000 Homeowners Sub-TOI Combinations,16.100%,5.100%,501483,7004,9911320,50.000%,-10.000%,rate_change,LBPM-134392132,Approved,,output/pdfs/WV/134392132/filing_summary.pdf,pipeline_only,original,pipeline_extracted_in_validated_window,
WV,08/16/2025,Safeco Insurance Company of America,19.0 Personal Auto,19.0000 Personal Auto Combinations,4.100%,3.000%,1501942,21452,49515377,28.400%,-7.400%,rate_change,LBPM-134572628,Approved,,output/pdfs/WV/134572628/filing_summary.pdf,pipeline_only,original,pipeline_extracted_in_validated_window,
WV,01/01/2024,State Farm Fire and Casualty Company,19.0 Personal Auto,19.0001 Private Passenger Auto (PPA),0.000%,0.000%,0,11481,19654985,21.600%,-17.500%,rate_change,SFMA-133806759,Approved,,output/pdfs/WV/133806759/filing_summary.pdf,pipeline_only,extension,pipeline_extracted,
WV,01/01/2024,State Farm Mutual Automobile Insurance Company,19.0 Personal Auto,19.0001 Private Passenger Auto (PPA),0.000%,0.000%,0,420541,432924748,22.400%,-22.700%,rate_change,SFMA-133806759,Approved,,output/pdfs/WV/133806759/filing_summary.pdf,pipeline_only,extension,pipeline_extracted,
WV,01/22/2024,State Farm Fire and Casualty Company,19.0 Personal Auto,19.0000 Personal Auto Combinations,,6.100%,1205132,11863,19654985,,,rate_change,SFMA-133850671,Approved,,output/pdfs/WV/133850671/filing_summary.pdf,pipeline_only,extension,pipeline_extracted,
WV,01/22/2024,State Farm Mutual Automobile Insurance Company,19.0 Personal Auto,19.0000 Personal Auto Combinations,,8.700%,37834428,456775,432924748,,,rate_change,SFMA-133850671,Approved,,output/pdfs/WV/133850671/filing_summary.pdf,pipeline_only,extension,pipeline_extracted,
WV,08/01/2024,State Farm Fire and Casualty Company,19.0 Personal Auto,19.0002 Motorcycle,0.000%,0.000%,0,646,329682,10.000%,-9.500%,rate_change,SFMA-134079659,Approved,,output/pdfs/WV/134079659/filing_summary.pdf,pipeline_only,extension,pipeline_extracted,
WV,08/01/2024,State Farm Mutual Automobile Insurance Company,19.0 Personal Auto,19.0002 Motorcycle,0.000%,0.000%,0,11332,3359402,9.500%,-9.000%,rate_change,SFMA-134079659,Approved,,output/pdfs/WV/134079659/filing_summary.pdf,pipeline_only,extension,pipeline_extracted,
WV,09/01/2024,State Farm Fire and Casualty Company,04.0 Homeowners,04.0000 Homeowners Sub-TOI Combinations,,10.200%,13788861,154570,134817142,,,rate_change,SFMA-134139403,Approved,,output/pdfs/WV/134139403/filing_summary.pdf,pipeline_only,extension,pipeline_extracted,
WV,12/23/2024,State Farm Fire and Casualty Company,19.0 Personal Auto,19.0000 Personal Auto Combinations,,-2.000%,-557789,15394,27358628,,,rate_change,SFMA-134258812,Approved,,output/pdfs/WV/134258812/filing_summary.pdf,pipeline_only,extension,pipeline_extracted,
WV,12/23/2024,State Farm Mutual Automobile Insurance Company,19.0 Personal Auto,19.0000 Personal Auto Combinations,,0.200%,990682,471916,486702807,,,rate_change,SFMA-134258812,Approved,,output/pdfs/WV/134258812/filing_summary.pdf,pipeline_only,extension,pipeline_extracted,
WV,04/15/2025,State Farm Fire and Casualty Company,19.0 Personal Auto,19.0001 Private Passenger Auto (PPA),0.000%,-0.600%,-161654,14430,25925651,,,rate_change,SFMA-134293432,Approved,,output/pdfs/WV/134293432/filing_summary.pdf,pipeline_only,original,pipeline_extracted_in_validated_window,
WV,04/15/2025,State Farm Mutual Automobile Insurance Company,19.0 Personal Auto,19.0001 Private Passenger Auto (PPA),0.000%,-0.700%,-3322785,430306,478130106,,,rate_change,SFMA-134293432,Approved,,output/pdfs/WV/134293432/filing_summary.pdf,pipeline_only,original,pipeline_extracted_in_validated_window,
WV,06/16/2025,State Farm Fire and Casualty Company,19.0 Personal Auto,19.0000 Personal Auto Combinations,,-5.000%,-1328322,15575,26595288,,,rate_change,SFMA-134444980,Approved,,output/pdfs/WV/134444980/filing_summary.pdf,pipeline_only,original,pipeline_extracted_in_validated_window,
WV,06/16/2025,State Farm Mutual Automobile Insurance Company,19.0 Personal Auto,19.0000 Personal Auto Combinations,,-4.900%,-24347773,477210,493563524,,,rate_change,SFMA-134444980,Approved,,output/pdfs/WV/134444980/filing_summary.pdf,pipeline_only,original,pipeline_extracted_in_validated_window,
WV,12/29/2025,State Farm Fire and Casualty Company,19.0 Personal Auto,19.0000 Personal Auto Combinations,,-11.100%,-3014931,16701,27081620,,,rate_change,SFMA-134687218,Approved,,output/pdfs/WV/134687218/filing_summary.pdf,pipeline_only,original,pipeline_extracted_in_validated_window,
WV,12/29/2025,State Farm Mutual Automobile Insurance Company,19.0 Personal Auto,19.0000 Personal Auto Combinations,,-9.000%,-43050496,486539,479915241,,,rate_change,SFMA-134687218,Approved,,output/pdfs/WV/134687218/filing_summary.pdf,pipeline_only,original,pipeline_extracted_in_validated_window,
WV,04/15/2026,State Farm Fire and Casualty Company,04.0 Homeowners,04.0002 Mobile Homeowners,,5.400%,474672,10250,8779260,,,rate_change,SFMA-134701705,Approved,,output/pdfs/WV/134701705/filing_summary.pdf,pipeline_only,original,pipeline_extracted_in_validated_window,
WV,08/25/2024,United Services Automobile Association,04.0 Homeowners,04.0003 Owner Occupied Homeowners,9.700%,5.000%,654961,7611,13099224,5.800%,0.000%,rate_change,USAA-134138487,Approved,,output/pdfs/WV/134138487/filing_summary.pdf,pipeline_only,extension,pipeline_extracted,
WV,08/25/2024,USAA Casualty Insurance Company,04.0 Homeowners,04.0003 Owner Occupied Homeowners,,0.000%,0,0,6973264,0.000%,0.000%,rate_change,USAA-134138487,Approved,,output/pdfs/WV/134138487/filing_summary.pdf,pipeline_only,extension,pipeline_extracted,
WV,08/25/2024,USAA General Indemnity Company,04.0 Homeowners,04.0003 Owner Occupied Homeowners,,0.000%,0,0,8144709,0.000%,0.000%,rate_change,USAA-134138487,Approved,,output/pdfs/WV/134138487/filing_summary.pdf,pipeline_only,extension,pipeline_extracted,
WV,08/25/2024,Garrison Property and Casualty Insurance Company,04.0 Homeowners,04.0003 Owner Occupied Homeowners,,0.000%,0,0,2945143,0.000%,0.000%,rate_change,USAA-134138487,Approved,,output/pdfs/WV/134138487/filing_summary.pdf,pipeline_only,extension,pipeline_extracted,
WV,07/12/2025,United Services Automobile Association,19.0 Personal Auto,19.0001 Private Passenger Auto (PPA),,0.000%,0,0,19650892,0.000%,0.000%,rate_change,USAA-134509324,Approved,,output/pdfs/WV/134509324/filing_summary.pdf,pipeline_only,original,pipeline_extracted_in_validated_window,
WV,07/12/2025,USAA Casualty Insurance Company,19.0 Personal Auto,19.0001 Private Passenger Auto (PPA),,0.000%,0,0,14154952,0.000%,0.000%,rate_change,USAA-134509324,Approved,,output/pdfs/WV/134509324/filing_summary.pdf,pipeline_only,original,pipeline_extracted_in_validated_window,
WV,07/12/2025,USAA General Indemnity Company,19.0 Personal Auto,19.0001 Private Passenger Auto (PPA),,0.000%,0,0,16903212,0.000%,0.000%,rate_change,USAA-134509324,Approved,,output/pdfs/WV/134509324/filing_summary.pdf,pipeline_only,original,pipeline_extracted_in_validated_window,
WV,07/12/2025,Garrison Property and Casualty Insurance Company,19.0 Personal Auto,19.0001 Private Passenger Auto (PPA),,0.000%,0,0,7627943,0.000%,0.000%,rate_change,USAA-134509324,Approved,,output/pdfs/WV/134509324/filing_summary.pdf,pipeline_only,original,pipeline_extracted_in_validated_window,
NH,01/15/2024,Allstate Property and Casualty Insurance Company,04.0 Homeowners,04.0003 Owner Occupied Homeowners,10.800%,10.800%,3383697,21162,31330525,12.600%,4.500%,rate_change,ALSE-133916782,Approved,,output/pdfs/NH/133916782/filing_summary.pdf,pipeline_only,extension,pipeline_extracted,
NH,01/15/2024,Allstate Insurance Company,04.0 Homeowners,04.0001 Condominium Homeowners,34.400%,34.400%,553678,3209,1609610,52.300%,12.100%,rate_change,ALSE-133916823,Approved,,output/pdfs/NH/133916823/filing_summary.pdf,pipeline_only,extension,pipeline_extracted,
NH,07/08/2024,Allstate Fire and Casualty Insurance Company,19.0 Personal Auto,19.0001 Private Passenger Auto (PPA),0.000%,0.000%,0,0,72565463,0.000%,0.000%,rate_change,ALSE-134108255,Approved,,output/pdfs/NH/134108255/filing_summary.pdf,pipeline_only,extension,pipeline_extracted,
NH,09/02/2024,Allstate Fire and Casualty Insurance Company,19.0 Personal Auto,19.0001 Private Passenger Auto (PPA),0.000%,0.000%,0,39987,85981759,65.100%,-16.800%,rate_change,ALSE-134196223,Approved,,output/pdfs/NH/134196223/filing_summary.pdf,pipeline_only,extension,pipeline_extracted,
NH,09/23/2024,Allstate Insurance Company,19.0 Personal Auto,19.0001 Private Passenger Auto (PPA),0.000%,0.000%,0,0,4266764,0.000%,0.000%,rate_change,ALSE-134217943,Approved,,output/pdfs/NH/134217943/filing_summary.pdf,pipeline_only,extension,pipeline_extracted,
NH,09/23/2024,Allstate Property and Casualty Insurance Company,19.0 Personal Auto,19.0001 Private Passenger Auto (PPA),0.000%,0.000%,0,0,2771894,0.000%,0.000%,rate_change,ALSE-134217943,Approved,,output/pdfs/NH/134217943/filing_summary.pdf,pipeline_only,extension,pipeline_extracted,
NH,09/23/2024,Allstate Indemnity Company,19.0 Personal Auto,19.0001 Private Passenger Auto (PPA),0.000%,0.000%,0,0,3375302,0.000%,0.000%,rate_change,ALSE-134217943,Approved,,output/pdfs/NH/134217943/filing_summary.pdf,pipeline_only,extension,pipeline_extracted,
NH,01/20/2025,Allstate Indemnity Company,04.0 Homeowners,04.0003 Owner Occupied Homeowners,1.600%,1.600%,83217,3220,5201040,2.500%,0.800%,rate_change,ALSE-134345982,Approved,,output/pdfs/NH/134345982/filing_summary.pdf,pipeline_only,original,pipeline_extracted_in_validated_window,
NH,01/27/2025,Allstate Insurance Company,04.0 Homeowners,04.0002 Mobile Homeowners,12.900%,12.900%,101576,839,786834,14.700%,6.100%,rate_change,ALSE-134359574,Approved,,output/pdfs/NH/134359574/filing_summary.pdf,pipeline_only,original,pipeline_extracted_in_validated_window,
NH,05/19/2025,Allstate Fire and Casualty Insurance Company,19.0 Personal Auto,19.0001 Private Passenger Auto (PPA),0.000%,0.000%,0,0,75569276,0.000%,0.000%,rate_change,ALSE-134493892,Approved,,output/pdfs/NH/134493892/filing_summary.pdf,pipeline_only,original,pipeline_extracted_in_validated_window,
NH,08/19/2025,Allstate North American Insurance Company,19.0 Personal Auto,19.0001 Private Passenger Auto (PPA),0.000%,0.000%,0,0,0,0.000%,0.000%,rate_change,ALSE-134507665,Approved,,output/pdfs/NH/134507665/filing_summary.pdf,pipeline_only,original,pipeline_extracted_in_validated_window,
NH,09/15/2025,Allstate Insurance Company,19.0 Personal Auto,19.0001 Private Passenger Auto (PPA),0.000%,0.000%,0,0,4168714,0.000%,0.000%,rate_change,ALSE-134628948,Approved,,output/pdfs/NH/134628948/filing_summary.pdf,pipeline_only,original,pipeline_extracted_in_validated_window,
NH,09/15/2025,Allstate Property and Casualty Insurance Company,19.0 Personal Auto,19.0001 Private Passenger Auto (PPA),0.000%,0.000%,0,0,2799606,0.000%,0.000%,rate_change,ALSE-134628948,Approved,,output/pdfs/NH/134628948/filing_summary.pdf,pipeline_only,original,pipeline_extracted_in_validated_window,
NH,09/15/2025,Allstate Indemnity Company,19.0 Personal Auto,19.0001 Private Passenger Auto (PPA),0.000%,0.000%,0,0,3282534,0.000%,0.000%,rate_change,ALSE-134628948,Approved,,output/pdfs/NH/134628948/filing_summary.pdf,pipeline_only,original,pipeline_extracted_in_validated_window,
NH,11/26/2025,Allstate North American Insurance Company,19.0 Personal Auto,19.0001 Private Passenger Auto (PPA),,-10.000%,-506123,2125,5061231,-9.900%,-10.100%,rate_change,ALSE-134716075,Approved,,output/pdfs/NH/134716075/filing_summary.pdf,pipeline_only,original,pipeline_extracted_in_validated_window,
NH,02/23/2026,Allstate Insurance Company,04.0 Homeowners,04.0001 Condominium Homeowners,7.100%,7.100%,140409,2823,1979988,16.100%,2.600%,rate_change,ALSE-134803482,Approved,,output/pdfs/NH/134803482/filing_summary.pdf,pipeline_only,original,pipeline_extracted_in_validated_window,
NH,08/12/2024,Encompass Indemnity Company,19.0 Personal Auto,19.0001 Private Passenger Auto (PPA),0.000%,0.000%,0,0,1160534,0.000%,0.000%,rate_change,ALSE-134110652,Approved,,output/pdfs/NH/134110652/filing_summary.pdf,pipeline_only,extension,pipeline_extracted,
NH,05/31/2024,Farmers Direct Property and Casualty Insurance Company,19.0 Personal Auto,19.0001 Private Passenger Auto (PPA),8.900%,0.000%,0,1946,2433618,4.900%,-11.300%,rate_change,FAIG-134052378,Approved,,output/pdfs/NH/134052378/filing_summary.pdf,pipeline_only,extension,pipeline_extracted,
NH,07/26/2024,Farmers Direct Property and Casualty Insurance Company,04.0 Homeowners,04.0000 Homeowners Sub-TOI Combinations,0.000%,0.000%,0,797,661571,23.200%,-13.000%,rate_change,FAIG-134160339,Approved,,output/pdfs/NH/134160339/filing_summary.pdf,pipeline_only,extension,pipeline_extracted,
NH,11/04/2024,Farmers Direct Property and Casualty Insurance Company,04.0 Homeowners,04.0000 Homeowners Sub-TOI Combinations,0.000%,0.000%,0,1978,2511000,23.700%,-26.700%,rate_change,FAIG-134253528,Approved,,output/pdfs/NH/134253528/filing_summary.pdf,pipeline_only,extension,pipeline_extracted,
NH,11/04/2024,Farmers Direct Property and Casualty Insurance Company,19.0 Personal Auto,19.0001 Private Passenger Auto (PPA),0.000%,-1.100%,-40049,2156,3640852,10.000%,-10.000%,rate_change,FAIG-134261349,Approved,,output/pdfs/NH/134261349/filing_summary.pdf,pipeline_only,extension,pipeline_extracted,
NH,11/29/2024,Farmers Group Property and Casualty Insurance Company,19.0 Personal Auto,19.0001 Private Passenger Auto (PPA),0.000%,0.000%,0,5571,12739820,0.000%,0.000%,rate_change,FAIG-134296812,Approved,,output/pdfs/NH/134296812/filing_summary.pdf,pipeline_only,extension,pipeline_extracted,
NH,10/24/2025,Farmers Direct Property and Casualty Insurance Company,19.0 Personal Auto,19.0001 Private Passenger Auto (PPA),13.900%,4.000%,465098,6080,11627453,10.000%,-10.000%,rate_change,FAIG-134677193,Approved,,output/pdfs/NH/134677193/filing_summary.pdf,pipeline_only,original,pipeline_extracted_in_validated_window,
NH,10/24/2025,Farmers Direct Property and Casualty Insurance Company,04.0 Homeowners,04.0000 Homeowners Sub-TOI Combinations,15.000%,10.000%,450390,4148,4517059,27.000%,-10.000%,rate_change,FAIG-134681648,Approved,,output/pdfs/NH/134681648/filing_summary.pdf,pipeline_only,original,pipeline_extracted_in_validated_window,
NH,01/19/2026,Farmers Property and Casualty Insurance Company,19.0 Personal Auto,19.0001 Private Passenger Auto (PPA),0.000%,0.000%,0,2214,5522660,36.700%,-38.200%,rate_change,FAIG-134734751,Approved,,output/pdfs/NH/134734751/filing_summary.pdf,pipeline_only,original,pipeline_extracted_in_validated_window,
NH,01/19/2026,Farmers Group Property and Casualty Insurance Company,19.0 Personal Auto,19.0001 Private Passenger Auto (PPA),0.000%,0.000%,0,4741,11169220,80.700%,-29.200%,rate_change,FAIG-134734751,Approved,,output/pdfs/NH/134734751/filing_summary.pdf,pipeline_only,original,pipeline_extracted_in_validated_window,
NH,04/25/2024,GEICO Indemnity Company,19.0 Personal Auto,19.0001 Private Passenger Auto (PPA),0.000%,0.000%,0,2312,5657777,21.660%,-16.950%,rate_change,GECC-134028604,Approved,,output/pdfs/NH/134028604/filing_summary.pdf,pipeline_only,extension,pipeline_extracted,
NH,04/25/2024,GEICO Casualty Company,19.0 Personal Auto,19.0001 Private Passenger Auto (PPA),0.000%,0.000%,0,160,600194,14.780%,-8.200%,rate_change,GECC-134028604,Approved,,output/pdfs/NH/134028604/filing_summary.pdf,pipeline_only,extension,pipeline_extracted,
NH,04/25/2024,GEICO General Insurance Company,19.0 Personal Auto,19.0001 Private Passenger Auto (PPA),0.000%,0.000%,0,15107,27283430,34.090%,-23.390%,rate_change,GECC-134028604,Approved,,output/pdfs/NH/134028604/filing_summary.pdf,pipeline_only,extension,pipeline_extracted,
NH,04/25/2024,Government Employees Insurance Company,19.0 Personal Auto,19.0001 Private Passenger Auto (PPA),0.000%,0.000%,0,3305,5910984,31.290%,-18.800%,rate_change,GECC-134028604,Approved,,output/pdfs/NH/134028604/filing_summary.pdf,pipeline_only,extension,pipeline_extracted,
NH,04/25/2024,GEICO Advantage Insurance Company,19.0 Personal Auto,19.0001 Private Passenger Auto (PPA),0.000%,0.000%,0,30497,54527432,124.000%,-31.350%,rate_change,GECC-134028604,Approved,,output/pdfs/NH/134028604/filing_summary.pdf,pipeline_only,extension,pipeline_extracted,
NH,04/25/2024,GEICO Choice Insurance Company,19.0 Personal Auto,19.0001 Private Passenger Auto (PPA),0.000%,0.000%,0,9857,23023230,30.990%,-23.490%,rate_change,GECC-134028604,Approved,,output/pdfs/NH/134028604/filing_summary.pdf,pipeline_only,extension,pipeline_extracted,
NH,04/25/2024,GEICO Secure Insurance Company,19.0 Personal Auto,19.0001 Private Passenger Auto (PPA),0.000%,0.000%,0,5462,15301796,118.500%,-17.750%,rate_change,GECC-134028604,Approved,,output/pdfs/NH/134028604/filing_summary.pdf,pipeline_only,extension,pipeline_extracted,
NH,06/13/2024,GEICO Advantage Insurance Company,19.0 Personal Auto,19.0001 Private Passenger Auto (PPA),0.000%,-0.700%,-389375,3534,5730266,0.000%,-9.000%,rate_change,GECC-134085805,Approved,,output/pdfs/NH/134085805/filing_summary.pdf,pipeline_only,extension,pipeline_extracted,
NH,06/13/2024,GEICO Choice Insurance Company,19.0 Personal Auto,19.0001 Private Passenger Auto (PPA),0.000%,-1.200%,-275195,1979,3979306,0.000%,-9.000%,rate_change,GECC-134085805,Approved,,output/pdfs/NH/134085805/filing_summary.pdf,pipeline_only,extension,pipeline_extracted,
NH,06/13/2024,GEICO Secure Insurance Company,19.0 Personal Auto,19.0001 Private Passenger Auto (PPA),0.000%,-2.400%,-367401,1952,5043746,0.000%,-9.000%,rate_change,GECC-134085805,Approved,,output/pdfs/NH/134085805/filing_summary.pdf,pipeline_only,extension,pipeline_extracted,
NH,01/20/2024,General Insurance Company of America,19.0 Personal Auto,19.0002 Motorcycle,25.300%,23.600%,343063,4081,1453420,150.000%,-10.000%,rate_change,LBPM-133854256,Approved,,output/pdfs/NH/133854256/filing_summary.pdf,pipeline_only,extension,pipeline_extracted,
NH,01/19/2025,General Insurance Company of America,19.0 Personal Auto,19.0002 Motorcycle,15.800%,15.800%,254754,3711,1613316,150.000%,-10.000%,rate_change,LBPM-134225435,Approved,,output/pdfs/NH/134225435/filing_summary.pdf,pipeline_only,original,pipeline_extracted_in_validated_window,
NH,01/21/2024,Liberty Mutual Fire Insurance Company,04.0 Homeowners,04.0000 Homeowners Sub-TOI Combinations,25.700%,22.500%,2257380,3861,10019440,35.300%,2.600%,rate_change,LBPM-133866650,Approved,,output/pdfs/NH/133866650/filing_summary.pdf,pipeline_only,extension,pipeline_extracted,
NH,01/21/2024,The First Liberty Insurance Corporation,04.0 Homeowners,04.0000 Homeowners Sub-TOI Combinations,25.700%,23.000%,21604,321,93985,23.500%,14.000%,rate_change,LBPM-133866650,Approved,,output/pdfs/NH/133866650/filing_summary.pdf,pipeline_only,extension,pipeline_extracted,
NH,02/19/2024,Liberty Mutual Insurance Company,19.0 Personal Auto,19.0000 Personal Auto Combinations,21.500%,22.600%,32984,69,145662,43.100%,13.500%,rate_change,LBPM-133885834,Approved,,output/pdfs/NH/133885834/filing_summary.pdf,pipeline_only,extension,pipeline_extracted,
NH,02/19/2024,Liberty Mutual Personal Insurance Company,19.0 Personal Auto,19.0000 Personal Auto Combinations,21.500%,16.900%,5412070,16984,31937896,45.900%,-26.800%,rate_change,LBPM-133885834,Approved,,output/pdfs/NH/133885834/filing_summary.pdf,pipeline_only,extension,pipeline_extracted,
NH,04/04/2024,Liberty Insurance Corporation,19.0 Personal Auto,19.0000 Personal Auto Combinations,21.500%,18.100%,5873,7,32460,25.500%,15.700%,rate_change,LBPM-133900276,Approved,,output/pdfs/NH/133900276/filing_summary.pdf,pipeline_only,extension,pipeline_extracted,
NH,04/04/2024,Liberty Mutual Fire Insurance Company,19.0 Personal Auto,19.0000 Personal Auto Combinations,21.500%,17.000%,1183156,2197,6976167,28.300%,10.000%,rate_change,LBPM-133900276,Approved,,output/pdfs/NH/133900276/filing_summary.pdf,pipeline_only,extension,pipeline_extracted,
NH,04/04/2024,The First Liberty Insurance Corporation,19.0 Personal Auto,19.0000 Personal Auto Combinations,21.500%,17.200%,49394,102,287632,24.200%,13.700%,rate_change,LBPM-133900276,Approved,,output/pdfs/NH/133900276/filing_summary.pdf,pipeline_only,extension,pipeline_extracted,
NH,10/04/2024,Liberty Insurance Corporation,04.0 Homeowners,04.0000 Homeowners Sub-TOI Combinations,1.500%,10.600%,183267,3451,1726884,11.400%,2.000%,rate_change,LBPM-134218944,Approved,,output/pdfs/NH/134218944/filing_summary.pdf,pipeline_only,extension,pipeline_extracted,
NH,10/04/2024,Liberty Mutual Insurance Company,04.0 Homeowners,04.0000 Homeowners Sub-TOI Combinations,1.500%,8.000%,83858,6676,1050031,10.000%,0.000%,rate_change,LBPM-134218944,Approved,,output/pdfs/NH/134218944/filing_summary.pdf,pipeline_only,extension,pipeline_extracted,
NH,10/04/2024,Liberty Mutual Personal Insurance Company,04.0 Homeowners,04.0000 Homeowners Sub-TOI Combinations,1.500%,-9.900%,-4436709,19940,44605576,9.100%,-10.600%,rate_change,LBPM-134218944,Approved,,output/pdfs/NH/134218944/filing_summary.pdf,pipeline_only,extension,pipeline_extracted,
NH,11/25/2024,Liberty Mutual Fire Insurance Company,04.0 Homeowners,04.0000 Homeowners Sub-TOI Combinations,1.500%,-9.300%,-1028248,3406,11053937,11.300%,-14.500%,rate_change,LBPM-134221811,Approved,,output/pdfs/NH/134221811/filing_summary.pdf,pipeline_only,extension,pipeline_extracted,
NH,11/25/2024,The First Liberty Insurance Corporation,04.0 Homeowners,04.0000 Homeowners Sub-TOI Combinations,1.500%,8.000%,8309,285,103817,8.200%,4.700%,rate_change,LBPM-134221811,Approved,,output/pdfs/NH/134221811/filing_summary.pdf,pipeline_only,extension,pipeline_extracted,
NH,12/12/2024,Liberty Insurance Corporation,19.0 Personal Auto,19.0000 Personal Auto Combinations,-9.500%,-6.800%,-2197,7,32328,-6.300%,-7.700%,rate_change,LBPM-134260481,Approved,,output/pdfs/NH/134260481/filing_summary.pdf,pipeline_only,extension,pipeline_extracted,
NH,12/12/2024,Liberty Mutual Fire Insurance Company,19.0 Personal Auto,19.0000 Personal Auto Combinations,-9.500%,-7.100%,-504037,1825,7134256,-3.900%,-16.700%,rate_change,LBPM-134260481,Approved,,output/pdfs/NH/134260481/filing_summary.pdf,pipeline_only,extension,pipeline_extracted,
NH,12/12/2024,The First Liberty Insurance Corporation,19.0 Personal Auto,19.0000 Personal Auto Combinations,-9.500%,-7.000%,-21137,89,304057,-3.600%,-7.800%,rate_change,LBPM-134260481,Approved,,output/pdfs/NH/134260481/filing_summary.pdf,pipeline_only,extension,pipeline_extracted,
NH,10/28/2024,Liberty Mutual Insurance Company,19.0 Personal Auto,19.0000 Personal Auto Combinations,-9.500%,-7.500%,-4611,24,61683,-3.630%,-9.620%,rate_change,LBPM-134260829,Approved,,output/pdfs/NH/134260829/filing_summary.pdf,pipeline_only,extension,pipeline_extracted,
NH,10/28/2024,Liberty Mutual Personal Insurance Company,19.0 Personal Auto,19.0000 Personal Auto Combinations,-9.500%,-7.000%,-2124052,13316,30147175,-2.540%,-11.550%,rate_change,LBPM-134260829,Approved,,output/pdfs/NH/134260829/filing_summary.pdf,pipeline_only,extension,pipeline_extracted,
NH,03/01/2025,Liberty Mutual Insurance Company,04.0 Homeowners,04.0000 Homeowners Sub-TOI Combinations,0.000%,0.000%,0,0,0,0.000%,0.000%,rate_change,LBPM-134397120,Approved,,output/pdfs/NH/134397120/filing_summary.pdf,pipeline_only,original,pipeline_extracted_in_validated_window,
NH,06/01/2025,Liberty Mutual Insurance Company,19.0 Personal Auto,19.0000 Personal Auto Combinations,0.000%,2.200%,657,13,29650,7.300%,-9.300%,rate_change,LBPM-134517171,Approved,,output/pdfs/NH/134517171/filing_summary.pdf,pipeline_only,original,pipeline_extracted_in_validated_window,
NH,06/01/2025,Liberty Mutual Personal Insurance Company,19.0 Personal Auto,19.0000 Personal Auto Combinations,0.000%,-0.100%,-31042,10198,21671980,19.900%,-24.200%,rate_change,LBPM-134517171,Approved,,output/pdfs/NH/134517171/filing_summary.pdf,pipeline_only,original,pipeline_extracted_in_validated_window,
NH,03/01/2026,Liberty Mutual Insurance Company,04.0 Homeowners,04.0000 Homeowners Sub-TOI Combinations,0.000%,-15.100%,-6684,16,44346,-14.400%,-15.300%,rate_change,LBPM-134771924,Approved,,output/pdfs/NH/134771924/filing_summary.pdf,pipeline_only,original,pipeline_extracted_in_validated_window,
NH,04/07/2024,Nationwide Mutual Insurance Company,19.0 Personal Auto,19.0001 Private Passenger Auto (PPA),8.500%,8.500%,578096,3918,6801124,62.900%,2.200%,rate_change,NWPP-133868817,Approved,,output/pdfs/NH/133868817/filing_summary.pdf,pipeline_only,extension,pipeline_extracted,
NH,08/06/2024,Nationwide Insurance Company of America,04.0 Homeowners,04.0000 Homeowners Sub-TOI Combinations,13.800%,0.000%,0,0,0,0.000%,0.000%,rate_change,NWPP-134036096,Approved,,output/pdfs/NH/134036096/filing_summary.pdf,pipeline_only,extension,pipeline_extracted,
NH,08/06/2024,Nationwide General Insurance Company,04.0 Homeowners,04.0000 Homeowners Sub-TOI Combinations,13.800%,13.800%,534112,2648,3870607,70.900%,-0.200%,rate_change,NWPP-134036096,Approved,,output/pdfs/NH/134036096/filing_summary.pdf,pipeline_only,extension,pipeline_extracted,
NH,08/06/2024,Nationwide Mutual Insurance Company,04.0 Homeowners,04.0000 Homeowners Sub-TOI Combinations,12.500%,12.500%,264250,1034,2113021,73.400%,-0.500%,rate_change,NWPP-134036096,Approved,,output/pdfs/NH/134036096/filing_summary.pdf,pipeline_only,extension,pipeline_extracted,
NH,08/06/2024,Nationwide Property and Casualty Insurance Company,04.0 Homeowners,04.0000 Homeowners Sub-TOI Combinations,13.100%,13.100%,312752,1275,2389299,68.400%,-1.100%,rate_change,NWPP-134036096,Approved,,output/pdfs/NH/134036096/filing_summary.pdf,pipeline_only,extension,pipeline_extracted,
NH,08/24/2025,Nationwide Mutual Insurance Company,19.0 Personal Auto,19.0001 Private Passenger Auto (PPA),,-10.000%,-646415,2959,6464147,98.600%,-69.000%,rate_change,NWPP-134516923,Approved,,output/pdfs/NH/134516923/filing_summary.pdf,pipeline_only,original,pipeline_extracted_in_validated_window,
NH,08/10/2025,Nationwide Insurance Company of America,04.0 Homeowners,04.0000 Homeowners Sub-TOI Combinations,,-10.200%,-3729,33,36468,26.800%,-36.100%,rate_change,NWPP-134552808,Approved,,output/pdfs/NH/134552808/filing_summary.pdf,pipeline_only,original,pipeline_extracted_in_validated_window,
NH,08/10/2025,Nationwide General Insurance Company,04.0 Homeowners,04.0000 Homeowners Sub-TOI Combinations,,0.000%,0,2058,3356066,0.000%,0.000%,rate_change,NWPP-134552808,Approved,,output/pdfs/NH/134552808/filing_summary.pdf,pipeline_only,original,pipeline_extracted_in_validated_window,
NH,08/10/2025,Nationwide Mutual Insurance Company,04.0 Homeowners,04.0000 Homeowners Sub-TOI Combinations,,0.000%,0,848,1940749,0.000%,0.000%,rate_change,NWPP-134552808,Approved,,output/pdfs/NH/134552808/filing_summary.pdf,pipeline_only,original,pipeline_extracted_in_validated_window,
NH,08/10/2025,Nationwide Property and Casualty Insurance Company,04.0 Homeowners,04.0000 Homeowners Sub-TOI Combinations,,0.000%,0,1057,2190433,0.000%,0.000%,rate_change,NWPP-134552808,Approved,,output/pdfs/NH/134552808/filing_summary.pdf,pipeline_only,original,pipeline_extracted_in_validated_window,
NH,02/16/2024,Progressive Northern Insurance Company,19.0 Personal Auto,19.0003 Recreational Vehicle (RV),15.500%,10.800%,351615,6072,3255696,92.400%,-12.500%,rate_change,PRGS-133886249,Approved,,output/pdfs/NH/133886249/filing_summary.pdf,pipeline_only,extension,pipeline_extracted,
NH,02/16/2024,Progressive Universal Insurance Company,19.0 Personal Auto,19.0003 Recreational Vehicle (RV),15.500%,10.500%,212657,4612,2025304,96.700%,-15.600%,rate_change,PRGS-133886249,Approved,,output/pdfs/NH/133886249/filing_summary.pdf,pipeline_only,extension,pipeline_extracted,
NH,04/12/2024,Progressive Casualty Insurance Company,19.0 Personal Auto,19.0001 Private Passenger Auto (PPA),7.800%,5.700%,743,10,13037,10.400%,1.500%,rate_change,PRGS-133998895,Approved,,output/pdfs/NH/133998895/filing_summary.pdf,pipeline_only,extension,pipeline_extracted,
NH,04/12/2024,Progressive Northern Insurance Company,19.0 Personal Auto,19.0001 Private Passenger Auto (PPA),7.800%,5.700%,3701848,38380,64944694,10.400%,1.500%,rate_change,PRGS-133998895,Approved,,output/pdfs/NH/133998895/filing_summary.pdf,pipeline_only,extension,pipeline_extracted,
NH,06/21/2024,Progressive Northern Insurance Company,19.0 Personal Auto,19.0003 Recreational Vehicle (RV),11.700%,4.700%,74234,1902,1579445,6.800%,0.000%,rate_change,PRGS-134029568,Approved,,output/pdfs/NH/134029568/filing_summary.pdf,pipeline_only,extension,pipeline_extracted,
NH,06/21/2024,Progressive Universal Insurance Company,19.0 Personal Auto,19.0003 Recreational Vehicle (RV),11.700%,4.900%,39215,958,800299,7.300%,0.000%,rate_change,PRGS-134029568,Approved,,output/pdfs/NH/134029568/filing_summary.pdf,pipeline_only,extension,pipeline_extracted,
NH,11/08/2024,Progressive Casualty Insurance Company,19.0 Personal Auto,19.0001 Private Passenger Auto (PPA),-0.300%,0.000%,0,10,13377,110.600%,-46.200%,rate_change,PRGS-134213776,Approved,,output/pdfs/NH/134213776/filing_summary.pdf,pipeline_only,extension,pipeline_extracted,
NH,11/08/2024,Progressive Northern Insurance Company,19.0 Personal Auto,19.0001 Private Passenger Auto (PPA),-0.300%,0.000%,0,39652,68540709,110.600%,-46.200%,rate_change,PRGS-134213776,Approved,,output/pdfs/NH/134213776/filing_summary.pdf,pipeline_only,extension,pipeline_extracted,
NH,11/08/2024,Progressive Universal Insurance Company,19.0 Personal Auto,19.0001 Private Passenger Auto (PPA),0.600%,0.000%,0,78631,113461551,123.400%,-72.900%,rate_change,PRGS-134213859,Approved,,output/pdfs/NH/134213859/filing_summary.pdf,pipeline_only,extension,pipeline_extracted,
NH,06/06/2025,Progressive Universal Insurance Company,19.0 Personal Auto,19.0001 Private Passenger Auto (PPA),3.000%,2.800%,3947009,94079,140964609,8.800%,-13.900%,rate_change,PRGS-134467198,Approved,,output/pdfs/NH/134467198/filing_summary.pdf,pipeline_only,original,pipeline_extracted_in_validated_window,
NH,12/12/2025,Progressive Northern Insurance Company,19.0 Personal Auto,19.0003 Recreational Vehicle (RV),7.200%,6.200%,129181,2103,2083569,9.000%,0.000%,rate_change,PRGS-134657237,Approved,,output/pdfs/NH/134657237/filing_summary.pdf,pipeline_only,original,pipeline_extracted_in_validated_window,
NH,12/12/2025,Progressive Universal Insurance Company,19.0 Personal Auto,19.0003 Recreational Vehicle (RV),7.200%,6.100%,58931,1100,966074,10.400%,0.000%,rate_change,PRGS-134657237,Approved,,output/pdfs/NH/134657237/filing_summary.pdf,pipeline_only,original,pipeline_extracted_in_validated_window,
NH,10/04/2024,Safeco Insurance Company of America,19.0 Personal Auto,19.0000 Personal Auto Combinations,31.800%,17.000%,6465208,20855,38022579,98.300%,-41.600%,rate_change_withdrawn,LBPM-133955091,Withdrawn,,output/pdfs/NH/133955091/filing_summary.pdf,pipeline_only,extension,pipeline_extracted,
NH,04/14/2024,Safeco Insurance Company of America,04.0 Homeowners,04.0000 Homeowners Sub-TOI Combinations,42.100%,12.000%,2580213,11034,21511880,37.000%,3.500%,rate_change,LBPM-133964196,Approved,,output/pdfs/NH/133964196/filing_summary.pdf,pipeline_only,extension,pipeline_extracted,
NH,09/17/2024,Safeco Insurance Company of America,04.0 Homeowners,04.0000 Homeowners Sub-TOI Combinations,31.500%,20.000%,4888840,13763,24488152,64.600%,0.000%,rate_change,LBPM-134041703,Approved,,output/pdfs/NH/134041703/filing_summary.pdf,pipeline_only,extension,pipeline_extracted,
NH,10/15/2024,Safeco Insurance Company of America,19.0 Personal Auto,19.0003 Recreational Vehicle (RV),32.200%,27.500%,75914,265,276482,51.700%,6.900%,rate_change,LBPM-134200631,Approved,,output/pdfs/NH/134200631/filing_summary.pdf,pipeline_only,extension,pipeline_extracted,
NH,12/14/2024,Safeco Insurance Company of America,04.0 Homeowners,04.0000 Homeowners Sub-TOI Combinations,2.200%,-9.400%,-2462061,10422,26205287,65.000%,-10.800%,rate_change,LBPM-134296495,Approved,,output/pdfs/NH/134296495/filing_summary.pdf,pipeline_only,extension,pipeline_extracted,
NH,05/18/2025,Safeco Insurance Company of America,19.0 Personal Auto,19.0000 Personal Auto Combinations,11.700%,5.000%,1616392,17830,32099049,21.000%,-1.200%,rate_change,LBPM-134442307,Approved,,output/pdfs/NH/134442307/filing_summary.pdf,pipeline_only,original,pipeline_extracted_in_validated_window,
NH,01/01/2024,State Farm Fire and Casualty Company,19.0 Personal Auto,19.0001 Private Passenger Auto (PPA),0.000%,0.000%,0,4754,7864293,23.500%,-24.000%,rate_change,SFMA-133814216,Approved,,output/pdfs/NH/133814216/filing_summary.pdf,pipeline_only,extension,pipeline_extracted,
NH,01/01/2024,State Farm Mutual Automobile Insurance Company,19.0 Personal Auto,19.0001 Private Passenger Auto (PPA),0.000%,0.000%,0,158188,111567727,20.800%,-20.600%,rate_change,SFMA-133814216,Approved,,output/pdfs/NH/133814216/filing_summary.pdf,pipeline_only,extension,pipeline_extracted,
NH,05/01/2024,State Farm Fire and Casualty Company,04.0 Homeowners,04.0000 Homeowners Sub-TOI Combinations,15.000%,11.200%,5799862,77549,51935485,21.200%,0.000%,rate_change,SFMA-133939696,Approved,,output/pdfs/NH/133939696/filing_summary.pdf,pipeline_only,extension,pipeline_extracted,
NH,06/10/2024,State Farm Fire and Casualty Company,19.0 Personal Auto,19.0000 Personal Auto Combinations,23.300%,8.300%,976580,5523,11738567,29.300%,-5.000%,rate_change,SFMA-134036921,Approved,,output/pdfs/NH/134036921/filing_summary.pdf,pipeline_only,extension,pipeline_extracted,
NH,06/10/2024,State Farm Mutual Automobile Insurance Company,19.0 Personal Auto,19.0000 Personal Auto Combinations,10.800%,8.200%,13960032,190963,170508261,31.600%,-11.300%,rate_change,SFMA-134036921,Approved,,output/pdfs/NH/134036921/filing_summary.pdf,pipeline_only,extension,pipeline_extracted,
NH,08/01/2024,State Farm Fire and Casualty Company,19.0 Personal Auto,19.0002 Motorcycle,0.000%,0.000%,0,440,203965,10.000%,-9.500%,rate_change,SFMA-134075964,Approved,,output/pdfs/NH/134075964/filing_summary.pdf,pipeline_only,extension,pipeline_extracted,
NH,08/01/2024,State Farm Mutual Automobile Insurance Company,19.0 Personal Auto,19.0002 Motorcycle,0.000%,0.000%,0,8788,2168500,9.500%,-9.000%,rate_change,SFMA-134075964,Approved,,output/pdfs/NH/134075964/filing_summary.pdf,pipeline_only,extension,pipeline_extracted,
NH,04/15/2025,State Farm Fire and Casualty Company,19.0 Personal Auto,19.0001 Private Passenger Auto (PPA),0.000%,0.000%,0,5135,9825836,22.090%,-18.860%,rate_change,SFMA-134294025,Approved,,output/pdfs/NH/134294025/filing_summary.pdf,pipeline_only,original,pipeline_extracted_in_validated_window,
NH,04/15/2025,State Farm Mutual Automobile Insurance Company,19.0 Personal Auto,19.0001 Private Passenger Auto (PPA),0.000%,0.000%,0,170813,142506272,20.000%,-18.190%,rate_change,SFMA-134294025,Approved,,output/pdfs/NH/134294025/filing_summary.pdf,pipeline_only,original,pipeline_extracted_in_validated_window,
NH,05/01/2025,State Farm Fire and Casualty Company,04.0 Homeowners,04.0000 Homeowners Sub-TOI Combinations,13.400%,9.500%,6316712,83794,66735099,22.500%,-0.100%,rate_change,SFMA-134450266,Approved,,output/pdfs/NH/134450266/filing_summary.pdf,pipeline_only,original,pipeline_extracted_in_validated_window,
NH,06/16/2025,State Farm Fire and Casualty Company,19.0 Personal Auto,19.0000 Personal Auto Combinations,12.300%,-0.100%,-6003,4929,10999543,18.500%,-17.900%,rate_change,SFMA-134476124,Approved,,output/pdfs/NH/134476124/filing_summary.pdf,pipeline_only,original,pipeline_extracted_in_validated_window,
NH,06/16/2025,State Farm Mutual Automobile Insurance Company,19.0 Personal Auto,19.0000 Personal Auto Combinations,0.900%,-0.900%,-1615088,195842,189802495,33.300%,-32.100%,rate_change,SFMA-134476124,Approved,,output/pdfs/NH/134476124/filing_summary.pdf,pipeline_only,original,pipeline_extracted_in_validated_window,
NH,12/05/2025,State Farm Fire and Casualty Company,19.0 Personal Auto,19.0000 Personal Auto Combinations,16.100%,-8.700%,-712929,3819,8185562,11.100%,-15.200%,rate_change,SFMA-134695290,Approved,,output/pdfs/NH/134695290/filing_summary.pdf,pipeline_only,original,pipeline_extracted_in_validated_window,
NH,12/05/2025,State Farm Mutual Automobile Insurance Company,19.0 Personal Auto,19.0000 Personal Auto Combinations,-1.800%,-9.700%,-18527664,198655,190752602,0.300%,-16.000%,rate_change,SFMA-134695290,Approved,,output/pdfs/NH/134695290/filing_summary.pdf,pipeline_only,original,pipeline_extracted_in_validated_window,
NH,01/05/2024,Travelers Personal Insurance Company,04.0 Homeowners,04.0000 Homeowners Sub-TOI Combinations,,0.000%,0,18007,16081546,1.500%,-0.900%,rate_change,TRVD-133869498,Approved,,output/pdfs/NH/133869498/filing_summary.pdf,pipeline_only,extension,pipeline_extracted,
NH,04/21/2024,Travelers Personal Insurance Company,04.0 Homeowners,04.0000 Homeowners Sub-TOI Combinations,9.500%,8.800%,1474707,18435,16758036,37.000%,-7.400%,rate_change,TRVD-133989471,Approved,,output/pdfs/NH/133989471/filing_summary.pdf,pipeline_only,extension,pipeline_extracted,
NH,05/18/2025,Travelers Personal Insurance Company,04.0 Homeowners,04.0000 Homeowners Sub-TOI Combinations,0.000%,0.000%,0,19788,21063863,11.400%,-29.200%,rate_change,TRVD-G134423925,Approved,,output/pdfs/NH/134435315/filing_summary.pdf,pipeline_only,original,pipeline_extracted_in_validated_window,
NH,11/16/2025,Travelers Personal Insurance Company,04.0 Homeowners,04.0000 Homeowners Sub-TOI Combinations,,0.000%,0,20361,22461162,188.400%,-21.000%,rate_change,TRVD-G134654844,Approved,,output/pdfs/NH/134656059/filing_summary.pdf,pipeline_only,original,pipeline_extracted_in_validated_window,
NH,10/13/2024,United Services Automobile Association,19.0 Personal Auto,19.0001 Private Passenger Auto (PPA),2.900%,2.700%,571684,12227,21173476,6.040%,1.310%,rate_change,USAA-134205749,Approved,,output/pdfs/NH/134205749/filing_summary.pdf,pipeline_only,extension,pipeline_extracted,
NH,10/13/2024,USAA Casualty Insurance Company,19.0 Personal Auto,19.0001 Private Passenger Auto (PPA),0.600%,0.500%,103639,13262,20727844,3.020%,0.020%,rate_change,USAA-134205749,Approved,,output/pdfs/NH/134205749/filing_summary.pdf,pipeline_only,extension,pipeline_extracted,
NH,10/13/2024,USAA General Indemnity Company,19.0 Personal Auto,19.0001 Private Passenger Auto (PPA),5.500%,2.500%,359098,8820,14363906,8.620%,1.220%,rate_change,USAA-134205749,Approved,,output/pdfs/NH/134205749/filing_summary.pdf,pipeline_only,extension,pipeline_extracted,
NH,10/13/2024,Garrison Property and Casualty Insurance Company,19.0 Personal Auto,19.0001 Private Passenger Auto (PPA),2.800%,2.700%,262577,6406,9725086,8.770%,0.860%,rate_change,USAA-134205749,Approved,,output/pdfs/NH/134205749/filing_summary.pdf,pipeline_only,extension,pipeline_extracted,
NH,06/14/2025,United Services Automobile Association,19.0 Personal Auto,19.0001 Private Passenger Auto (PPA),,0.000%,0,0,23748500,0.000%,0.000%,rate_change,USAA-134448095,Approved,,output/pdfs/NH/134448095/filing_summary.pdf,pipeline_only,original,pipeline_extracted_in_validated_window,
NH,06/14/2025,USAA Casualty Insurance Company,19.0 Personal Auto,19.0001 Private Passenger Auto (PPA),,0.000%,0,0,25015388,0.000%,0.000%,rate_change,USAA-134448095,Approved,,output/pdfs/NH/134448095/filing_summary.pdf,pipeline_only,original,pipeline_extracted_in_validated_window,
NH,06/14/2025,USAA General Indemnity Company,19.0 Personal Auto,19.0001 Private Passenger Auto (PPA),,0.000%,0,0,16579479,0.000%,0.000%,rate_change,USAA-134448095,Approved,,output/pdfs/NH/134448095/filing_summary.pdf,pipeline_only,original,pipeline_extracted_in_validated_window,
NH,06/14/2025,Garrison Property and Casualty Insurance Company,19.0 Personal Auto,19.0001 Private Passenger Auto (PPA),,0.000%,0,0,11682816,0.000%,0.000%,rate_change,USAA-134448095,Approved,,output/pdfs/NH/134448095/filing_summary.pdf,pipeline_only,original,pipeline_extracted_in_validated_window,
VT,07/15/2024,Allstate Fire and Casualty Insurance Company,19.0 Personal Auto,19.0001 Private Passenger Auto (PPA),2.200%,2.200%,407057,11486,18502578,28.600%,-0.400%,rate_change,ALSE-134070367,,,output/pdfs/VT/134070367/filing_summary.pdf,pipeline_only,extension,pipeline_extracted,
VT,07/15/2024,Allstate Indemnity Company,19.0 Personal Auto,19.0001 Private Passenger Auto (PPA),13.700%,13.700%,151074,628,1102732,35.400%,0.000%,rate_change,ALSE-134076000,,,output/pdfs/VT/134076000/filing_summary.pdf,pipeline_only,extension,pipeline_extracted,
VT,07/01/2024,Allstate Fire and Casualty Insurance Company,19.0 Personal Auto,19.0001 Private Passenger Auto (PPA),0.000%,0.000%,0,0,18222824,0.000%,0.000%,rate_change,ALSE-134148775,,,output/pdfs/VT/134148775/filing_summary.pdf,pipeline_only,extension,pipeline_extracted,
VT,08/19/2024,Allstate Indemnity Company,04.0 Homeowners,04.0004 Tenant Homeowners,39.600%,39.600%,116809,2931,294995,51.100%,15.700%,rate_change,ALSE-134164654,,,output/pdfs/VT/134164654/filing_summary.pdf,pipeline_only,extension,pipeline_extracted,
VT,08/19/2024,Allstate Insurance Company,04.0 Homeowners,04.0002 Mobile Homeowners,13.800%,13.800%,65988,666,477947,18.600%,3.500%,rate_change,ALSE-134164677,,,output/pdfs/VT/134164677/filing_summary.pdf,pipeline_only,extension,pipeline_extracted,
VT,09/23/2024,Allstate Insurance Company,19.0 Personal Auto,19.0001 Private Passenger Auto (PPA),0.000%,0.000%,0,0,2302438,0.000%,0.000%,rate_change,ALSE-134228998,,,output/pdfs/VT/134228998/filing_summary.pdf,pipeline_only,extension,pipeline_extracted,
VT,09/23/2024,Allstate Property and Casualty Insurance Company,19.0 Personal Auto,19.0001 Private Passenger Auto (PPA),0.000%,0.000%,0,0,1145315,0.000%,0.000%,rate_change,ALSE-134228998,,,output/pdfs/VT/134228998/filing_summary.pdf,pipeline_only,extension,pipeline_extracted,
VT,09/23/2024,Allstate Indemnity Company,19.0 Personal Auto,19.0001 Private Passenger Auto (PPA),0.000%,0.000%,0,0,1109997,0.000%,0.000%,rate_change,ALSE-134228998,,,output/pdfs/VT/134228998/filing_summary.pdf,pipeline_only,extension,pipeline_extracted,
VT,10/07/2024,Allstate Property and Casualty Insurance Company,04.0 Homeowners,04.0003 Owner Occupied Homeowners,8.600%,8.600%,789189,7538,9176613,9.900%,3.400%,rate_change,ALSE-134231172,,,output/pdfs/VT/134231172/filing_summary.pdf,pipeline_only,extension,pipeline_extracted,
VT,05/05/2025,Allstate Fire and Casualty Insurance Company,19.0 Personal Auto,19.0001 Private Passenger Auto (PPA),0.000%,0.000%,0,0,23369400,0.000%,0.000%,rate_change,ALSE-134494597,,,output/pdfs/VT/134494597/filing_summary.pdf,pipeline_only,original,pipeline_extracted_in_validated_window,
VT,03/30/2026,Allstate Property and Casualty Insurance Company,04.0 Homeowners,04.0003 Owner Occupied Homeowners,6.400%,6.400%,739558,8496,11555598,7.600%,2.600%,rate_change,ALSE-134643712,,,output/pdfs/VT/134643712/filing_summary.pdf,pipeline_only,original,pipeline_extracted_in_validated_window,
VT,09/29/2025,Allstate Insurance Company,19.0 Personal Auto,19.0001 Private Passenger Auto (PPA),0.000%,0.000%,0,0,2165344,0.000%,0.000%,rate_change,ALSE-134652137,,,output/pdfs/VT/134652137/filing_summary.pdf,pipeline_only,original,pipeline_extracted_in_validated_window,
VT,09/29/2025,Allstate Property and Casualty Insurance Company,19.0 Personal Auto,19.0001 Private Passenger Auto (PPA),0.000%,0.000%,0,0,1097615,0.000%,0.000%,rate_change,ALSE-134652137,,,output/pdfs/VT/134652137/filing_summary.pdf,pipeline_only,original,pipeline_extracted_in_validated_window,
VT,09/29/2025,Allstate Indemnity Company,19.0 Personal Auto,19.0001 Private Passenger Auto (PPA),0.000%,0.000%,0,0,1485109,0.000%,0.000%,rate_change,ALSE-134652137,,,output/pdfs/VT/134652137/filing_summary.pdf,pipeline_only,original,pipeline_extracted_in_validated_window,
VT,02/23/2026,Allstate Property and Casualty Insurance Company,19.0 Personal Auto,19.0003 Recreational Vehicle (RV),29.200%,29.200%,141731,2084,485381,66.900%,0.000%,rate_change_disapproved,ALSE-134796059,Rejected,,output/pdfs/VT/134796059/filing_summary.pdf,pipeline_only,original,pipeline_extracted_in_validated_window,
VT,03/09/2026,Allstate Property and Casualty Insurance Company,19.0 Personal Auto,19.0002 Motorcycle,66.100%,53.400%,210953,1532,395043,95.900%,0.000%,rate_change,ALSE-134809505,,,output/pdfs/VT/134809505/filing_summary.pdf,pipeline_only,original,pipeline_extracted_in_validated_window,
VT,03/09/2026,Allstate Property and Casualty Insurance Company,19.0 Personal Auto,19.0003 Recreational Vehicle (RV),29.200%,29.200%,141731,2084,485381,66.900%,0.000%,rate_change,ALSE-134810379,,,output/pdfs/VT/134810379/filing_summary.pdf,pipeline_only,original,pipeline_extracted_in_validated_window,
VT,03/30/2026,Allstate Insurance Company,04.0 Homeowners,04.0001 Condominium Homeowners,38.800%,38.800%,63705,471,164284,84.900%,12.100%,rate_change,ALSE-134833861,,,output/pdfs/VT/134833861/filing_summary.pdf,pipeline_only,original,pipeline_extracted_in_validated_window,
VT,12/05/2025,Farmers Property and Casualty Insurance Company,04.0 Homeowners,04.0000 Homeowners Sub-TOI Combinations,21.700%,9.200%,169280,1681,1840000,9.500%,0.000%,rate_change,FAIG-134714347,,,output/pdfs/VT/134714347/filing_summary.pdf,pipeline_only,original,pipeline_extracted_in_validated_window,
VT,04/11/2024,GEICO Indemnity Company,19.0 Personal Auto,19.0001 Private Passenger Auto (PPA),14.800%,1.400%,276039,11060,19837780,139.500%,-23.200%,rate_change,GECC-133966004,,,output/pdfs/VT/133966004/filing_summary.pdf,pipeline_only,extension,pipeline_extracted,
VT,04/11/2024,GEICO General Insurance Company,19.0 Personal Auto,19.0001 Private Passenger Auto (PPA),10.800%,0.000%,3828,30045,37461225,142.800%,-29.900%,rate_change,GECC-133966004,,,output/pdfs/VT/133966004/filing_summary.pdf,pipeline_only,extension,pipeline_extracted,
VT,04/11/2024,Government Employees Insurance Company,19.0 Personal Auto,19.0001 Private Passenger Auto (PPA),10.800%,0.000%,638,4523,6241218,141.600%,-24.800%,rate_change,GECC-133966004,,,output/pdfs/VT/133966004/filing_summary.pdf,pipeline_only,extension,pipeline_extracted,
VT,03/22/2024,General Insurance Company of America,19.0 Personal Auto,19.0000 Personal Auto Combinations,18.100%,17.000%,3511132,10531,20601656,45.300%,-0.400%,rate_change,LBPM-134007434,,,output/pdfs/VT/134007434/filing_summary.pdf,pipeline_only,extension,pipeline_extracted,
VT,07/20/2024,General Insurance Company of America,19.0 Personal Auto,19.0003 Recreational Vehicle (RV),33.400%,32.300%,32932,113,101844,74.000%,0.000%,rate_change,LBPM-134164370,,,output/pdfs/VT/134164370/filing_summary.pdf,pipeline_only,extension,pipeline_extracted,
VT,10/19/2024,General Insurance Company of America,19.0 Personal Auto,19.0000 Personal Auto Combinations,-6.800%,-5.100%,-1056980,9005,20623712,7.200%,-13.200%,rate_change,LBPM-134287219,,,output/pdfs/VT/134287219/filing_summary.pdf,pipeline_only,extension,pipeline_extracted,
VT,10/02/2025,General Insurance Company of America,19.0 Personal Auto,19.0000 Personal Auto Combinations,-3.800%,-1.000%,-166158,7670,16403155,0.000%,-12.000%,rate_change,LBPM-134640137,,,output/pdfs/VT/134640137/filing_summary.pdf,pipeline_only,original,pipeline_extracted_in_validated_window,
VT,09/15/2024,Liberty Insurance Corporation,04.0 Homeowners,04.0000 Homeowners Sub-TOI Combinations,-7.600%,-9.870%,-1762229,7629,17851064,-2.400%,-10.500%,rate_change,LBPM-134212760,,,output/pdfs/VT/134212760/filing_summary.pdf,pipeline_only,extension,pipeline_extracted,
VT,09/23/2024,Liberty Mutual Insurance Company,19.0 Personal Auto,19.0000 Personal Auto Combinations,0.000%,0.000%,0,6,5689,0.000%,0.000%,rate_change,LBPM-133855243,,,output/pdfs/VT/133855243/filing_summary.pdf,pipeline_only,extension,pipeline_extracted,
VT,09/23/2024,Liberty Mutual Personal Insurance Company,19.0 Personal Auto,19.0000 Personal Auto Combinations,0.000%,0.000%,0,1997,3508391,0.000%,0.000%,rate_change,LBPM-133855243,,,output/pdfs/VT/133855243/filing_summary.pdf,pipeline_only,extension,pipeline_extracted,
VT,02/17/2024,Liberty Insurance Corporation,19.0 Personal Auto,19.0000 Personal Auto Combinations,24.800%,0.000%,0,0,0,0.000%,0.000%,rate_change,LBPM-133871946,,,output/pdfs/VT/133871946/filing_summary.pdf,pipeline_only,extension,pipeline_extracted,
VT,02/17/2024,Liberty Mutual Fire Insurance Company,19.0 Personal Auto,19.0000 Personal Auto Combinations,24.800%,23.000%,362667,579,1578536,31.400%,16.000%,rate_change,LBPM-133871946,,,output/pdfs/VT/133871946/filing_summary.pdf,pipeline_only,extension,pipeline_extracted,
VT,02/17/2024,The First Liberty Insurance Corporation,19.0 Personal Auto,19.0000 Personal Auto Combinations,24.800%,22.800%,40440,59,177549,31.500%,19.900%,rate_change,LBPM-133871946,,,output/pdfs/VT/133871946/filing_summary.pdf,pipeline_only,extension,pipeline_extracted,
VT,01/28/2024,Liberty Insurance Corporation,04.0 Homeowners,04.0000 Homeowners Sub-TOI Combinations,31.800%,22.200%,3546431,9314,15954956,24.100%,3.600%,rate_change,LBPM-133930803,,,output/pdfs/VT/133930803/filing_summary.pdf,pipeline_only,extension,pipeline_extracted,
VT,01/28/2024,Liberty Mutual Insurance Company,04.0 Homeowners,04.0000 Homeowners Sub-TOI Combinations,31.800%,22.800%,65186,2146,285555,26.500%,0.000%,rate_change,LBPM-133930803,,,output/pdfs/VT/133930803/filing_summary.pdf,pipeline_only,extension,pipeline_extracted,
VT,01/28/2024,Liberty Mutual Personal Insurance Company,04.0 Homeowners,04.0000 Homeowners Sub-TOI Combinations,31.800%,23.900%,233,3,973,25.000%,21.900%,rate_change,LBPM-133930803,,,output/pdfs/VT/133930803/filing_summary.pdf,pipeline_only,extension,pipeline_extracted,
VT,03/20/2024,Liberty Mutual Fire Insurance Company,04.0 Homeowners,04.0000 Homeowners Sub-TOI Combinations,31.800%,23.000%,685692,1279,3043261,23.280%,1.200%,rate_change,LBPM-133930813,,,output/pdfs/VT/133930813/filing_summary.pdf,pipeline_only,extension,pipeline_extracted,
VT,06/16/2024,Liberty Mutual Insurance Company,19.0 Personal Auto,19.0000 Personal Auto Combinations,0.000%,0.000%,0,0,0,0.000%,0.000%,rate_change,LBPM-134115653,,,output/pdfs/VT/134115653/filing_summary.pdf,pipeline_only,extension,pipeline_extracted,
VT,06/16/2024,Liberty Mutual Personal Insurance Company,19.0 Personal Auto,19.0000 Personal Auto Combinations,0.000%,0.000%,0,2208,4662381,0.000%,0.000%,rate_change,LBPM-134115653,,,output/pdfs/VT/134115653/filing_summary.pdf,pipeline_only,extension,pipeline_extracted,
VT,07/05/2024,Liberty Mutual Insurance Company,19.0 Personal Auto,19.0000 Personal Auto Combinations,-11.600%,0.000%,0,0,0,0.000%,0.000%,rate_change,LBPM-134185181,,,output/pdfs/VT/134185181/filing_summary.pdf,pipeline_only,extension,pipeline_extracted,
VT,07/05/2024,Liberty Mutual Personal Insurance Company,19.0 Personal Auto,19.0000 Personal Auto Combinations,-11.600%,-10.000%,-53483,2327,5367382,-5.900%,-12.500%,rate_change,LBPM-134185181,,,output/pdfs/VT/134185181/filing_summary.pdf,pipeline_only,extension,pipeline_extracted,
VT,08/26/2024,Liberty Insurance Corporation,19.0 Personal Auto,19.0000 Personal Auto Combinations,-11.600%,0.000%,0,0,0,0.000%,0.000%,rate_change,LBPM-134206878,,,output/pdfs/VT/134206878/filing_summary.pdf,pipeline_only,extension,pipeline_extracted,
VT,08/26/2024,Liberty Mutual Fire Insurance Company,19.0 Personal Auto,19.0000 Personal Auto Combinations,-11.600%,-10.000%,-146341,449,1463483,0.000%,-14.400%,rate_change,LBPM-134206878,,,output/pdfs/VT/134206878/filing_summary.pdf,pipeline_only,extension,pipeline_extracted,
VT,08/26/2024,The First Liberty Insurance Corporation,19.0 Personal Auto,19.0000 Personal Auto Combinations,-11.600%,-10.200%,-16563,46,162791,0.000%,-13.300%,rate_change,LBPM-134206878,,,output/pdfs/VT/134206878/filing_summary.pdf,pipeline_only,extension,pipeline_extracted,
VT,07/21/2025,Liberty Mutual Insurance Company,19.0 Personal Auto,19.0000 Personal Auto Combinations,-7.200%,0.000%,0,0,0,0.000%,0.000%,rate_change,LBPM-134210226,,,output/pdfs/VT/134210226/filing_summary.pdf,pipeline_only,original,pipeline_extracted_in_validated_window,
VT,07/21/2025,Liberty Mutual Personal Insurance Company,19.0 Personal Auto,19.0000 Personal Auto Combinations,-7.200%,-0.400%,-20198,2529,5151641,33.100%,-23.300%,rate_change,LBPM-134210226,,,output/pdfs/VT/134210226/filing_summary.pdf,pipeline_only,original,pipeline_extracted_in_validated_window,
VT,11/05/2024,Liberty Mutual Fire Insurance Company,04.0 Homeowners,04.0000 Homeowners Sub-TOI Combinations,-7.600%,-10.000%,-296376,976,2965146,-8.500%,-10.040%,rate_change,LBPM-134213397,,,output/pdfs/VT/134213397/filing_summary.pdf,pipeline_only,extension,pipeline_extracted,
VT,02/11/2025,Liberty Mutual Insurance Company,19.0 Personal Auto,19.0000 Personal Auto Combinations,0.000%,0.000%,0,0,0,0.000%,0.000%,rate_change,LBPM-134390996,,,output/pdfs/VT/134390996/filing_summary.pdf,pipeline_only,original,pipeline_extracted_in_validated_window,
VT,02/11/2025,Liberty Mutual Personal Insurance Company,19.0 Personal Auto,19.0000 Personal Auto Combinations,0.000%,0.000%,0,2198,4866813,0.000%,0.000%,rate_change,LBPM-134390996,,,output/pdfs/VT/134390996/filing_summary.pdf,pipeline_only,original,pipeline_extracted_in_validated_window,
VT,03/20/2026,Liberty Mutual Insurance Company,19.0 Personal Auto,19.0000 Personal Auto Combinations,-8.800%,0.000%,0,0,0,0.000%,0.000%,rate_change_disapproved,LBPM-134842623,Disapproved-Pending Filer Response,,output/pdfs/VT/134842623/filing_summary.pdf,pipeline_only,original,pipeline_extracted_in_validated_window,
VT,03/20/2026,Liberty Mutual Personal Insurance Company,19.0 Personal Auto,19.0000 Personal Auto Combinations,-8.800%,-3.500%,-182338,2522,5203922,12.600%,-17.700%,rate_change_disapproved,LBPM-134842623,Disapproved-Pending Filer Response,,output/pdfs/VT/134842623/filing_summary.pdf,pipeline_only,original,pipeline_extracted_in_validated_window,
VT,02/20/2025,Nationwide Mutual Insurance Company,19.0 Personal Auto,19.0001 Private Passenger Auto (PPA),6.000%,6.000%,507120,5823,8451993,84.700%,-92.200%,rate_change,NWPP-133840726,,,output/pdfs/VT/133840726/filing_summary.pdf,pipeline_only,original,pipeline_extracted_in_validated_window,
VT,01/01/2025,Nationwide General Insurance Company,04.0 Homeowners,04.0000 Homeowners Sub-TOI Combinations,17.200%,4.700%,87839,1825,1864692,35.300%,-5.300%,rate_change,NWPP-134218327,,,output/pdfs/VT/134218327/filing_summary.pdf,pipeline_only,original,pipeline_extracted_in_validated_window,
VT,01/01/2025,Nationwide Mutual Insurance Company,04.0 Homeowners,04.0000 Homeowners Sub-TOI Combinations,20.000%,7.700%,199352,1972,2573390,38.600%,3.000%,rate_change,NWPP-134218327,,,output/pdfs/VT/134218327/filing_summary.pdf,pipeline_only,original,pipeline_extracted_in_validated_window,
VT,01/01/2025,Nationwide Property and Casualty Insurance Company,04.0 Homeowners,04.0000 Homeowners Sub-TOI Combinations,11.600%,1.800%,29794,966,1621722,76.400%,0.000%,rate_change,NWPP-134218327,,,output/pdfs/VT/134218327/filing_summary.pdf,pipeline_only,original,pipeline_extracted_in_validated_window,
VT,01/01/2026,Nationwide General Insurance Company,04.0 Homeowners,04.0000 Homeowners Sub-TOI Combinations,0.000%,-2.900%,-54280,1772,1890422,3.700%,-14.200%,rate_change,NWPP-134657721,,,output/pdfs/VT/134657721/filing_summary.pdf,pipeline_only,original,pipeline_extracted_in_validated_window,
VT,01/01/2026,Nationwide Mutual Insurance Company,04.0 Homeowners,04.0000 Homeowners Sub-TOI Combinations,0.000%,0.000%,0,1849,2542991,0.000%,0.000%,rate_change,NWPP-134657721,,,output/pdfs/VT/134657721/filing_summary.pdf,pipeline_only,original,pipeline_extracted_in_validated_window,
VT,01/01/2026,Nationwide Property and Casualty Insurance Company,04.0 Homeowners,04.0000 Homeowners Sub-TOI Combinations,0.000%,0.000%,0,936,1453857,0.000%,0.000%,rate_change,NWPP-134657721,,,output/pdfs/VT/134657721/filing_summary.pdf,pipeline_only,original,pipeline_extracted_in_validated_window,
VT,06/14/2024,Progressive Direct Insurance Company,19.0 Personal Auto,19.0001 Private Passenger Auto (PPA),8.400%,7.100%,1734441,34314,24295722,113.300%,-69.100%,rate_change,PRGS-133805280,,,output/pdfs/VT/133805280/filing_summary.pdf,pipeline_only,extension,pipeline_extracted,
VT,06/14/2024,Progressive Northern Insurance Company,19.0 Personal Auto,19.0001 Private Passenger Auto (PPA),10.400%,7.600%,1896752,28967,24943913,124.300%,-59.000%,rate_change,PRGS-133806383,,,output/pdfs/VT/133806383/filing_summary.pdf,pipeline_only,extension,pipeline_extracted,
VT,,Progressive Direct Insurance Company,19.0 Personal Auto,19.0001 Private Passenger Auto (PPA),0.000%,0.000%,0,,0,0.000%,0.000%,rate_change,PRGS-134029613,,,output/pdfs/VT/134029613/filing_summary.pdf,pipeline_only,original,pipeline_extracted_in_validated_window,
VT,,Progressive Northern Insurance Company,19.0 Personal Auto,19.0001 Private Passenger Auto (PPA),0.000%,0.000%,0,,0,0.000%,0.000%,rate_change,PRGS-134029613,,,output/pdfs/VT/134029613/filing_summary.pdf,pipeline_only,original,pipeline_extracted_in_validated_window,
VT,04/11/2025,Progressive Direct Insurance Company,19.0 Personal Auto,19.0002 Motorcycle,-2.400%,-0.800%,-17080,7166,2135041,176.800%,-53.100%,rate_change,PRGS-134223962,,,output/pdfs/VT/134223962/filing_summary.pdf,pipeline_only,original,pipeline_extracted_in_validated_window,
VT,04/11/2025,Progressive Northern Insurance Company,19.0 Personal Auto,19.0002 Motorcycle,-2.400%,-4.000%,-86413,7643,2160330,139.300%,-56.400%,rate_change,PRGS-134223962,,,output/pdfs/VT/134223962/filing_summary.pdf,pipeline_only,original,pipeline_extracted_in_validated_window,
VT,04/11/2025,Progressive Direct Insurance Company,19.0 Personal Auto,19.0003 Recreational Vehicle (RV),-5.400%,-3.400%,-34413,2389,1012150,81.200%,-39.500%,rate_change,PRGS-134225098,,,output/pdfs/VT/134225098/filing_summary.pdf,pipeline_only,original,pipeline_extracted_in_validated_window,
VT,04/11/2025,Progressive Northern Insurance Company,19.0 Personal Auto,19.0003 Recreational Vehicle (RV),-5.400%,-2.400%,-37047,2894,1543619,47.600%,-28.300%,rate_change,PRGS-134225098,,,output/pdfs/VT/134225098/filing_summary.pdf,pipeline_only,original,pipeline_extracted_in_validated_window,
VT,11/15/2024,Progressive Northern Insurance Company,19.0 Personal Auto,19.0001 Private Passenger Auto (PPA),8.000%,5.100%,1396846,30898,27110385,11.500%,-15.200%,rate_change,PRGS-134309901,,,output/pdfs/VT/134309901/filing_summary.pdf,pipeline_only,extension,pipeline_extracted,
VT,11/15/2024,Progressive Direct Insurance Company,19.0 Personal Auto,19.0001 Private Passenger Auto (PPA),-3.800%,-0.500%,-124412,39244,27607549,4.300%,-7.100%,rate_change,PRGS-134309932,,,output/pdfs/VT/134309932/filing_summary.pdf,pipeline_only,extension,pipeline_extracted,
VT,,Progressive Direct Insurance Company,19.0 Personal Auto,19.0001 Private Passenger Auto (PPA),0.000%,0.000%,0,0,0,0.000%,0.000%,rate_change,PRGS-134493934,,,output/pdfs/VT/134493934/filing_summary.pdf,pipeline_only,original,pipeline_extracted_in_validated_window,
VT,,Progressive Northern Insurance Company,19.0 Personal Auto,19.0001 Private Passenger Auto (PPA),0.000%,0.000%,0,0,0,0.000%,0.000%,rate_change,PRGS-134493934,,,output/pdfs/VT/134493934/filing_summary.pdf,pipeline_only,original,pipeline_extracted_in_validated_window,
VT,07/11/2025,Progressive Direct Insurance Company,19.0 Personal Auto,19.0003 Recreational Vehicle (RV),-5.400%,-0.200%,-2000,2333,999851,2.600%,-3.900%,rate_change,PRGS-134545944,,,output/pdfs/VT/134545944/filing_summary.pdf,pipeline_only,original,pipeline_extracted_in_validated_window,
VT,07/11/2025,Progressive Northern Insurance Company,19.0 Personal Auto,19.0003 Recreational Vehicle (RV),-5.400%,0.100%,1556,2950,1555918,2.800%,-3.000%,rate_change,PRGS-134545944,,,output/pdfs/VT/134545944/filing_summary.pdf,pipeline_only,original,pipeline_extracted_in_validated_window,
VT,03/06/2026,Progressive Direct Insurance Company,19.0 Personal Auto,19.0001 Private Passenger Auto (PPA),4.300%,0.000%,-129,44982,32580875,12.600%,-17.700%,rate_change_disapproved,PRGS-134730238,Disapproved-Pending Filer Response,,output/pdfs/VT/134730238/filing_summary.pdf,pipeline_only,original,pipeline_extracted_in_validated_window,
VT,03/06/2026,Progressive Northern Insurance Company,19.0 Personal Auto,19.0001 Private Passenger Auto (PPA),2.300%,0.000%,3526,31405,29542887,19.900%,-16.500%,rate_change_disapproved,PRGS-134730256,Disapproved-Pending Filer Response,,output/pdfs/VT/134730256/filing_summary.pdf,pipeline_only,original,pipeline_extracted_in_validated_window,
VT,04/15/2024,Safeco Insurance Company of America,04.0 Homeowners,04.0000 Homeowners Sub-TOI Combinations,34.400%,24.800%,3344528,7927,13488132,55.900%,-15.100%,rate_change,LBPM-133951389,,,output/pdfs/VT/133951389/filing_summary.pdf,pipeline_only,extension,pipeline_extracted,
VT,10/29/2024,Safeco Insurance Company of Indiana,19.0 Personal Auto,19.0002 Motorcycle,16.200%,16.200%,274086,5535,1692570,28.800%,0.000%,rate_change,LBPM-134186701,,,output/pdfs/VT/134186701/filing_summary.pdf,pipeline_only,extension,pipeline_extracted,
VT,02/04/2025,Safeco Insurance Company of America,04.0 Homeowners,04.0000 Homeowners Sub-TOI Combinations,-1.200%,-5.000%,-708312,6445,14240056,-2.600%,-5.300%,rate_change,LBPM-134292043,,,output/pdfs/VT/134292043/filing_summary.pdf,pipeline_only,original,pipeline_extracted_in_validated_window,
VT,10/29/2025,Safeco Insurance Company of Indiana,19.0 Personal Auto,19.0002 Motorcycle,10.200%,10.200%,171683,4824,1677300,25.000%,0.000%,rate_change,LBPM-134665197,,,output/pdfs/VT/134665197/filing_summary.pdf,pipeline_only,original,pipeline_extracted_in_validated_window,
VT,01/01/2024,State Farm Fire and Casualty Company,19.0 Personal Auto,19.0001 Private Passenger Auto (PPA),0.000%,0.000%,0,2428,2782471,24.100%,-19.600%,rate_change,SFMA-133807570,,,output/pdfs/VT/133807570/filing_summary.pdf,pipeline_only,extension,pipeline_extracted,
VT,01/01/2024,State Farm Mutual Automobile Insurance Company,19.0 Personal Auto,19.0001 Private Passenger Auto (PPA),0.000%,0.000%,0,46622,30082391,23.000%,-23.600%,rate_change,SFMA-133807570,,,output/pdfs/VT/133807570/filing_summary.pdf,pipeline_only,extension,pipeline_extracted,
VT,04/15/2024,State Farm Fire and Casualty Company,19.0 Personal Auto,19.0000 Personal Auto Combinations,17.000%,9.500%,361820,2710,3805123,22.100%,-0.100%,rate_change,SFMA-133976389,,,output/pdfs/VT/133976389/filing_summary.pdf,pipeline_only,extension,pipeline_extracted,
VT,04/15/2024,State Farm Mutual Automobile Insurance Company,19.0 Personal Auto,19.0000 Personal Auto Combinations,10.800%,9.700%,4256828,54107,43878441,30.800%,-1.600%,rate_change,SFMA-133976389,,,output/pdfs/VT/133976389/filing_summary.pdf,pipeline_only,extension,pipeline_extracted,
VT,08/01/2024,State Farm Fire and Casualty Company,19.0 Personal Auto,19.0002 Motorcycle,0.000%,0.000%,0,229,83199,10.000%,-9.500%,rate_change,SFMA-134077173,,,output/pdfs/VT/134077173/filing_summary.pdf,pipeline_only,extension,pipeline_extracted,
VT,08/01/2024,State Farm Mutual Automobile Insurance Company,19.0 Personal Auto,19.0002 Motorcycle,0.000%,0.000%,0,2039,486260,9.500%,-9.000%,rate_change,SFMA-134077173,,,output/pdfs/VT/134077173/filing_summary.pdf,pipeline_only,extension,pipeline_extracted,
VT,07/01/2024,State Farm Fire and Casualty Company,04.0 Homeowners,04.0002 Mobile Homeowners,0.000%,0.000%,138,734,471783,5.700%,-5.100%,rate_change,SFMA-134096439,,,output/pdfs/VT/134096439/filing_summary.pdf,pipeline_only,extension,pipeline_extracted,
VT,10/01/2024,State Farm Fire and Casualty Company,04.0 Homeowners,04.0000 Homeowners Sub-TOI Combinations,12.100%,9.700%,2147343,29037,22203236,18.400%,0.000%,rate_change,SFMA-134202220,,,output/pdfs/VT/134202220/filing_summary.pdf,pipeline_only,extension,pipeline_extracted,
VT,12/01/2024,State Farm Fire and Casualty Company,04.0 Homeowners,04.0000 Homeowners Sub-TOI Combinations,,0.000%,0,29277,24612513,0.000%,0.000%,rate_change,SFMA-134229306,,,output/pdfs/VT/134229306/filing_summary.pdf,pipeline_only,extension,pipeline_extracted,
VT,04/15/2025,State Farm Fire and Casualty Company,19.0 Personal Auto,19.0001 Private Passenger Auto (PPA),0.000%,-0.900%,0,2515,3700938,23.200%,-17.500%,rate_change,SFMA-134294150,,,output/pdfs/VT/134294150/filing_summary.pdf,pipeline_only,original,pipeline_extracted_in_validated_window,
VT,04/15/2025,State Farm Mutual Automobile Insurance Company,19.0 Personal Auto,19.0001 Private Passenger Auto (PPA),0.000%,-0.900%,0,57139,51290234,30.100%,-34.500%,rate_change,SFMA-134294150,,,output/pdfs/VT/134294150/filing_summary.pdf,pipeline_only,original,pipeline_extracted_in_validated_window,
VT,06/30/2025,State Farm Fire and Casualty Company,19.0 Personal Auto,19.0000 Personal Auto Combinations,11.600%,2.200%,80673,2515,3700936,31.500%,-20.900%,rate_change_disapproved,SFMA-134498790,Disapproved-Pending Filer Response,,output/pdfs/VT/134498790/filing_summary.pdf,pipeline_only,original,pipeline_extracted_in_validated_window,
VT,06/30/2025,State Farm Mutual Automobile Insurance Company,19.0 Personal Auto,19.0000 Personal Auto Combinations,1.300%,-1.000%,-508144,57139,51298099,32.900%,-36.300%,rate_change_disapproved,SFMA-134498790,Disapproved-Pending Filer Response,,output/pdfs/VT/134498790/filing_summary.pdf,pipeline_only,original,pipeline_extracted_in_validated_window,
VT,12/05/2025,State Farm Fire and Casualty Company,19.0 Personal Auto,19.0000 Personal Auto Combinations,14.100%,0.000%,-1116,2307,3411876,6.000%,-3.400%,rate_change,SFMA-134691530,,,output/pdfs/VT/134691530/filing_summary.pdf,pipeline_only,original,pipeline_extracted_in_validated_window,
VT,12/05/2025,State Farm Mutual Automobile Insurance Company,19.0 Personal Auto,19.0000 Personal Auto Combinations,-3.600%,-9.700%,-5115550,58552,52941886,0.400%,-15.300%,rate_change,SFMA-134691530,,,output/pdfs/VT/134691530/filing_summary.pdf,pipeline_only,original,pipeline_extracted_in_validated_window,
VT,04/21/2024,Travelers Personal Insurance Company,04.0 Homeowners,04.0000 Homeowners Sub-TOI Combinations,0.000%,0.000%,0,10230,9498826,43.200%,-19.400%,rate_change,TRVD-133958749,,,output/pdfs/VT/133958749/filing_summary.pdf,pipeline_only,extension,pipeline_extracted,
VT,10/13/2024,Travelers Personal Insurance Company,04.0 Homeowners,04.0000 Homeowners Sub-TOI Combinations,13.900%,13.500%,1371126,10684,10156492,47.800%,-0.800%,rate_change,TRVD-134166022,,,output/pdfs/VT/134166022/filing_summary.pdf,pipeline_only,extension,pipeline_extracted,
VT,06/14/2025,Travelers Personal Insurance Company,04.0 Homeowners,04.0000 Homeowners Sub-TOI Combinations,32.400%,31.000%,7668,47,24734,55.400%,20.000%,rate_change,TRVD-G134383069,,,output/pdfs/VT/134411196/filing_summary.pdf,pipeline_only,original,pipeline_extracted_in_validated_window,
VT,05/18/2025,Travelers Personal Insurance Company,04.0 Homeowners,04.0000 Homeowners Sub-TOI Combinations,0.000%,0.000%,0,11543,12748293,9.400%,-26.900%,rate_change_disapproved,TRVD-G134448378,Disapproved-Final,,output/pdfs/VT/134452634/filing_summary.pdf,pipeline_only,original,pipeline_extracted_in_validated_window,
VT,02/15/2026,Travelers Personal Insurance Company,04.0 Homeowners,04.0000 Homeowners Sub-TOI Combinations,0.000%,0.000%,0,12337,14151197,12.600%,-25.800%,rate_change,TRVD-G134737976,,,output/pdfs/VT/134762506/filing_summary.pdf,pipeline_only,original,pipeline_extracted_in_validated_window,
VT,03/22/2024,United Services Automobile Association,19.0 Personal Auto,19.0001 Private Passenger Auto (PPA),18.900%,18.900%,1210004,4578,6402135,9.000%,6.500%,rate_change,USAA-133957682,,,output/pdfs/VT/133957682/filing_summary.pdf,pipeline_only,extension,pipeline_extracted,
VT,03/22/2024,USAA Casualty Insurance Company,19.0 Personal Auto,19.0001 Private Passenger Auto (PPA),21.300%,21.300%,1662669,6295,7805960,9.000%,5.600%,rate_change,USAA-133957682,,,output/pdfs/VT/133957682/filing_summary.pdf,pipeline_only,extension,pipeline_extracted,
VT,03/22/2024,USAA General Indemnity Company,19.0 Personal Auto,19.0001 Private Passenger Auto (PPA),14.900%,14.900%,531985,2781,3570369,9.000%,3.400%,rate_change,USAA-133957682,,,output/pdfs/VT/133957682/filing_summary.pdf,pipeline_only,extension,pipeline_extracted,
VT,03/22/2024,Garrison Property and Casualty Insurance Company,19.0 Personal Auto,19.0001 Private Passenger Auto (PPA),9.100%,9.100%,278163,2586,3056735,9.000%,2.800%,rate_change,USAA-133957682,,,output/pdfs/VT/133957682/filing_summary.pdf,pipeline_only,extension,pipeline_extracted,
VT,01/03/2026,United Services Automobile Association,04.0 Homeowners,04.0000 Homeowners Sub-TOI Combinations,-8.700%,-3.800%,-251584,3937,6626882,104.700%,-59.900%,rate_change,USAA-134436061,,,output/pdfs/VT/134436061/filing_summary.pdf,pipeline_only,original,pipeline_extracted_in_validated_window,
VT,01/03/2026,USAA Casualty Insurance Company,04.0 Homeowners,04.0000 Homeowners Sub-TOI Combinations,-25.900%,-12.300%,-757737,3750,6175011,133.800%,-62.900%,rate_change,USAA-134436061,,,output/pdfs/VT/134436061/filing_summary.pdf,pipeline_only,original,pipeline_extracted_in_validated_window,
VT,01/03/2026,USAA General Indemnity Company,04.0 Homeowners,04.0000 Homeowners Sub-TOI Combinations,-17.900%,-8.700%,-166279,1169,1901803,138.300%,-65.100%,rate_change,USAA-134436061,,,output/pdfs/VT/134436061/filing_summary.pdf,pipeline_only,original,pipeline_extracted_in_validated_window,
VT,01/03/2026,Garrison Property and Casualty Insurance Company,04.0 Homeowners,04.0000 Homeowners Sub-TOI Combinations,1.700%,0.000%,0,967,1545715,104.600%,-65.300%,rate_change,USAA-134436061,,,output/pdfs/VT/134436061/filing_summary.pdf,pipeline_only,original,pipeline_extracted_in_validated_window,
HI,10/21/2024,Allstate Insurance Company,19.0 Personal Auto,19.0001 Private Passenger Auto (PPA),18.100%,14.900%,11807175,54251,79242783,19.800%,4.800%,rate_change,ALSE-133895026,Approved,,output/pdfs/HI/133895026/filing_summary.pdf,pipeline_only,extension,pipeline_extracted,
HI,02/24/2025,Allstate Insurance Company,04.0 Homeowners,04.0003 Owner Occupied Homeowners,10.100%,10.100%,4387088,37424,43436519,13.500%,2.900%,rate_change,ALSE-134149645,Approved,,output/pdfs/HI/134149645/filing_summary.pdf,pipeline_only,original,pipeline_extracted_in_validated_window,
HI,03/03/2025,Allstate Insurance Company,19.0 Personal Auto,19.0001 Private Passenger Auto (PPA),0.000%,0.000%,0,0,81598036,0.000%,0.000%,rate_change,ALSE-134281935,Approved,,output/pdfs/HI/134281935/filing_summary.pdf,pipeline_only,original,pipeline_extracted_in_validated_window,
HI,03/03/2025,Allstate Indemnity Company,19.0 Personal Auto,19.0001 Private Passenger Auto (PPA),0.000%,0.000%,0,0,3728670,0.000%,0.000%,rate_change,ALSE-134281935,Approved,,output/pdfs/HI/134281935/filing_summary.pdf,pipeline_only,original,pipeline_extracted_in_validated_window,
HI,03/10/2025,Allstate Insurance Company,04.0 Homeowners,04.0001 Condominium Homeowners,16.900%,16.900%,1768302,17465,10457625,40.600%,4.900%,rate_change,ALSE-134338646,Approved,,output/pdfs/HI/134338646/filing_summary.pdf,pipeline_only,original,pipeline_extracted_in_validated_window,
HI,01/01/2026,Allstate Insurance Company,19.0 Personal Auto,19.0001 Private Passenger Auto (PPA),0.000%,0.000%,0,54251,95954484,0.000%,0.000%,rate_change,ALSE-134588656,Approved,,output/pdfs/HI/134588656/filing_summary.pdf,pipeline_only,original,pipeline_extracted_in_validated_window,
HI,01/01/2026,Allstate Indemnity Company,19.0 Personal Auto,19.0001 Private Passenger Auto (PPA),0.000%,0.000%,123980,1783,3046052,0.000%,0.000%,rate_change,ALSE-134588716,Approved,,output/pdfs/HI/134588716/filing_summary.pdf,pipeline_only,original,pipeline_extracted_in_validated_window,
HI,11/17/2025,Allstate Insurance Company,04.0 Homeowners,04.0001 Condominium Homeowners,1.200%,1.200%,138163,16489,11557555,2.200%,0.100%,rate_change,ALSE-134600149,Approved,,output/pdfs/HI/134600149/filing_summary.pdf,pipeline_only,original,pipeline_extracted_in_validated_window,
HI,11/03/2025,Allstate Insurance Company,19.0 Personal Auto,19.0001 Private Passenger Auto (PPA),0.000%,0.000%,0,0,88950162,0.000%,0.000%,rate_change,ALSE-134644593,Approved,,output/pdfs/HI/134644593/filing_summary.pdf,pipeline_only,original,pipeline_extracted_in_validated_window,
HI,11/03/2025,Allstate Indemnity Company,19.0 Personal Auto,19.0001 Private Passenger Auto (PPA),0.000%,0.000%,0,0,4773895,0.000%,0.000%,rate_change,ALSE-134644593,Approved,,output/pdfs/HI/134644593/filing_summary.pdf,pipeline_only,original,pipeline_extracted_in_validated_window,
HI,01/01/2026,Farmers Property and Casualty Insurance Company,19.0 Personal Auto,19.0001 Private Passenger Auto (PPA),0.000%,0.000%,0,53,91500,0.000%,0.000%,rate_change,FAIG-134583192,Approved,,output/pdfs/HI/134583192/filing_summary.pdf,pipeline_only,original,pipeline_extracted_in_validated_window,
HI,10/17/2024,GEICO Indemnity Company,19.0 Personal Auto,19.0002 Motorcycle,0.000%,0.000%,0,7353,3701928,73.400%,-41.900%,rate_change,GECC-134018340,Approved,,output/pdfs/HI/134018340/filing_summary.pdf,pipeline_only,extension,pipeline_extracted,
HI,05/15/2025,GEICO Indemnity Company,19.0 Personal Auto,19.0001 Private Passenger Auto (PPA),0.000%,0.000%,0,3078,79900438,9.700%,0.000%,rate_change,GECC-134353115,Approved,,output/pdfs/HI/134353115/filing_summary.pdf,pipeline_only,original,pipeline_extracted_in_validated_window,
HI,05/15/2025,GEICO Casualty Company,19.0 Personal Auto,19.0001 Private Passenger Auto (PPA),0.000%,0.000%,0,340,7148396,9.700%,0.000%,rate_change,GECC-134353115,Approved,,output/pdfs/HI/134353115/filing_summary.pdf,pipeline_only,original,pipeline_extracted_in_validated_window,
HI,05/15/2025,Government Employees Insurance Company,19.0 Personal Auto,19.0001 Private Passenger Auto (PPA),0.000%,0.000%,0,19106,157107021,9.700%,0.000%,rate_change,GECC-134353115,Approved,,output/pdfs/HI/134353115/filing_summary.pdf,pipeline_only,original,pipeline_extracted_in_validated_window,
HI,01/01/2026,GEICO Indemnity Company,19.0 Personal Auto,19.0001 Private Passenger Auto (PPA),2.600%,2.600%,2179201,52113,83815426,30.800%,-3.400%,rate_change,GECC-134579559,Approved,,output/pdfs/HI/134579559/filing_summary.pdf,pipeline_only,original,pipeline_extracted_in_validated_window,
HI,01/01/2026,GEICO Casualty Company,19.0 Personal Auto,19.0001 Private Passenger Auto (PPA),2.600%,2.600%,185023,3373,7116275,28.400%,1.200%,rate_change,GECC-134579559,Approved,,output/pdfs/HI/134579559/filing_summary.pdf,pipeline_only,original,pipeline_extracted_in_validated_window,
HI,01/01/2026,Government Employees Insurance Company,19.0 Personal Auto,19.0001 Private Passenger Auto (PPA),6.000%,4.900%,7593222,109211,154963711,39.900%,-5.800%,rate_change,GECC-134579559,Approved,,output/pdfs/HI/134579559/filing_summary.pdf,pipeline_only,original,pipeline_extracted_in_validated_window,
HI,01/01/2026,GEICO Indemnity Company,19.0 Personal Auto,19.0001 Private Passenger Auto (PPA),0.000%,0.000%,0,52113,83815426,0.000%,0.000%,rate_change,GECC-134588128,Approved,,output/pdfs/HI/134588128/filing_summary.pdf,pipeline_only,original,pipeline_extracted_in_validated_window,
HI,01/01/2026,GEICO Casualty Company,19.0 Personal Auto,19.0001 Private Passenger Auto (PPA),0.000%,0.000%,0,3373,7116275,0.000%,0.000%,rate_change,GECC-134588128,Approved,,output/pdfs/HI/134588128/filing_summary.pdf,pipeline_only,original,pipeline_extracted_in_validated_window,
HI,01/01/2026,Government Employees Insurance Company,19.0 Personal Auto,19.0001 Private Passenger Auto (PPA),0.000%,0.000%,0,109385,154963711,0.000%,0.000%,rate_change,GECC-134588128,Approved,,output/pdfs/HI/134588128/filing_summary.pdf,pipeline_only,original,pipeline_extracted_in_validated_window,
HI,01/01/2026,GEICO Indemnity Company,19.0 Personal Auto,19.0002 Motorcycle,0.000%,0.000%,0,0,3852724,0.000%,0.000%,rate_change_withdrawn,GECC-134624072,Withdrawn,,output/pdfs/HI/134624072/filing_summary.pdf,pipeline_only,original,pipeline_extracted_in_validated_window,
HI,03/19/2024,Liberty Insurance Corporation,19.0 Personal Auto,19.0000 Personal Auto Combinations,7.600%,7.000%,203933,1392,2901648,9.600%,0.500%,rate_change,LBPM-133814067,Returned,,output/pdfs/HI/133814067/filing_summary.pdf,pipeline_only,extension,pipeline_extracted,
HI,03/19/2024,Liberty Mutual Fire Insurance Company,19.0 Personal Auto,19.0000 Personal Auto Combinations,7.600%,7.400%,3248497,25906,44031805,9.900%,2.000%,rate_change,LBPM-133814067,Returned,,output/pdfs/HI/133814067/filing_summary.pdf,pipeline_only,extension,pipeline_extracted,
HI,02/23/2024,Liberty Mutual Fire Insurance Company,04.0 Homeowners,04.0000 Homeowners Sub-TOI Combinations,14.100%,13.000%,2881895,18096,22177906,22.080%,3.320%,rate_change,LBPM-133918128,Approved,,output/pdfs/HI/133918128/filing_summary.pdf,pipeline_only,extension,pipeline_extracted,
HI,09/19/2024,Liberty Insurance Corporation,19.0 Personal Auto,19.0000 Personal Auto Combinations,17.900%,11.800%,344642,1364,2916535,27.800%,3.000%,rate_change,LBPM-134029282,Approved,,output/pdfs/HI/134029282/filing_summary.pdf,pipeline_only,extension,pipeline_extracted,
HI,09/19/2024,Liberty Mutual Fire Insurance Company,19.0 Personal Auto,19.0000 Personal Auto Combinations,17.900%,12.000%,5238126,24514,43556904,29.000%,2.400%,rate_change,LBPM-134029282,Approved,,output/pdfs/HI/134029282/filing_summary.pdf,pipeline_only,extension,pipeline_extracted,
HI,09/30/2025,Liberty Mutual Fire Insurance Company,04.0 Homeowners,04.0000 Homeowners Sub-TOI Combinations,19.630%,18.100%,4905420,28091,27069934,29.200%,4.200%,rate_change,LBPM-134246754,Approved,,output/pdfs/HI/134246754/filing_summary.pdf,pipeline_only,original,pipeline_extracted_in_validated_window,
HI,09/30/2025,Liberty Mutual Insurance Company,04.0 Homeowners,04.0000 Homeowners Sub-TOI Combinations,23.300%,21.960%,61064,2053,278062,27.900%,0.000%,rate_change,LBPM-134246754,Approved,,output/pdfs/HI/134246754/filing_summary.pdf,pipeline_only,original,pipeline_extracted_in_validated_window,
HI,01/01/2026,Liberty Insurance Corporation,19.0 Personal Auto,19.0000 Personal Auto Combinations,0.000%,0.000%,0,1090,2362468,0.000%,0.000%,rate_change,LBPM-134351499,Approved,,output/pdfs/HI/134351499/filing_summary.pdf,pipeline_only,original,pipeline_extracted_in_validated_window,
HI,01/01/2026,Liberty Mutual Fire Insurance Company,19.0 Personal Auto,19.0000 Personal Auto Combinations,0.000%,0.000%,0,21671,40513791,0.000%,0.000%,rate_change,LBPM-134351499,Approved,,output/pdfs/HI/134351499/filing_summary.pdf,pipeline_only,original,pipeline_extracted_in_validated_window,
HI,03/28/2025,Progressive Advanced Insurance Company,19.0 Personal Auto,19.0002 Motorcycle,25.400%,21.800%,457719,5259,2099629,270.000%,-36.500%,rate_change,PRGS-133637047,Approved,,output/pdfs/HI/133637047/filing_summary.pdf,pipeline_only,original,pipeline_extracted_in_validated_window,
HI,03/28/2025,Progressive Preferred Insurance Company,19.0 Personal Auto,19.0002 Motorcycle,25.400%,3.100%,35894,3370,1157866,71.800%,-57.700%,rate_change,PRGS-133637047,Approved,,output/pdfs/HI/133637047/filing_summary.pdf,pipeline_only,original,pipeline_extracted_in_validated_window,
HI,03/01/2024,Progressive Advanced Insurance Company,19.0 Personal Auto,19.0001 Private Passenger Auto (PPA),11.500%,11.500%,2295370,28324,19959738,11.400%,3.000%,rate_change,PRGS-133948017,Returned,,output/pdfs/HI/133948017/filing_summary.pdf,pipeline_only,extension,pipeline_extracted,
HI,03/01/2024,Progressive Preferred Insurance Company,19.0 Personal Auto,19.0001 Private Passenger Auto (PPA),15.300%,14.100%,1958511,16194,13890151,12.000%,5.200%,rate_change,PRGS-133948017,Returned,,output/pdfs/HI/133948017/filing_summary.pdf,pipeline_only,extension,pipeline_extracted,
HI,04/05/2024,Progressive Advanced Insurance Company,19.0 Personal Auto,19.0001 Private Passenger Auto (PPA),11.800%,8.100%,1616739,28324,19959738,23.900%,0.000%,rate_change,PRGS-133999074,Approved,,output/pdfs/HI/133999074/filing_summary.pdf,pipeline_only,extension,pipeline_extracted,
HI,04/05/2024,Progressive Preferred Insurance Company,19.0 Personal Auto,19.0001 Private Passenger Auto (PPA),16.300%,8.100%,1127880,16194,13890151,23.500%,-1.200%,rate_change,PRGS-133999074,Approved,,output/pdfs/HI/133999074/filing_summary.pdf,pipeline_only,extension,pipeline_extracted,
HI,10/31/2025,Progressive Advanced Insurance Company,19.0 Personal Auto,19.0001 Private Passenger Auto (PPA),0.000%,0.000%,0,38900,28788534,0.000%,0.000%,rate_change,PRGS-134545908,Approved,,output/pdfs/HI/134545908/filing_summary.pdf,pipeline_only,original,pipeline_extracted_in_validated_window,
HI,10/31/2025,Progressive Preferred Insurance Company,19.0 Personal Auto,19.0001 Private Passenger Auto (PPA),0.000%,0.000%,0,17169,15816255,0.000%,0.000%,rate_change,PRGS-134545908,Approved,,output/pdfs/HI/134545908/filing_summary.pdf,pipeline_only,original,pipeline_extracted_in_validated_window,
HI,01/01/2026,Progressive Advanced Insurance Company,19.0 Personal Auto,19.0002 Motorcycle,0.000%,5.400%,142784,5856,2644154,41.100%,0.000%,rate_change,PRGS-134572980,Approved,,output/pdfs/HI/134572980/filing_summary.pdf,pipeline_only,original,pipeline_extracted_in_validated_window,
HI,01/01/2026,Progressive Preferred Insurance Company,19.0 Personal Auto,19.0002 Motorcycle,0.000%,5.300%,57024,3060,1075928,42.400%,-8.400%,rate_change,PRGS-134572980,Approved,,output/pdfs/HI/134572980/filing_summary.pdf,pipeline_only,original,pipeline_extracted_in_validated_window,
HI,07/15/2024,State Farm Fire and Casualty Company,04.0 Homeowners,04.0000 Homeowners Sub-TOI Combinations,11.700%,9.300%,4355914,92456,46901201,122.700%,-41.800%,rate_change,SFMA-133906101,Approved,,output/pdfs/HI/133906101/filing_summary.pdf,pipeline_only,extension,pipeline_extracted,
HI,11/29/2024,State Farm Fire and Casualty Company,19.0 Personal Auto,19.0000 Personal Auto Combinations,19.400%,8.200%,1536793,12813,18669659,29.100%,-8.100%,rate_change,SFMA-134209944,Approved,,output/pdfs/HI/134209944/filing_summary.pdf,pipeline_only,extension,pipeline_extracted,
HI,11/29/2024,State Farm Mutual Automobile Insurance Company,19.0 Personal Auto,19.0000 Personal Auto Combinations,9.800%,8.600%,16920751,231375,196259213,31.400%,-7.200%,rate_change,SFMA-134209944,Approved,,output/pdfs/HI/134209944/filing_summary.pdf,pipeline_only,extension,pipeline_extracted,
HI,01/02/2026,State Farm Fire and Casualty Company,19.0 Personal Auto,19.0001 Private Passenger Auto (PPA),0.000%,0.000%,0,12094,15401995,41.400%,-24.900%,rate_change,SFMA-134294070,Approved,,output/pdfs/HI/134294070/filing_summary.pdf,pipeline_only,original,pipeline_extracted_in_validated_window,
HI,01/02/2026,State Farm Mutual Automobile Insurance Company,19.0 Personal Auto,19.0001 Private Passenger Auto (PPA),0.000%,0.000%,0,225047,169413318,41.400%,-34.200%,rate_change,SFMA-134294070,Approved,,output/pdfs/HI/134294070/filing_summary.pdf,pipeline_only,original,pipeline_extracted_in_validated_window,
HI,11/15/2025,State Farm Fire and Casualty Company,04.0 Homeowners,04.0000 Homeowners Sub-TOI Combinations,70.200%,28.500%,45532160,98970,159875541,48.400%,0.000%,rate_change,SFMA-134436608,Approved,,output/pdfs/HI/134436608/filing_summary.pdf,pipeline_only,original,pipeline_extracted_in_validated_window,
HI,12/01/2025,State Farm Fire and Casualty Company,19.0 Personal Auto,19.0000 Personal Auto Combinations,11.700%,-2.500%,-460772,12034,18733668,20.800%,-10.100%,rate_change,SFMA-134533099,Approved,,output/pdfs/HI/134533099/filing_summary.pdf,pipeline_only,original,pipeline_extracted_in_validated_window,
HI,12/01/2025,State Farm Mutual Automobile Insurance Company,19.0 Personal Auto,19.0000 Personal Auto Combinations,-8.800%,-12.500%,-27409569,235602,220030946,21.400%,-31.600%,rate_change,SFMA-134533099,Approved,,output/pdfs/HI/134533099/filing_summary.pdf,pipeline_only,original,pipeline_extracted_in_validated_window,
HI,01/01/2026,State Farm Fire and Casualty Company,19.0 Personal Auto,19.0000 Personal Auto Combinations,,0.000%,0,12034,19387886,0.000%,0.000%,rate_change,SFMA-134583623,Approved,,output/pdfs/HI/134583623/filing_summary.pdf,pipeline_only,original,pipeline_extracted_in_validated_window,
HI,01/01/2026,State Farm Mutual Automobile Insurance Company,19.0 Personal Auto,19.0000 Personal Auto Combinations,,0.000%,0,235602,210722310,0.000%,0.000%,rate_change,SFMA-134583623,Approved,,output/pdfs/HI/134583623/filing_summary.pdf,pipeline_only,original,pipeline_extracted_in_validated_window,
HI,10/09/2024,United Services Automobile Association,19.0 Personal Auto,19.0001 Private Passenger Auto (PPA),25.300%,12.300%,5279133,26898,42919779,18.780%,-8.000%,rate_change,USAA-133859780,Approved,,output/pdfs/HI/133859780/filing_summary.pdf,pipeline_only,extension,pipeline_extracted,
HI,10/09/2024,USAA Casualty Insurance Company,19.0 Personal Auto,19.0001 Private Passenger Auto (PPA),0.000%,0.000%,0,14004,22551899,0.000%,0.000%,rate_change,USAA-133859780,Approved,,output/pdfs/HI/133859780/filing_summary.pdf,pipeline_only,extension,pipeline_extracted,
HI,10/09/2024,USAA General Indemnity Company,19.0 Personal Auto,19.0001 Private Passenger Auto (PPA),50.800%,23.300%,4921566,17602,21122600,32.620%,0.000%,rate_change,USAA-133859780,Approved,,output/pdfs/HI/133859780/filing_summary.pdf,pipeline_only,extension,pipeline_extracted,
HI,10/09/2024,Garrison Property and Casualty Insurance Company,19.0 Personal Auto,19.0001 Private Passenger Auto (PPA),23.300%,13.700%,1082782,5471,7903521,20.690%,5.170%,rate_change,USAA-133859780,Approved,,output/pdfs/HI/133859780/filing_summary.pdf,pipeline_only,extension,pipeline_extracted,
HI,04/22/2024,United Services Automobile Association,04.0 Homeowners,04.0003 Owner Occupied Homeowners,,0.000%,0,0,2105467,0.000%,0.000%,rate_change,USAA-134003887,Approved,,output/pdfs/HI/134003887/filing_summary.pdf,pipeline_only,extension,pipeline_extracted,
HI,04/22/2024,USAA Casualty Insurance Company,04.0 Homeowners,04.0003 Owner Occupied Homeowners,,0.000%,0,0,713046,0.000%,0.000%,rate_change,USAA-134003887,Approved,,output/pdfs/HI/134003887/filing_summary.pdf,pipeline_only,extension,pipeline_extracted,
HI,04/22/2024,USAA General Indemnity Company,04.0 Homeowners,04.0003 Owner Occupied Homeowners,,0.000%,0,0,476398,0.000%,0.000%,rate_change,USAA-134003887,Approved,,output/pdfs/HI/134003887/filing_summary.pdf,pipeline_only,extension,pipeline_extracted,
HI,04/22/2024,Garrison Property and Casualty Insurance Company,04.0 Homeowners,04.0003 Owner Occupied Homeowners,,0.000%,0,0,119982,0.000%,0.000%,rate_change,USAA-134003887,Approved,,output/pdfs/HI/134003887/filing_summary.pdf,pipeline_only,extension,pipeline_extracted,
HI,05/17/2025,United Services Automobile Association,19.0 Personal Auto,19.0001 Private Passenger Auto (PPA),,0.000%,0,0,43682396,0.000%,0.000%,rate_change,USAA-134245287,Approved,,output/pdfs/HI/134245287/filing_summary.pdf,pipeline_only,original,pipeline_extracted_in_validated_window,
HI,05/17/2025,USAA Casualty Insurance Company,19.0 Personal Auto,19.0001 Private Passenger Auto (PPA),,0.000%,0,0,23118304,0.000%,0.000%,rate_change,USAA-134245287,Approved,,output/pdfs/HI/134245287/filing_summary.pdf,pipeline_only,original,pipeline_extracted_in_validated_window,
HI,05/17/2025,USAA General Indemnity Company,19.0 Personal Auto,19.0001 Private Passenger Auto (PPA),,0.000%,0,0,21825789,0.000%,0.000%,rate_change,USAA-134245287,Approved,,output/pdfs/HI/134245287/filing_summary.pdf,pipeline_only,original,pipeline_extracted_in_validated_window,
HI,05/17/2025,Garrison Property and Casualty Insurance Company,19.0 Personal Auto,19.0001 Private Passenger Auto (PPA),,0.000%,0,0,8495908,0.000%,0.000%,rate_change,USAA-134245287,Approved,,output/pdfs/HI/134245287/filing_summary.pdf,pipeline_only,original,pipeline_extracted_in_validated_window,
HI,10/02/2025,United Services Automobile Association,19.0 Personal Auto,19.0001 Private Passenger Auto (PPA),1.800%,1.500%,655236,27039,43682396,5.000%,-28.000%,rate_change,USAA-134389183,Approved,,output/pdfs/HI/134389183/filing_summary.pdf,pipeline_only,original,pipeline_extracted_in_validated_window,
HI,10/02/2025,USAA Casualty Insurance Company,19.0 Personal Auto,19.0001 Private Passenger Auto (PPA),2.700%,2.700%,624194,14004,23118304,5.000%,-16.000%,rate_change,USAA-134389183,Approved,,output/pdfs/HI/134389183/filing_summary.pdf,pipeline_only,original,pipeline_extracted_in_validated_window,
HI,10/02/2025,USAA General Indemnity Company,19.0 Personal Auto,19.0001 Private Passenger Auto (PPA),7.200%,7.000%,1527805,18195,21825789,5.000%,-2.300%,rate_change,USAA-134389183,Approved,,output/pdfs/HI/134389183/filing_summary.pdf,pipeline_only,original,pipeline_extracted_in_validated_window,
HI,10/02/2025,Garrison Property and Casualty Insurance Company,19.0 Personal Auto,19.0001 Private Passenger Auto (PPA),5.300%,5.200%,441787,5889,8495908,5.000%,-0.300%,rate_change,USAA-134389183,Approved,,output/pdfs/HI/134389183/filing_summary.pdf,pipeline_only,original,pipeline_extracted_in_validated_window,
HI,01/01/2026,United Services Automobile Association,19.0 Personal Auto,19.0001 Private Passenger Auto (PPA),,0.000%,0,27249,45270197,0.000%,0.000%,rate_change,USAA-134570455,Approved,,output/pdfs/HI/134570455/filing_summary.pdf,pipeline_only,original,pipeline_extracted_in_validated_window,
HI,01/01/2026,USAA Casualty Insurance Company,19.0 Personal Auto,19.0001 Private Passenger Auto (PPA),,0.000%,0,14208,23986690,0.000%,0.000%,rate_change,USAA-134570455,Approved,,output/pdfs/HI/134570455/filing_summary.pdf,pipeline_only,original,pipeline_extracted_in_validated_window,
HI,01/01/2026,USAA General Indemnity Company,19.0 Personal Auto,19.0001 Private Passenger Auto (PPA),,0.000%,0,19295,24155417,0.000%,0.000%,rate_change,USAA-134570455,Approved,,output/pdfs/HI/134570455/filing_summary.pdf,pipeline_only,original,pipeline_extracted_in_validated_window,
HI,01/01/2026,Garrison Property and Casualty Insurance Company,19.0 Personal Auto,19.0001 Private Passenger Auto (PPA),,0.000%,0,6191,9400817,0.000%,0.000%,rate_change,USAA-134570455,Approved,,output/pdfs/HI/134570455/filing_summary.pdf,pipeline_only,original,pipeline_extracted_in_validated_window,
AK,07/08/2024,Allstate Property and Casualty Insurance Company,04.0 Homeowners,04.0003 Owner Occupied Homeowners,17.300%,15.300%,3212892,14462,20999295,18.800%,7.300%,rate_change,ALSE-133825469,Approved,,output/pdfs/AK/133825469/filing_summary.pdf,pipeline_only,extension,pipeline_extracted,
AK,02/26/2024,Allstate Property and Casualty Insurance Company,19.0 Personal Auto,19.0001 Private Passenger Auto (PPA),2.100%,2.100%,142416,3016,6781714,11.000%,-4.600%,rate_change,ALSE-133883608,Approved,,output/pdfs/AK/133883608/filing_summary.pdf,pipeline_only,extension,pipeline_extracted,
AK,02/05/2024,Allstate Insurance Company,19.0 Personal Auto,19.0001 Private Passenger Auto (PPA),,0.000%,0,5170,12967696,5.500%,-0.200%,rate_change,ALSE-133893547,Approved,,output/pdfs/AK/133893547/filing_summary.pdf,pipeline_only,extension,pipeline_extracted,
AK,02/26/2024,Allstate Fire and Casualty Insurance Company,19.0 Personal Auto,19.0001 Private Passenger Auto (PPA),18.700%,18.700%,7627533,20980,40788946,48.300%,-0.400%,rate_change,ALSE-133894801,Authorized,,output/pdfs/AK/133894801/filing_summary.pdf,pipeline_only,extension,pipeline_extracted,
AK,01/22/2024,Allstate Insurance Company,04.0 Homeowners,04.0001 Condominium Homeowners,32.900%,32.900%,479826,2839,1458477,42.500%,18.800%,rate_change,ALSE-133900226,Authorized,,output/pdfs/AK/133900226/filing_summary.pdf,pipeline_only,extension,pipeline_extracted,
AK,07/15/2024,Allstate Fire and Casualty Insurance Company,19.0 Personal Auto,19.0001 Private Passenger Auto (PPA),0.000%,0.000%,0,0,6555915,0.000%,0.000%,rate_change,ALSE-134144445,Authorized,,output/pdfs/AK/134144445/filing_summary.pdf,pipeline_only,extension,pipeline_extracted,
AK,10/07/2024,Allstate Fire and Casualty Insurance Company,19.0 Personal Auto,19.0001 Private Passenger Auto (PPA),,0.000%,0,22176,54895936,170.500%,-3.900%,rate_change,ALSE-134188643,Authorized,,output/pdfs/AK/134188643/filing_summary.pdf,pipeline_only,extension,pipeline_extracted,
AK,09/23/2024,Allstate Insurance Company,19.0 Personal Auto,19.0001 Private Passenger Auto (PPA),0.000%,0.000%,0,0,12762237,0.000%,0.000%,rate_change,ALSE-134212927,Authorized,,output/pdfs/AK/134212927/filing_summary.pdf,pipeline_only,extension,pipeline_extracted,
AK,09/23/2024,Allstate Property and Casualty Insurance Company,19.0 Personal Auto,19.0001 Private Passenger Auto (PPA),0.000%,0.000%,0,0,6555915,0.000%,0.000%,rate_change,ALSE-134212927,Authorized,,output/pdfs/AK/134212927/filing_summary.pdf,pipeline_only,extension,pipeline_extracted,
AK,09/23/2024,Allstate Indemnity Company,19.0 Personal Auto,19.0001 Private Passenger Auto (PPA),0.000%,0.000%,0,0,2594607,0.000%,0.000%,rate_change,ALSE-134212927,Authorized,,output/pdfs/AK/134212927/filing_summary.pdf,pipeline_only,extension,pipeline_extracted,
AK,01/27/2025,Allstate Insurance Company,04.0 Homeowners,04.0001 Condominium Homeowners,4.100%,4.100%,75866,2630,1862107,11.000%,0.000%,rate_change,ALSE-134341177,Authorized,,output/pdfs/AK/134341177/filing_summary.pdf,pipeline_only,original,pipeline_extracted_in_validated_window,
AK,06/10/2025,Allstate North American Insurance Company,19.0 Personal Auto,19.0001 Private Passenger Auto (PPA),0.000%,0.000%,0,961,1949606,2.100%,-2.000%,rate_change,ALSE-134482979,Authorized,,output/pdfs/AK/134482979/filing_summary.pdf,pipeline_only,original,pipeline_extracted_in_validated_window,
AK,05/19/2025,Allstate Fire and Casualty Insurance Company,19.0 Personal Auto,19.0001 Private Passenger Auto (PPA),0.000%,0.000%,0,0,6168211,0.000%,0.000%,rate_change,ALSE-134488956,Authorized,,output/pdfs/AK/134488956/filing_summary.pdf,pipeline_only,original,pipeline_extracted_in_validated_window,
AK,07/21/2025,Allstate Insurance Company,04.0 Homeowners,04.0003 Owner Occupied Homeowners,18.000%,18.000%,2232139,8024,12400774,24.700%,8.700%,rate_change,ALSE-134526211,Authorized,,output/pdfs/AK/134526211/filing_summary.pdf,pipeline_only,original,pipeline_extracted_in_validated_window,
AK,06/30/2025,Allstate Insurance Company,19.0 Personal Auto,19.0001 Private Passenger Auto (PPA),0.000%,0.000%,0,4423,12204114,0.000%,0.000%,rate_change,ALSE-134526664,Authorized,,output/pdfs/AK/134526664/filing_summary.pdf,pipeline_only,original,pipeline_extracted_in_validated_window,
AK,07/21/2025,Allstate Property and Casualty Insurance Company,04.0 Homeowners,04.0003 Owner Occupied Homeowners,15.200%,15.200%,4254676,15858,27991292,16.000%,6.900%,rate_change,ALSE-134526678,Authorized,,output/pdfs/AK/134526678/filing_summary.pdf,pipeline_only,original,pipeline_extracted_in_validated_window,
AK,06/30/2025,Allstate Fire and Casualty Insurance Company,19.0 Personal Auto,19.0001 Private Passenger Auto (PPA),0.000%,0.000%,0,21845,53942665,16.900%,-6.200%,rate_change,ALSE-134526694,Authorized,,output/pdfs/AK/134526694/filing_summary.pdf,pipeline_only,original,pipeline_extracted_in_validated_window,
AK,06/30/2025,Allstate Property and Casualty Insurance Company,19.0 Personal Auto,19.0001 Private Passenger Auto (PPA),0.000%,0.000%,0,2419,6143607,0.000%,0.000%,rate_change,ALSE-134526807,Authorized,,output/pdfs/AK/134526807/filing_summary.pdf,pipeline_only,original,pipeline_extracted_in_validated_window,
AK,08/04/2025,Allstate North American Insurance Company,19.0 Personal Auto,19.0001 Private Passenger Auto (PPA),0.000%,-0.300%,-19196,2899,6398791,0.000%,-1.100%,rate_change,ALSE-134588797,Authorized,,output/pdfs/AK/134588797/filing_summary.pdf,pipeline_only,original,pipeline_extracted_in_validated_window,
AK,09/29/2025,Allstate Insurance Company,19.0 Personal Auto,19.0001 Private Passenger Auto (PPA),0.000%,0.000%,0,0,12268168,0.000%,0.000%,rate_change,ALSE-134644601,Authorized,,output/pdfs/AK/134644601/filing_summary.pdf,pipeline_only,original,pipeline_extracted_in_validated_window,
AK,09/29/2025,Allstate Property and Casualty Insurance Company,19.0 Personal Auto,19.0001 Private Passenger Auto (PPA),0.000%,0.000%,0,0,6168211,0.000%,0.000%,rate_change,ALSE-134644601,Authorized,,output/pdfs/AK/134644601/filing_summary.pdf,pipeline_only,original,pipeline_extracted_in_validated_window,
AK,09/29/2025,Allstate Indemnity Company,19.0 Personal Auto,19.0001 Private Passenger Auto (PPA),0.000%,0.000%,0,0,2733276,0.000%,0.000%,rate_change,ALSE-134644601,Authorized,,output/pdfs/AK/134644601/filing_summary.pdf,pipeline_only,original,pipeline_extracted_in_validated_window,
AK,12/01/2025,Allstate North American Insurance Company,19.0 Personal Auto,19.0001 Private Passenger Auto (PPA),0.000%,-1.200%,-151178,5787,12598171,0.000%,0.000%,rate_change,ALSE-134719540,Authorized,,output/pdfs/AK/134719540/filing_summary.pdf,pipeline_only,original,pipeline_extracted_in_validated_window,
AK,01/26/2026,Allstate Property and Casualty Insurance Company,19.0 Personal Auto,19.0002 Motorcycle,38.000%,32.900%,174721,1604,531068,84.900%,0.000%,rate_change,ALSE-134745491,Authorized,,output/pdfs/AK/134745491/filing_summary.pdf,pipeline_only,original,pipeline_extracted_in_validated_window,
AK,01/26/2026,Allstate Property and Casualty Insurance Company,19.0 Personal Auto,19.0003 Recreational Vehicle (RV),7.100%,7.100%,66188,3048,932224,13.100%,0.000%,rate_change,ALSE-134745748,Authorized,,output/pdfs/AK/134745748/filing_summary.pdf,pipeline_only,original,pipeline_extracted_in_validated_window,
AK,02/09/2026,Allstate Insurance Company,04.0 Homeowners,04.0001 Condominium Homeowners,12.100%,12.100%,217353,2411,1796401,13.400%,7.300%,rate_change,ALSE-134765369,Authorized,,output/pdfs/AK/134765369/filing_summary.pdf,pipeline_only,original,pipeline_extracted_in_validated_window,
AK,04/07/2026,Allstate North American Insurance Company,04.0 Homeowners,04.0003 Owner Occupied Homeowners,0.000%,-5.000%,-81404,947,1628089,-3.900%,-5.200%,rate_change_pending,ALSE-134881194,Received,,output/pdfs/AK/134881194/filing_summary.pdf,pipeline_only,original,pipeline_extracted_in_validated_window,
AK,07/06/2024,COUNTRY Preferred Insurance Company,04.0 Homeowners,04.0000 Homeowners Sub-TOI Combinations,13.621%,5.255%,889927,14752,16933504,224.300%,-78.700%,rate_change,CFPC-133804773,Approved,,output/pdfs/AK/133804773/filing_summary.pdf,pipeline_only,extension,pipeline_extracted,
AK,05/29/2024,COUNTRY Mutual Insurance Company,19.0 Personal Auto,19.0000 Personal Auto Combinations,2.932%,2.472%,80069,1496,3239050,5.700%,-40.000%,rate_change,CFPC-133945376,Authorized,,output/pdfs/AK/133945376/filing_summary.pdf,pipeline_only,extension,pipeline_extracted,
AK,05/29/2024,COUNTRY Preferred Insurance Company,19.0 Personal Auto,19.0000 Personal Auto Combinations,2.932%,2.549%,173673,3573,6813382,5.500%,-40.000%,rate_change,CFPC-133945376,Authorized,,output/pdfs/AK/133945376/filing_summary.pdf,pipeline_only,extension,pipeline_extracted,
AK,05/29/2024,COUNTRY Casualty Insurance Company,19.0 Personal Auto,19.0000 Personal Auto Combinations,2.932%,3.069%,3785,48,123337,5.200%,-40.000%,rate_change,CFPC-133945376,Authorized,,output/pdfs/AK/133945376/filing_summary.pdf,pipeline_only,extension,pipeline_extracted,
AK,07/06/2025,COUNTRY Preferred Insurance Company,04.0 Homeowners,04.0000 Homeowners Sub-TOI Combinations,18.687%,11.484%,2205460,13794,19204296,45.000%,-12.500%,rate_change,CFPC-134388842,Authorized,,output/pdfs/AK/134388842/filing_summary.pdf,pipeline_only,original,pipeline_extracted_in_validated_window,
AK,12/15/2025,COUNTRY Preferred Insurance Company,04.0 Homeowners,04.0000 Homeowners Sub-TOI Combinations,0.000%,0.000%,0,0,0,0.000%,0.000%,rate_change,CFPC-134624320,Authorized,,output/pdfs/AK/134624320/filing_summary.pdf,pipeline_only,original,pipeline_extracted_in_validated_window,
AK,03/10/2024,GEICO Secure Insurance Company,19.0 Personal Auto,19.0001 Private Passenger Auto (PPA),0.000%,0.000%,0,26243,10391611,67.900%,-23.300%,rate_change,GECC-133899418,Authorized,,output/pdfs/AK/133899418/filing_summary.pdf,pipeline_only,extension,pipeline_extracted,
AK,03/10/2024,GEICO Indemnity Company,19.0 Personal Auto,19.0001 Private Passenger Auto (PPA),0.000%,0.000%,0,15441,4853420,65.600%,-17.300%,rate_change,GECC-133899418,Authorized,,output/pdfs/AK/133899418/filing_summary.pdf,pipeline_only,extension,pipeline_extracted,
AK,03/10/2024,GEICO Casualty Company,19.0 Personal Auto,19.0001 Private Passenger Auto (PPA),0.000%,0.000%,0,0,0,0.000%,0.000%,rate_change,GECC-133899418,Authorized,,output/pdfs/AK/133899418/filing_summary.pdf,pipeline_only,extension,pipeline_extracted,
AK,03/10/2024,GEICO General Insurance Company,19.0 Personal Auto,19.0001 Private Passenger Auto (PPA),0.000%,0.000%,0,54469,12100804,86.800%,-28.000%,rate_change,GECC-133899418,Authorized,,output/pdfs/AK/133899418/filing_summary.pdf,pipeline_only,extension,pipeline_extracted,
AK,03/10/2024,Government Employees Insurance Company,19.0 Personal Auto,19.0001 Private Passenger Auto (PPA),0.000%,0.000%,0,25392,5559947,83.500%,-30.700%,rate_change,GECC-133899418,Authorized,,output/pdfs/AK/133899418/filing_summary.pdf,pipeline_only,extension,pipeline_extracted,
AK,03/10/2024,GEICO Advantage Insurance Company,19.0 Personal Auto,19.0001 Private Passenger Auto (PPA),0.000%,0.000%,0,191287,45519940,142.230%,-36.300%,rate_change,GECC-133899418,Authorized,,output/pdfs/AK/133899418/filing_summary.pdf,pipeline_only,extension,pipeline_extracted,
AK,03/10/2024,GEICO Choice Insurance Company,19.0 Personal Auto,19.0001 Private Passenger Auto (PPA),0.000%,0.000%,0,76501,25408263,144.000%,-22.700%,rate_change,GECC-133899418,Authorized,,output/pdfs/AK/133899418/filing_summary.pdf,pipeline_only,extension,pipeline_extracted,
AK,11/25/2025,GEICO Indemnity Company,19.0 Personal Auto,19.0003 Recreational Vehicle (RV),0.000%,0.000%,0,89,79638,28.000%,-16.900%,rate_change,GECC-134659607,Authorized,,output/pdfs/AK/134659607/filing_summary.pdf,pipeline_only,original,pipeline_extracted_in_validated_window,
AK,11/25/2025,GEICO General Insurance Company,19.0 Personal Auto,19.0003 Recreational Vehicle (RV),0.000%,0.000%,0,509,261645,28.900%,-24.300%,rate_change,GECC-134659607,Authorized,,output/pdfs/AK/134659607/filing_summary.pdf,pipeline_only,original,pipeline_extracted_in_validated_window,
AK,11/25/2025,Government Employees Insurance Company,19.0 Personal Auto,19.0003 Recreational Vehicle (RV),0.000%,0.000%,0,282,168316,25.800%,-22.000%,rate_change,GECC-134659607,Authorized,,output/pdfs/AK/134659607/filing_summary.pdf,pipeline_only,original,pipeline_extracted_in_validated_window,
AK,11/25/2025,GEICO Advantage Insurance Company,19.0 Personal Auto,19.0003 Recreational Vehicle (RV),0.000%,0.000%,0,1462,844007,24.800%,-26.500%,rate_change,GECC-134659607,Authorized,,output/pdfs/AK/134659607/filing_summary.pdf,pipeline_only,original,pipeline_extracted_in_validated_window,
AK,11/25/2025,GEICO Choice Insurance Company,19.0 Personal Auto,19.0003 Recreational Vehicle (RV),0.000%,0.000%,0,166,187254,21.600%,-18.000%,rate_change,GECC-134659607,Authorized,,output/pdfs/AK/134659607/filing_summary.pdf,pipeline_only,original,pipeline_extracted_in_validated_window,
AK,11/25/2025,GEICO Secure Insurance Company,19.0 Personal Auto,19.0003 Recreational Vehicle (RV),0.000%,0.000%,0,191,41548,19.400%,-16.700%,rate_change,GECC-134659607,Authorized,,output/pdfs/AK/134659607/filing_summary.pdf,pipeline_only,original,pipeline_extracted_in_validated_window,
AK,04/09/2026,GEICO Casualty Company,19.0 Personal Auto,19.0001 Private Passenger Auto (PPA),-1.100%,-5.000%,-182387,3595,3647738,1.000%,-9.600%,rate_change_pending,GECC-134904117,Received,,output/pdfs/AK/134904117/filing_summary.pdf,pipeline_only,original,pipeline_extracted_in_validated_window,
AK,04/09/2026,GEICO Marine Insurance Company,19.0 Personal Auto,19.0001 Private Passenger Auto (PPA),-1.100%,-4.600%,-3481,66,75671,0.200%,-8.100%,rate_change_pending,GECC-134904117,Received,,output/pdfs/AK/134904117/filing_summary.pdf,pipeline_only,original,pipeline_extracted_in_validated_window,
AK,12/06/2024,Progressive Direct Insurance Company,19.0 Personal Auto,19.0002 Motorcycle,8.400%,3.500%,91844,7576,2624111,190.500%,-57.600%,rate_change,PRGS-133865398,Authorized,,output/pdfs/AK/133865398/filing_summary.pdf,pipeline_only,extension,pipeline_extracted,
AK,12/06/2024,Progressive Northwestern Insurance Company,19.0 Personal Auto,19.0002 Motorcycle,8.400%,-4.700%,-40190,2270,855104,135.700%,-47.100%,rate_change,PRGS-133865398,Authorized,,output/pdfs/AK/133865398/filing_summary.pdf,pipeline_only,extension,pipeline_extracted,
AK,03/15/2024,Progressive Casualty Insurance Company,19.0 Personal Auto,19.0001 Private Passenger Auto (PPA),1.700%,0.600%,107,15,17486,4.800%,-2.200%,rate_change_pending,PRGS-133991830,Received,,output/pdfs/AK/133991830/filing_summary.pdf,pipeline_only,extension,pipeline_extracted,
AK,03/15/2024,Progressive Direct Insurance Company,19.0 Personal Auto,19.0001 Private Passenger Auto (PPA),2.600%,1.500%,342651,21451,23107567,4.700%,-1.200%,rate_change_pending,PRGS-133991830,Received,,output/pdfs/AK/133991830/filing_summary.pdf,pipeline_only,extension,pipeline_extracted,
AK,03/15/2024,Progressive Northwestern Insurance Company,19.0 Personal Auto,19.0001 Private Passenger Auto (PPA),1.700%,0.600%,1596,208,260123,4.800%,-2.200%,rate_change_pending,PRGS-133991830,Received,,output/pdfs/AK/133991830/filing_summary.pdf,pipeline_only,extension,pipeline_extracted,
AK,03/15/2024,Progressive Specialty Insurance Company,19.0 Personal Auto,19.0001 Private Passenger Auto (PPA),1.700%,0.600%,66557,10681,10848770,4.800%,-2.200%,rate_change_pending,PRGS-133991830,Received,,output/pdfs/AK/133991830/filing_summary.pdf,pipeline_only,extension,pipeline_extracted,
AK,02/28/2025,Progressive Direct Insurance Company,19.0 Personal Auto,19.0003 Recreational Vehicle (RV),-2.100%,0.600%,20443,6135,3407246,88.000%,-42.500%,rate_change,PRGS-134231435,Authorized,,output/pdfs/AK/134231435/filing_summary.pdf,pipeline_only,original,pipeline_extracted_in_validated_window,
AK,02/28/2025,Progressive Northwestern Insurance Company,19.0 Personal Auto,19.0003 Recreational Vehicle (RV),-2.100%,-2.300%,-25022,1647,1087926,58.600%,-33.300%,rate_change,PRGS-134231435,Authorized,,output/pdfs/AK/134231435/filing_summary.pdf,pipeline_only,original,pipeline_extracted_in_validated_window,
AK,04/10/2026,Progressive Casualty Insurance Company,19.0 Personal Auto,19.0001 Private Passenger Auto (PPA),-5.863%,-2.990%,-247,11,8278,14.800%,-4.600%,rate_change_pending,PRGS-134901848,Received,,output/pdfs/AK/134901848/filing_summary.pdf,pipeline_only,original,pipeline_extracted_in_validated_window,
AK,04/10/2026,Progressive Direct Insurance Company,19.0 Personal Auto,19.0001 Private Passenger Auto (PPA),-3.270%,-3.310%,-1097616,31099,33201839,20.900%,-8.800%,rate_change_pending,PRGS-134901848,Received,,output/pdfs/AK/134901848/filing_summary.pdf,pipeline_only,original,pipeline_extracted_in_validated_window,
AK,04/10/2026,Progressive Northwestern Insurance Company,19.0 Personal Auto,19.0001 Private Passenger Auto (PPA),-5.863%,-2.990%,-5279,159,176617,14.800%,-4.600%,rate_change_pending,PRGS-134901848,Received,,output/pdfs/AK/134901848/filing_summary.pdf,pipeline_only,original,pipeline_extracted_in_validated_window,
AK,04/10/2026,Progressive Specialty Insurance Company,19.0 Personal Auto,19.0001 Private Passenger Auto (PPA),-5.863%,-2.990%,-365407,11887,12226080,14.800%,-4.600%,rate_change_pending,PRGS-134901848,Received,,output/pdfs/AK/134901848/filing_summary.pdf,pipeline_only,original,pipeline_extracted_in_validated_window,
AK,02/17/2024,Safeco Insurance Company of Indiana,04.0 Homeowners,04.0000 Homeowners Sub-TOI Combinations,20.400%,20.000%,3807234,12318,19078797,21.600%,5.000%,rate_change,LBPM-133920436,Authorized,,output/pdfs/AK/133920436/filing_summary.pdf,pipeline_only,extension,pipeline_extracted,
AK,02/17/2024,Safeco Insurance Company of America,04.0 Homeowners,04.0000 Homeowners Sub-TOI Combinations,20.400%,15.100%,85536,859,567244,23.500%,2.300%,rate_change,LBPM-133920436,Authorized,,output/pdfs/AK/133920436/filing_summary.pdf,pipeline_only,extension,pipeline_extracted,
AK,04/20/2024,Safeco Insurance Company of Indiana,19.0 Personal Auto,19.0000 Personal Auto Combinations,21.700%,10.000%,1927132,9336,19259915,19.600%,0.000%,rate_change,LBPM-133945073,Authorized,,output/pdfs/AK/133945073/filing_summary.pdf,pipeline_only,extension,pipeline_extracted,
AK,09/01/2024,Safeco Insurance Company of Indiana,19.0 Personal Auto,19.0003 Recreational Vehicle (RV),17.200%,17.000%,76443,549,449010,22.800%,0.000%,rate_change,LBPM-134109613,Authorized,,output/pdfs/AK/134109613/filing_summary.pdf,pipeline_only,extension,pipeline_extracted,
AK,11/11/2024,Safeco Insurance Company of Illinois,19.0 Personal Auto,19.0002 Motorcycle,14.100%,14.100%,83047,1556,590523,27.400%,0.000%,rate_change,LBPM-134153594,Authorized,,output/pdfs/AK/134153594/filing_summary.pdf,pipeline_only,extension,pipeline_extracted,
AK,12/14/2024,Safeco Insurance Company of Indiana,19.0 Personal Auto,19.0000 Personal Auto Combinations,-6.000%,-3.000%,-606723,9003,20528412,0.000%,-5.700%,rate_change,LBPM-134313457,Authorized,,output/pdfs/AK/134313457/filing_summary.pdf,pipeline_only,extension,pipeline_extracted,
AK,11/11/2025,Safeco Insurance Company of Illinois,19.0 Personal Auto,19.0002 Motorcycle,9.500%,9.500%,55469,1383,585407,23.200%,0.000%,rate_change,LBPM-134579873,Authorized,,output/pdfs/AK/134579873/filing_summary.pdf,pipeline_only,original,pipeline_extracted_in_validated_window,
AK,01/01/2024,State Farm Fire and Casualty Company,19.0 Personal Auto,19.0001 Private Passenger Auto (PPA),0.000%,0.000%,0,9299,13928197,23.500%,-24.000%,rate_change,SFMA-133814624,Authorized,,output/pdfs/AK/133814624/filing_summary.pdf,pipeline_only,extension,pipeline_extracted,
AK,01/01/2024,State Farm Mutual Automobile Insurance Company,19.0 Personal Auto,19.0001 Private Passenger Auto (PPA),0.000%,0.000%,0,175210,138828560,20.800%,-20.600%,rate_change,SFMA-133814624,Authorized,,output/pdfs/AK/133814624/filing_summary.pdf,pipeline_only,extension,pipeline_extracted,
AK,07/15/2024,State Farm Fire and Casualty Company,04.0 Homeowners,04.0000 Homeowners Sub-TOI Combinations,13.400%,8.700%,5181471,77479,59233249,22.100%,0.000%,rate_change,SFMA-134021088,Authorized,,output/pdfs/AK/134021088/filing_summary.pdf,pipeline_only,extension,pipeline_extracted,
AK,08/01/2024,State Farm Fire and Casualty Company,19.0 Personal Auto,19.0002 Motorcycle,0.000%,0.000%,0,371,174411,10.000%,-9.500%,rate_change,SFMA-134076028,Authorized,,output/pdfs/AK/134076028/filing_summary.pdf,pipeline_only,extension,pipeline_extracted,
AK,08/01/2024,State Farm Mutual Automobile Insurance Company,19.0 Personal Auto,19.0002 Motorcycle,0.000%,0.000%,0,6142,1504944,9.500%,-9.000%,rate_change,SFMA-134076028,Authorized,,output/pdfs/AK/134076028/filing_summary.pdf,pipeline_only,extension,pipeline_extracted,
AK,04/15/2025,State Farm Fire and Casualty Company,19.0 Personal Auto,19.0001 Private Passenger Auto (PPA),0.000%,0.000%,0,8768,14820478,22.100%,-18.900%,rate_change,SFMA-134293675,Authorized,,output/pdfs/AK/134293675/filing_summary.pdf,pipeline_only,original,pipeline_extracted_in_validated_window,
AK,04/15/2025,State Farm Mutual Automobile Insurance Company,19.0 Personal Auto,19.0001 Private Passenger Auto (PPA),0.000%,0.000%,0,180691,159242875,20.000%,-18.200%,rate_change,SFMA-134293675,Authorized,,output/pdfs/AK/134293675/filing_summary.pdf,pipeline_only,original,pipeline_extracted_in_validated_window,
AK,04/21/2025,State Farm Fire and Casualty Company,19.0 Personal Auto,19.0000 Personal Auto Combinations,14.900%,2.500%,401094,10159,16131053,140.000%,-11.400%,rate_change,SFMA-134388424,Authorized,,output/pdfs/AK/134388424/filing_summary.pdf,pipeline_only,original,pipeline_extracted_in_validated_window,
AK,04/21/2025,State Farm Mutual Automobile Insurance Company,19.0 Personal Auto,19.0000 Personal Auto Combinations,2.300%,-0.200%,-457061,222612,191923955,166.700%,-15.200%,rate_change,SFMA-134388424,Authorized,,output/pdfs/AK/134388424/filing_summary.pdf,pipeline_only,original,pipeline_extracted_in_validated_window,
AK,07/15/2025,State Farm Fire and Casualty Company,04.0 Homeowners,04.0000 Homeowners Sub-TOI Combinations,15.500%,11.000%,7435657,79425,67390405,18.100%,0.000%,rate_change,SFMA-134464935,Authorized,,output/pdfs/AK/134464935/filing_summary.pdf,pipeline_only,original,pipeline_extracted_in_validated_window,
AK,03/15/2026,State Farm Fire and Casualty Company,04.0 Homeowners,04.0005 Other Homeowners,23.500%,19.300%,125506,1793,648658,27.900%,0.000%,rate_change,SFMA-134737639,Authorized,,output/pdfs/AK/134737639/filing_summary.pdf,pipeline_only,original,pipeline_extracted_in_validated_window,
AK,08/30/2024,United Services Automobile Association,04.0 Homeowners,04.0003 Owner Occupied Homeowners,,0.000%,0,11044,21453676,25.000%,-82.500%,rate_change,USAA-133861378,Authorized,,output/pdfs/AK/133861378/filing_summary.pdf,pipeline_only,extension,pipeline_extracted,
AK,08/30/2024,USAA Casualty Insurance Company,04.0 Homeowners,04.0003 Owner Occupied Homeowners,,0.000%,0,6969,11998542,25.000%,-86.000%,rate_change,USAA-133861378,Authorized,,output/pdfs/AK/133861378/filing_summary.pdf,pipeline_only,extension,pipeline_extracted,
AK,08/30/2024,USAA General Indemnity Company,04.0 Homeowners,04.0003 Owner Occupied Homeowners,,0.000%,0,4815,9358626,25.000%,-68.800%,rate_change,USAA-133861378,Authorized,,output/pdfs/AK/133861378/filing_summary.pdf,pipeline_only,extension,pipeline_extracted,
AK,08/30/2024,Garrison Property and Casualty Insurance Company,04.0 Homeowners,04.0003 Owner Occupied Homeowners,,0.000%,0,2927,5477573,25.000%,-65.500%,rate_change,USAA-133861378,Authorized,,output/pdfs/AK/133861378/filing_summary.pdf,pipeline_only,extension,pipeline_extracted,
AK,05/30/2024,United Services Automobile Association,04.0 Homeowners,04.0004 Tenant Homeowners,15.400%,10.000%,96395,2816,950152,11.200%,5.000%,rate_change,USAA-133990216,Authorized,,output/pdfs/AK/133990216/filing_summary.pdf,pipeline_only,extension,pipeline_extracted,
AK,05/30/2024,USAA Casualty Insurance Company,04.0 Homeowners,04.0004 Tenant Homeowners,15.400%,10.000%,72091,2637,724456,11.300%,5.000%,rate_change,USAA-133990216,Authorized,,output/pdfs/AK/133990216/filing_summary.pdf,pipeline_only,extension,pipeline_extracted,
AK,05/30/2024,USAA General Indemnity Company,04.0 Homeowners,04.0004 Tenant Homeowners,15.400%,10.000%,100329,4279,1006855,11.300%,5.000%,rate_change,USAA-133990216,Authorized,,output/pdfs/AK/133990216/filing_summary.pdf,pipeline_only,extension,pipeline_extracted,
AK,05/30/2024,Garrison Property and Casualty Insurance Company,04.0 Homeowners,04.0004 Tenant Homeowners,15.400%,10.000%,44292,1804,446792,11.300%,5.000%,rate_change,USAA-133990216,Authorized,,output/pdfs/AK/133990216/filing_summary.pdf,pipeline_only,extension,pipeline_extracted,
AK,10/18/2025,United Services Automobile Association,19.0 Personal Auto,19.0001 Private Passenger Auto (PPA),,0.000%,0,0,34741188,0.000%,0.000%,rate_change,USAA-134333877,Authorized,,output/pdfs/AK/134333877/filing_summary.pdf,pipeline_only,original,pipeline_extracted_in_validated_window,
AK,10/18/2025,USAA Casualty Insurance Company,19.0 Personal Auto,19.0001 Private Passenger Auto (PPA),,0.000%,0,0,28627584,0.000%,0.000%,rate_change,USAA-134333877,Authorized,,output/pdfs/AK/134333877/filing_summary.pdf,pipeline_only,original,pipeline_extracted_in_validated_window,
AK,10/18/2025,USAA General Indemnity Company,19.0 Personal Auto,19.0001 Private Passenger Auto (PPA),,0.000%,0,0,26668896,0.000%,0.000%,rate_change,USAA-134333877,Authorized,,output/pdfs/AK/134333877/filing_summary.pdf,pipeline_only,original,pipeline_extracted_in_validated_window,
AK,10/18/2025,Garrison Property and Casualty Insurance Company,19.0 Personal Auto,19.0001 Private Passenger Auto (PPA),,0.000%,0,0,14194876,0.000%,0.000%,rate_change,USAA-134333877,Authorized,,output/pdfs/AK/134333877/filing_summary.pdf,pipeline_only,original,pipeline_extracted_in_validated_window,
AK,06/14/2025,United Services Automobile Association,04.0 Homeowners,04.0003 Owner Occupied Homeowners,13.900%,12.300%,2277630,11218,18564778,13.700%,6.700%,rate_change,USAA-134423223,Authorized,,output/pdfs/AK/134423223/filing_summary.pdf,pipeline_only,original,pipeline_extracted_in_validated_window,
AK,06/14/2025,USAA Casualty Insurance Company,04.0 Homeowners,04.0003 Owner Occupied Homeowners,10.800%,5.400%,545941,7150,10052644,9.100%,4.600%,rate_change,USAA-134423223,Authorized,,output/pdfs/AK/134423223/filing_summary.pdf,pipeline_only,original,pipeline_extracted_in_validated_window,
AK,06/14/2025,USAA General Indemnity Company,04.0 Homeowners,04.0003 Owner Occupied Homeowners,13.800%,9.200%,762657,4858,8324598,10.100%,6.600%,rate_change,USAA-134423223,Authorized,,output/pdfs/AK/134423223/filing_summary.pdf,pipeline_only,original,pipeline_extracted_in_validated_window,
AK,06/14/2025,Garrison Property and Casualty Insurance Company,04.0 Homeowners,04.0003 Owner Occupied Homeowners,7.700%,5.400%,259723,3176,4778778,9.300%,4.600%,rate_change,USAA-134423223,Authorized,,output/pdfs/AK/134423223/filing_summary.pdf,pipeline_only,original,pipeline_extracted_in_validated_window,
AK,07/06/2025,COUNTRY Mutual Insurance Company,19.0 Personal Auto,19.0000 Personal Auto Combinations,13.948%,9.618%,717726,2833,7462251,2162.300%,-51.000%,rate_change,CFPC-134283900,Authorized,,output/pdfs/AK/134283900/filing_summary.pdf,pipeline_only,original,pipeline_extracted_in_validated_window,
AK,07/06/2025,COUNTRY Preferred Insurance Company,19.0 Personal Auto,19.0000 Personal Auto Combinations,13.948%,9.494%,1351171,6296,14232537,2663.400%,-73.500%,rate_change,CFPC-134283900,Authorized,,output/pdfs/AK/134283900/filing_summary.pdf,pipeline_only,original,pipeline_extracted_in_validated_window,
AK,07/06/2025,COUNTRY Casualty Insurance Company,19.0 Personal Auto,19.0000 Personal Auto Combinations,13.948%,10.177%,207738,515,2041232,2022.700%,-43.700%,rate_change,CFPC-134283900,Authorized,,output/pdfs/AK/134283900/filing_summary.pdf,pipeline_only,original,pipeline_extracted_in_validated_window,
AK,08/28/2024,COUNTRY Mutual Insurance Company,19.0 Personal Auto,19.0000 Personal Auto Combinations,30.976%,11.014%,448258,1307,3177823,2090.700%,-14.400%,rate_change,CFPC-133947234,Approved,,output/pdfs/AK/133947234/filing_summary.pdf,pipeline_only,extension,pipeline_extracted,
AK,08/28/2024,COUNTRY Preferred Insurance Company,19.0 Personal Auto,19.0000 Personal Auto Combinations,30.976%,9.105%,658276,2758,5418322,1720.200%,-19.500%,rate_change,CFPC-133947234,Approved,,output/pdfs/AK/133947234/filing_summary.pdf,pipeline_only,extension,pipeline_extracted,
AK,08/28/2024,COUNTRY Casualty Insurance Company,19.0 Personal Auto,19.0000 Personal Auto Combinations,30.976%,23.733%,321170,421,1182172,1976.100%,-10.000%,rate_change,CFPC-133947234,Approved,,output/pdfs/AK/133947234/filing_summary.pdf,pipeline_only,extension,pipeline_extracted,
